-- phpMyAdmin SQL Dump
-- version 4.3.8
-- http://www.phpmyadmin.net
--
-- Host: localhost
-- Generation Time: Nov 21, 2017 at 01:13 AM
-- Server version: 5.5.51-38.2
-- PHP Version: 5.6.20

SET SQL_MODE = "NO_AUTO_VALUE_ON_ZERO";
SET time_zone = "+00:00";


/*!40101 SET @OLD_CHARACTER_SET_CLIENT=@@CHARACTER_SET_CLIENT */;
/*!40101 SET @OLD_CHARACTER_SET_RESULTS=@@CHARACTER_SET_RESULTS */;
/*!40101 SET @OLD_COLLATION_CONNECTION=@@COLLATION_CONNECTION */;
/*!40101 SET NAMES utf8 */;

--
-- Database: `tstjapan_website`
--

-- --------------------------------------------------------

--
-- Table structure for table `admin_user_role`
--

CREATE TABLE IF NOT EXISTS `admin_user_role` (
  `role_id` int(10) NOT NULL,
  `role_name` text,
  `created` datetime DEFAULT NULL,
  `modified` timestamp NULL DEFAULT CURRENT_TIMESTAMP ON UPDATE CURRENT_TIMESTAMP
) ENGINE=MyISAM AUTO_INCREMENT=5 DEFAULT CHARSET=latin1;

--
-- Dumping data for table `admin_user_role`
--

INSERT INTO `admin_user_role` (`role_id`, `role_name`, `created`, `modified`) VALUES
(1, 'Super Admin', '2016-06-22 09:53:23', '2016-06-22 20:53:23'),
(2, 'Admin', '2016-06-22 09:53:29', '2016-06-22 20:53:29'),
(3, 'User', '2016-06-22 09:53:33', '2016-06-22 20:53:33'),
(4, 'Operator', '2016-06-22 09:53:46', '2016-06-22 20:53:46');

-- --------------------------------------------------------

--
-- Table structure for table `help_category`
--

CREATE TABLE IF NOT EXISTS `help_category` (
  `id` int(10) NOT NULL,
  `help_category` varchar(255) NOT NULL,
  `slag` varchar(225) NOT NULL
) ENGINE=InnoDB DEFAULT CHARSET=latin1;

-- --------------------------------------------------------

--
-- Table structure for table `help_topics`
--

CREATE TABLE IF NOT EXISTS `help_topics` (
  `id` int(10) NOT NULL,
  `topics_title` varchar(255) NOT NULL,
  `topics_details` text NOT NULL,
  `slag` varchar(255) NOT NULL,
  `created` datetime NOT NULL,
  `modified` timestamp NOT NULL DEFAULT CURRENT_TIMESTAMP ON UPDATE CURRENT_TIMESTAMP
) ENGINE=InnoDB DEFAULT CHARSET=latin1;

-- --------------------------------------------------------

--
-- Table structure for table `tbl_attachment`
--

CREATE TABLE IF NOT EXISTS `tbl_attachment` (
  `id` int(10) NOT NULL,
  `product_id` int(10) DEFAULT NULL,
  `attachment_name` varchar(200) DEFAULT NULL
) ENGINE=MyISAM AUTO_INCREMENT=1496 DEFAULT CHARSET=latin1;

--
-- Dumping data for table `tbl_attachment`
--

INSERT INTO `tbl_attachment` (`id`, `product_id`, `attachment_name`) VALUES
(90, 10, '12.JPG'),
(224, 79, '201607311119430000002.JPG'),
(6, 10, '12.JPG'),
(7, 10, '13.JPG'),
(8, 10, '14.JPG'),
(9, 10, '15.JPG'),
(10, 10, '16.JPG'),
(11, 10, '17.JPG'),
(110, 12, '112.JPG'),
(109, 12, '111.JPG'),
(108, 12, '110.JPG'),
(226, 78, '20160731112059000000.JPG'),
(225, 79, '201607311119430000003.JPG'),
(20, 2, '116.JPG'),
(21, 2, '117.JPG'),
(22, 2, '118.JPG'),
(23, 2, '119.JPG'),
(24, 2, '120.JPG'),
(25, 2, '121.JPG'),
(26, 2, '122.JPG'),
(29, 1, '125.JPG'),
(30, 1, '126.JPG'),
(33, 4, '129.JPG'),
(34, 4, '130.JPG'),
(35, 4, '131.JPG'),
(36, 4, '132.JPG'),
(37, 4, '133.JPG'),
(38, 4, '134.JPG'),
(39, 4, '135.JPG'),
(40, 4, '136.JPG'),
(223, 79, '201607311119430000001.JPG'),
(43, 5, '139.JPG'),
(44, 5, '140.JPG'),
(45, 5, '141.JPG'),
(46, 5, '142.JPG'),
(47, 5, '143.JPG'),
(49, 6, '145.JPG'),
(50, 6, '146.JPG'),
(51, 6, '147.JPG'),
(52, 6, '148.JPG'),
(53, 6, '149.JPG'),
(54, 6, '150.JPG'),
(55, 6, '151.JPG'),
(56, 6, '152.JPG'),
(222, 79, '20160731111943000000.JPG'),
(221, 72, '201607310843280000004.JPG'),
(60, 7, '156.JPG'),
(61, 7, '157.JPG'),
(62, 7, '158.JPG'),
(63, 7, '159.JPG'),
(64, 7, '160.JPG'),
(65, 7, '161.JPG'),
(66, 7, '162.JPG'),
(67, 7, '163.JPG'),
(220, 72, '201607310843280000003.JPG'),
(70, 8, '166.JPG'),
(71, 8, '167.JPG'),
(72, 8, '168.JPG'),
(73, 8, '169.JPG'),
(74, 8, '170.JPG'),
(75, 8, '171.JPG'),
(76, 8, '172.JPG'),
(91, 10, '183.JPG'),
(219, 72, '201607310843280000002.JPG'),
(80, 9, '175.JPG'),
(81, 9, '176.JPG'),
(82, 9, '177.JPG'),
(83, 9, '178.JPG'),
(84, 9, '179.JPG'),
(85, 9, '180.JPG'),
(86, 9, '181.JPG'),
(87, 9, '182.JPG'),
(92, 10, '184.JPG'),
(93, 10, '185.JPG'),
(94, 10, '186.JPG'),
(95, 10, '187.JPG'),
(98, 11, '190.JPG'),
(99, 11, '191.JPG'),
(100, 11, '192.JPG'),
(101, 11, '193.JPG'),
(102, 11, '194.JPG'),
(103, 11, '195.JPG'),
(104, 11, '196.JPG'),
(105, 11, '197.JPG'),
(111, 12, '113.JPG'),
(112, 12, '198.JPG'),
(218, 72, '201607310843280000001.JPG'),
(217, 72, '20160731084328000000.JPG'),
(210, 70, '2016_07_31_08_36_53.JPG'),
(211, 70, '2016_07_31_08_36_531.JPG'),
(212, 70, '2016_07_31_08_36_532.JPG'),
(213, 74, '2016_07_31_08_39_15.JPG'),
(214, 74, '2016_07_31_08_39_16.JPG'),
(215, 74, '2016_07_31_08_39_161.JPG'),
(216, 74, '2016_07_31_08_39_162.JPG'),
(227, 78, '201607311120590000001.JPG'),
(228, 78, '201607311120590000002.JPG'),
(229, 78, '201607311120590000003.JPG'),
(230, 78, '201607311120590000004.JPG'),
(231, 78, '201607311120590000005.JPG'),
(232, 77, '20160731112139000000.JPG'),
(233, 77, '201607311121390000001.JPG'),
(234, 77, '201607311121390000002.JPG'),
(235, 77, '201607311121390000003.JPG'),
(236, 77, '201607311121390000004.JPG'),
(237, 77, '201607311121390000005.JPG'),
(238, 80, '20160731113012000000.JPG'),
(239, 80, '201607311130120000001.JPG'),
(240, 80, '201607311130120000002.JPG'),
(241, 80, '201607311130120000003.JPG'),
(242, 80, '201607311130120000004.JPG'),
(243, 81, '20160731113545000000.JPG'),
(244, 81, '201607311135450000001.JPG'),
(245, 81, '201607311135450000002.JPG'),
(246, 81, '201607311135450000003.JPG'),
(247, 81, '201607311135450000004.JPG'),
(248, 81, '201607311135450000005.JPG'),
(249, 81, '201607311135450000006.JPG'),
(250, 81, '201607311135450000007.JPG'),
(251, 82, '20160731114102000000.JPG'),
(252, 82, '201607311141020000001.JPG'),
(253, 82, '201607311141020000002.JPG'),
(254, 82, '201607311141020000003.JPG'),
(255, 82, '201607311141020000004.JPG'),
(256, 83, '20160731114832000000.JPG'),
(257, 83, '201607311148320000001.JPG'),
(258, 83, '201607311148320000002.JPG'),
(259, 83, '201607311148320000003.JPG'),
(263, 83, '201607311155430000001.JPG'),
(262, 83, '20160731115543000000.JPG'),
(264, 84, '20160802101223000000.JPG'),
(265, 84, '201608021012230000001.JPG'),
(266, 84, '201608021012230000002.JPG'),
(267, 84, '201608021012230000003.JPG'),
(268, 84, '201608021012230000004.JPG'),
(269, 84, '201608021012230000005.JPG'),
(270, 84, '201608021012230000006.JPG'),
(271, 84, '201608021012230000007.JPG'),
(272, 85, '20160802101826000000.JPG'),
(273, 85, '201608021018260000001.JPG'),
(274, 85, '201608021018260000002.JPG'),
(275, 85, '201608021018260000003.JPG'),
(276, 85, '201608021018260000004.JPG'),
(277, 86, '20160802102659000000.JPG'),
(278, 86, '201608021026590000001.JPG'),
(279, 86, '201608021026590000002.JPG'),
(280, 86, '201608021026590000003.JPG'),
(281, 87, '20160802103338000000.JPG'),
(282, 87, '201608021033380000001.JPG'),
(283, 87, '201608021033380000002.JPG'),
(284, 87, '201608021033380000003.JPG'),
(285, 87, '201608021033380000004.JPG'),
(286, 87, '201608021033380000005.JPG'),
(287, 87, '201608021033380000006.JPG'),
(288, 87, '201608021033380000007.JPG'),
(289, 88, '20160802105751000000.JPG'),
(290, 88, '201608021057510000001.JPG'),
(291, 88, '201608021057510000002.JPG'),
(292, 88, '201608021057510000003.JPG'),
(293, 88, '201608021057510000004.JPG'),
(294, 89, '20160802111943000000.JPG'),
(295, 89, '201608021119430000001.JPG'),
(296, 89, '201608021119430000002.JPG'),
(297, 89, '201608021119430000003.JPG'),
(298, 89, '201608021119430000004.JPG'),
(299, 89, '201608021119430000005.JPG'),
(300, 89, '201608021119430000006.JPG'),
(301, 90, '20160802114359000000.JPG'),
(302, 90, '201608021143590000001.JPG'),
(303, 90, '201608021143590000002.JPG'),
(304, 90, '201608021143590000003.JPG'),
(305, 90, '201608021143590000004.JPG'),
(306, 90, '201608021143590000005.JPG'),
(307, 90, '201608021143590000006.JPG'),
(308, 90, '201608021143590000007.JPG'),
(309, 91, '20160802115624000000.JPG'),
(310, 91, '201608021156240000001.JPG'),
(311, 91, '201608021156240000002.JPG'),
(312, 91, '201608021156240000003.JPG'),
(313, 69, '20160802120006000000.JPG'),
(314, 69, '201608021200060000001.JPG'),
(315, 69, '201608021200060000002.JPG'),
(316, 69, '201608021200060000003.JPG'),
(317, 69, '201608021200060000004.JPG'),
(318, 69, '201608021200060000005.JPG'),
(319, 69, '201608021200060000006.JPG'),
(320, 68, '20160802120150000000.JPG'),
(321, 68, '201608021201500000001.JPG'),
(322, 68, '201608021201500000002.JPG'),
(323, 68, '201608021201500000003.JPG'),
(324, 68, '201608021201500000004.JPG'),
(325, 67, '20160802120241000000.JPG'),
(326, 67, '201608021202410000001.JPG'),
(327, 67, '201608021202410000002.JPG'),
(328, 67, '201608021202410000003.JPG'),
(329, 67, '201608021202410000004.JPG'),
(330, 67, '201608021202410000005.JPG'),
(331, 66, '20160802120337000000.JPG'),
(332, 66, '201608021203370000001.JPG'),
(333, 66, '201608021203370000002.JPG'),
(334, 66, '201608021203370000003.JPG'),
(335, 66, '201608021203370000004.JPG'),
(336, 66, '201608021203370000005.JPG'),
(337, 66, '201608021203370000006.JPG'),
(338, 65, '20160802120429000000.JPG'),
(339, 65, '201608021204290000001.JPG'),
(340, 65, '201608021204290000002.JPG'),
(341, 65, '201608021204290000003.JPG'),
(342, 65, '201608021204290000004.JPG'),
(343, 65, '201608021204290000005.JPG'),
(344, 65, '201608021204290000006.JPG'),
(345, 65, '201608021204290000007.JPG'),
(346, 65, '201608021204290000008.JPG'),
(347, 65, '20160802120515000000.JPG'),
(348, 65, '201608021205150000001.JPG'),
(349, 65, '201608021205150000002.JPG'),
(350, 65, '201608021205150000003.JPG'),
(351, 65, '201608021205150000004.JPG'),
(352, 63, '20160802120600000000.JPG'),
(353, 63, '201608021206000000001.JPG'),
(354, 63, '201608021206000000002.JPG'),
(355, 63, '201608021206000000003.JPG'),
(356, 63, '201608021206000000004.JPG'),
(357, 62, '20160802120653000000.JPG'),
(358, 62, '201608021206530000001.JPG'),
(359, 62, '201608021206530000002.JPG'),
(360, 62, '201608021206530000003.JPG'),
(361, 62, '201608021206530000004.JPG'),
(362, 62, '201608021206530000005.JPG'),
(363, 62, '201608021206530000006.JPG'),
(364, 62, '201608021206530000007.JPG'),
(365, 62, '201608021206530000008.JPG'),
(366, 61, '20160802120736000000.JPG'),
(367, 61, '201608021207360000001.JPG'),
(368, 61, '201608021207360000002.JPG'),
(369, 61, '201608021207360000003.JPG'),
(370, 60, '20160803061934000000.JPG'),
(371, 60, '201608030619340000001.JPG'),
(372, 60, '201608030619340000002.JPG'),
(373, 60, '201608030619340000003.JPG'),
(374, 59, '20160803062221000000.JPG'),
(375, 59, '201608030622210000001.JPG'),
(376, 59, '201608030622210000002.JPG'),
(377, 59, '201608030622210000003.JPG'),
(378, 59, '201608030622210000004.JPG'),
(379, 59, '201608030622210000005.JPG'),
(380, 58, '20160803062316000000.JPG'),
(381, 58, '201608030623160000001.JPG'),
(382, 58, '201608030623160000002.JPG'),
(383, 58, '201608030623160000003.JPG'),
(384, 58, '201608030623160000004.JPG'),
(385, 58, '201608030623160000005.JPG'),
(386, 58, '201608030623160000006.JPG'),
(387, 58, '201608030623160000007.JPG'),
(388, 57, '20160803062358000000.JPG'),
(389, 57, '201608030623580000001.JPG'),
(390, 57, '201608030623580000002.JPG'),
(391, 57, '201608030623580000003.JPG'),
(392, 56, '20160803062453000000.JPG'),
(393, 56, '201608030624530000001.JPG'),
(394, 56, '201608030624530000002.JPG'),
(395, 56, '201608030624530000003.JPG'),
(396, 56, '201608030624530000004.JPG'),
(397, 56, '201608030624530000005.JPG'),
(398, 56, '201608030624530000006.JPG'),
(399, 55, '20160803062534000000.JPG'),
(400, 55, '201608030625340000001.JPG'),
(401, 55, '201608030625340000002.JPG'),
(402, 55, '201608030625340000003.JPG'),
(403, 55, '201608030625340000004.JPG'),
(404, 54, '20160803062614000000.JPG'),
(405, 54, '201608030626140000001.JPG'),
(406, 54, '201608030626140000002.JPG'),
(407, 54, '201608030626140000003.JPG'),
(408, 53, '20160803062657000000.JPG'),
(409, 53, '201608030626570000001.JPG'),
(410, 53, '201608030626570000002.JPG'),
(411, 53, '201608030626570000003.JPG'),
(412, 53, '201608030626570000004.JPG'),
(413, 53, '201608030626570000005.JPG'),
(414, 53, '201608030626570000006.JPG'),
(415, 52, '20160803062738000000.JPG'),
(416, 52, '201608030627380000001.JPG'),
(417, 52, '201608030627380000002.JPG'),
(418, 52, '201608030627380000003.JPG'),
(419, 52, '201608030627380000004.JPG'),
(420, 51, '20160803062820000000.JPG'),
(421, 51, '201608030628200000001.JPG'),
(422, 51, '201608030628200000002.JPG'),
(423, 51, '201608030628200000003.JPG'),
(424, 51, '201608030628200000004.JPG'),
(425, 51, '201608030628200000005.JPG'),
(426, 51, '201608030628200000006.JPG'),
(427, 50, '20160803062904000000.JPG'),
(428, 50, '201608030629040000001.JPG'),
(429, 50, '201608030629040000002.JPG'),
(430, 50, '201608030629040000003.JPG'),
(431, 50, '201608030629040000004.JPG'),
(432, 50, '201608030629040000005.JPG'),
(433, 50, '201608030629040000006.JPG'),
(434, 49, '20160803062953000000.JPG'),
(435, 49, '201608030629530000001.JPG'),
(436, 49, '201608030629530000002.JPG'),
(437, 49, '201608030629530000003.JPG'),
(438, 49, '201608030629530000004.JPG'),
(439, 49, '201608030629530000005.JPG'),
(440, 49, '201608030629530000006.JPG'),
(441, 48, '20160803063044000000.JPG'),
(442, 48, '201608030630440000001.JPG'),
(443, 48, '201608030630440000002.JPG'),
(444, 48, '201608030630440000003.JPG'),
(445, 48, '201608030630440000004.JPG'),
(446, 48, '201608030630440000005.JPG'),
(447, 48, '201608030630440000006.JPG'),
(448, 47, '20160803063138000000.JPG'),
(449, 47, '201608030631380000001.JPG'),
(450, 47, '201608030631380000002.JPG'),
(451, 47, '201608030631380000003.JPG'),
(452, 47, '201608030631380000004.JPG'),
(453, 46, '20160803063259000000.JPG'),
(454, 46, '201608030632590000001.JPG'),
(455, 46, '201608030632590000002.JPG'),
(456, 46, '201608030632590000003.JPG'),
(457, 46, '201608030632590000004.JPG'),
(458, 46, '201608030632590000005.JPG'),
(459, 46, '201608030632590000006.JPG'),
(460, 46, '201608030632590000007.JPG'),
(461, 45, '20160803063436000000.JPG'),
(462, 45, '201608030634360000001.JPG'),
(463, 45, '201608030634360000002.JPG'),
(464, 45, '201608030634360000003.JPG'),
(465, 45, '201608030634360000004.JPG'),
(466, 45, '201608030634360000005.JPG'),
(467, 45, '201608030634360000006.JPG'),
(468, 44, '20160803063542000000.JPG'),
(469, 44, '201608030635420000001.JPG'),
(470, 44, '201608030635420000002.JPG'),
(471, 44, '201608030635420000003.JPG'),
(472, 44, '201608030635420000004.JPG'),
(473, 44, '201608030635420000005.JPG'),
(474, 44, '201608030635420000006.JPG'),
(475, 44, '201608030635420000007.JPG'),
(476, 43, '20160803064231000000.JPG'),
(477, 43, '201608030642310000001.JPG'),
(478, 43, '201608030642310000002.JPG'),
(479, 43, '201608030642310000003.JPG'),
(480, 43, '201608030642310000004.JPG'),
(481, 42, '20160803064304000000.JPG'),
(482, 42, '201608030643040000001.JPG'),
(483, 42, '201608030643040000002.JPG'),
(484, 42, '201608030643040000003.JPG'),
(485, 42, '201608030643040000004.JPG'),
(486, 41, '20160803064345000000.JPG'),
(487, 41, '201608030643450000001.JPG'),
(488, 41, '201608030643450000002.JPG'),
(489, 41, '201608030643450000003.JPG'),
(490, 41, '201608030643450000004.JPG'),
(491, 41, '201608030643450000005.JPG'),
(492, 41, '201608030643450000006.JPG'),
(493, 40, '20160803064433000000.JPG'),
(494, 40, '201608030644330000001.JPG'),
(495, 40, '201608030644330000002.JPG'),
(496, 40, '201608030644330000003.JPG'),
(497, 40, '201608030644330000004.JPG'),
(498, 40, '201608030644330000005.JPG'),
(499, 40, '201608030644330000006.JPG'),
(500, 39, '20160803064511000000.JPG'),
(501, 39, '201608030645110000001.JPG'),
(502, 39, '201608030645110000002.JPG'),
(503, 39, '201608030645110000003.JPG'),
(504, 39, '201608030645110000004.JPG'),
(505, 38, '20160803064758000000.JPG'),
(506, 38, '201608030647580000001.JPG'),
(507, 38, '201608030647580000002.JPG'),
(508, 38, '201608030647580000003.JPG'),
(509, 38, '201608030647580000004.JPG'),
(510, 38, '201608030647580000005.JPG'),
(511, 37, '20160803064828000000.JPG'),
(512, 37, '201608030648280000001.JPG'),
(513, 37, '201608030648280000002.JPG'),
(514, 37, '201608030648280000003.JPG'),
(515, 37, '201608030648280000004.JPG'),
(516, 37, '201608030648280000005.JPG'),
(517, 36, '20160803064913000000.JPG'),
(518, 36, '201608030649130000001.JPG'),
(519, 36, '201608030649130000002.JPG'),
(520, 36, '201608030649130000003.JPG'),
(521, 36, '201608030649130000004.JPG'),
(522, 36, '201608030649130000005.JPG'),
(523, 36, '201608030649130000006.JPG'),
(524, 35, '20160803064953000000.JPG'),
(525, 35, '201608030649530000001.JPG'),
(526, 35, '201608030649530000002.JPG'),
(527, 35, '201608030649530000003.JPG'),
(528, 35, '201608030649530000004.JPG'),
(529, 35, '201608030649530000005.JPG'),
(530, 35, '201608030649530000006.JPG'),
(531, 34, '20160803065027000000.JPG'),
(532, 34, '201608030650270000001.JPG'),
(533, 34, '201608030650270000002.JPG'),
(534, 34, '201608030650270000003.JPG'),
(535, 34, '201608030650270000004.JPG'),
(536, 34, '201608030650270000005.JPG'),
(537, 34, '201608030650270000006.JPG'),
(538, 33, '20160803065103000000.JPG'),
(539, 33, '201608030651030000001.JPG'),
(540, 33, '201608030651030000002.JPG'),
(541, 33, '201608030651030000003.JPG'),
(542, 33, '201608030651030000004.JPG'),
(543, 33, '201608030651030000005.JPG'),
(544, 33, '201608030651030000006.JPG'),
(545, 33, '201608030651030000007.JPG'),
(546, 32, '20160803065132000000.JPG'),
(547, 32, '201608030651320000001.JPG'),
(548, 32, '201608030651320000002.JPG'),
(549, 32, '201608030651320000003.JPG'),
(550, 32, '201608030651320000004.JPG'),
(551, 32, '201608030651320000005.JPG'),
(552, 32, '201608030651320000006.JPG'),
(553, 31, '20160803065205000000.JPG'),
(554, 31, '201608030652050000001.JPG'),
(555, 31, '201608030652050000002.JPG'),
(556, 31, '201608030652050000003.JPG'),
(557, 31, '201608030652050000004.JPG'),
(558, 31, '201608030652050000005.JPG'),
(559, 30, '20160803065242000000.JPG'),
(560, 30, '201608030652420000001.JPG'),
(561, 30, '201608030652420000002.JPG'),
(562, 30, '201608030652420000003.JPG'),
(563, 30, '201608030652420000004.JPG'),
(564, 30, '201608030652420000005.JPG'),
(565, 30, '201608030652420000006.JPG'),
(566, 30, '201608030652420000007.JPG'),
(567, 29, '20160803065314000000.JPG'),
(568, 29, '201608030653140000001.JPG'),
(569, 29, '201608030653140000002.JPG'),
(570, 29, '201608030653140000003.JPG'),
(571, 29, '201608030653140000004.JPG'),
(572, 29, '201608030653140000005.JPG'),
(573, 29, '201608030653140000006.JPG'),
(574, 29, '201608030653140000007.JPG'),
(575, 26, '20160803070134000000.JPG'),
(576, 26, '201608030701340000001.JPG'),
(577, 26, '201608030701340000002.JPG'),
(578, 26, '201608030701340000003.JPG'),
(579, 26, '201608030701340000004.JPG'),
(580, 26, '201608030701340000005.JPG'),
(581, 26, '201608030701340000006.JPG'),
(582, 26, '201608030701340000007.JPG'),
(583, 26, '201608030701340000008.JPG'),
(584, 26, '20160803070258000000.JPG'),
(585, 26, '201608030702580000001.JPG'),
(586, 26, '201608030702580000002.JPG'),
(587, 26, '201608030702580000003.JPG'),
(588, 26, '201608030702580000004.JPG'),
(589, 26, '201608030702580000005.JPG'),
(590, 26, '201608030702580000006.JPG'),
(591, 26, '201608030702580000007.JPG'),
(592, 26, '201608030702580000008.JPG'),
(593, 26, '201608030702580000009.JPG'),
(594, 28, '20160803070427000000.jpg'),
(595, 28, '201608030704270000001.jpg'),
(596, 28, '201608030704270000002.jpg'),
(597, 27, '20160803070521000000.jpg'),
(598, 27, '201608030705210000001.jpg'),
(599, 24, '20160803070711000000.jpg'),
(600, 24, '201608030707110000001.jpg'),
(601, 24, '201608030707110000002.jpg'),
(602, 24, '201608030707110000003.jpg'),
(603, 24, '201608030707110000004.jpg'),
(604, 23, '20160803071928000000.JPG'),
(605, 23, '20160803071928000000.jpg'),
(606, 23, '201608030719280000001.JPG'),
(607, 23, '201608030719280000002.JPG'),
(608, 23, '201608030719280000001.jpg'),
(609, 23, '201608030719280000003.JPG'),
(610, 23, '201608030719280000002.jpg'),
(611, 22, '20160803072236000000.jpg'),
(612, 22, '201608030722360000001.jpg'),
(613, 22, '201608030722360000002.jpg'),
(614, 22, '201608030722360000003.jpg'),
(615, 22, '20160803072237000000.jpg'),
(616, 22, '201608030722370000001.jpg'),
(617, 22, '201608030722370000002.jpg'),
(618, 21, '20160803072354000000.jpg'),
(619, 21, '201608030723540000001.jpg'),
(620, 21, '201608030723540000002.jpg'),
(621, 21, '201608030723540000003.jpg'),
(622, 21, '201608030723540000004.jpg'),
(623, 21, '201608030723540000005.jpg'),
(624, 21, '201608030723540000006.jpg'),
(625, 20, '20160803072617000000.jpg'),
(626, 20, '201608030726170000001.jpg'),
(627, 20, '201608030726170000002.jpg'),
(628, 20, '201608030726170000003.jpg'),
(629, 20, '201608030726170000004.jpg'),
(630, 20, '201608030726170000005.jpg'),
(631, 19, '20160803072820000000.jpg'),
(632, 19, '201608030728200000001.jpg'),
(633, 18, '20160803073132000000.jpg'),
(634, 18, '201608030731320000001.jpg'),
(635, 18, '201608030731320000002.jpg'),
(636, 18, '201608030731320000003.jpg'),
(637, 18, '201608030731320000004.jpg'),
(638, 17, '<'),
(639, 17, '20160803073238000000.JPG'),
(640, 17, '201608030732380000001.JPG'),
(641, 17, '201608030732380000002.JPG'),
(642, 17, '201608030732380000003.JPG'),
(643, 17, '201608030732380000004.JPG'),
(644, 17, '201608030732380000005.JPG'),
(645, 17, '201608030732380000006.JPG'),
(646, 16, '20160803073321000000.JPG'),
(647, 16, '201608030733210000001.JPG'),
(648, 16, '201608030733210000002.JPG'),
(649, 16, '201608030733210000003.JPG'),
(650, 16, '201608030733210000004.JPG'),
(651, 16, '201608030733210000005.JPG'),
(652, 16, '201608030733210000006.JPG'),
(653, 15, '20160803073514000000.JPG'),
(654, 15, '201608030735140000001.JPG'),
(655, 15, '201608030735140000002.JPG'),
(656, 15, '201608030735140000003.JPG'),
(657, 15, '201608030735140000004.JPG'),
(658, 15, '201608030735140000005.JPG'),
(659, 15, '201608030735140000006.JPG'),
(660, 15, '201608030735140000007.JPG'),
(661, 15, '201608030735140000008.JPG'),
(662, 15, '201608030735140000009.JPG'),
(663, 14, '20160803073556000000.JPG'),
(664, 14, '201608030735560000001.JPG'),
(665, 14, '201608030735560000002.JPG'),
(666, 14, '201608030735560000003.JPG'),
(667, 14, '201608030735560000004.JPG'),
(668, 14, '201608030735560000005.JPG'),
(669, 13, '20160803073724000000.JPG'),
(670, 13, '201608030737240000001.JPG'),
(671, 13, '201608030737240000002.JPG'),
(672, 13, '201608030737240000003.JPG'),
(673, 13, '201608030737240000004.JPG'),
(674, 3, '20160803073843000000.JPG'),
(675, 3, '201608030738430000001.JPG'),
(676, 3, '201608030738430000002.JPG'),
(677, 3, '201608030738430000003.JPG'),
(678, 3, '201608030738430000004.JPG'),
(679, 3, '201608030738430000005.JPG'),
(680, 3, '201608030738430000006.JPG'),
(681, 92, '20160804100934000000.JPG'),
(682, 92, '201608041009340000001.JPG'),
(683, 92, '201608041009340000002.JPG'),
(684, 92, '201608041009340000003.JPG'),
(685, 92, '201608041009340000004.JPG'),
(686, 92, '201608041009340000005.JPG'),
(687, 92, '201608041009340000006.JPG'),
(688, 93, '20160804101415000000.JPG'),
(689, 93, '201608041014150000001.JPG'),
(690, 93, '201608041014150000002.JPG'),
(691, 93, '201608041014150000003.JPG'),
(692, 93, '201608041014150000004.JPG'),
(693, 93, '201608041014150000005.JPG'),
(694, 93, '201608041014150000006.JPG'),
(695, 93, '201608041014150000007.JPG'),
(696, 94, '20160804102437000000.JPG'),
(697, 94, '201608041024370000001.JPG'),
(698, 94, '201608041024370000002.JPG'),
(699, 94, '201608041024370000003.JPG'),
(700, 94, '201608041024370000004.JPG'),
(701, 94, '201608041024370000005.JPG'),
(702, 94, '201608041024370000006.JPG'),
(703, 95, '20160804103344000000.JPG'),
(704, 95, '201608041033440000001.JPG'),
(705, 95, '201608041033440000002.JPG'),
(706, 95, '201608041033440000003.JPG'),
(707, 95, '201608041033440000004.JPG'),
(708, 95, '201608041033440000005.JPG'),
(709, 95, '201608041033440000006.JPG'),
(710, 95, '201608041033440000007.JPG'),
(711, 96, '20160804103935000000.JPG'),
(712, 96, '201608041039350000001.JPG'),
(713, 96, '201608041039350000002.JPG'),
(714, 96, '201608041039350000003.JPG'),
(715, 96, '201608041039350000004.JPG'),
(716, 97, '20160804105230000000.JPG'),
(717, 97, '201608041052300000001.JPG'),
(718, 97, '201608041052300000002.JPG'),
(719, 97, '201608041052300000003.JPG'),
(720, 97, '201608041052300000004.JPG'),
(721, 97, '201608041052300000005.JPG'),
(722, 97, '201608041052300000006.JPG'),
(723, 98, '20160804105857000000.JPG'),
(724, 98, '201608041058570000001.JPG'),
(725, 98, '201608041058570000002.JPG'),
(726, 98, '201608041058570000003.JPG'),
(727, 98, '201608041058570000004.JPG'),
(728, 98, '201608041058570000005.JPG'),
(729, 98, '201608041058570000006.JPG'),
(730, 99, '20160804110254000000.JPG'),
(731, 99, '201608041102540000001.JPG'),
(732, 99, '201608041102540000002.JPG'),
(733, 99, '201608041102540000003.JPG'),
(734, 100, '20160804110705000000.JPG'),
(735, 100, '201608041107050000001.JPG'),
(736, 100, '201608041107050000002.JPG'),
(737, 100, '201608041107050000003.JPG'),
(738, 100, '201608041107050000004.JPG'),
(739, 101, '20160804111115000000.JPG'),
(740, 101, '201608041111150000001.JPG'),
(741, 101, '201608041111150000002.JPG'),
(742, 101, '201608041111150000003.JPG'),
(743, 101, '201608041111150000004.JPG'),
(744, 101, '201608041111150000005.JPG'),
(745, 101, '201608041111150000006.JPG'),
(746, 102, '20160804111410000000.JPG'),
(747, 102, '201608041114100000001.JPG'),
(748, 102, '201608041114100000002.JPG'),
(749, 102, '201608041114100000003.JPG'),
(750, 102, '201608041114100000004.JPG'),
(751, 103, '20160804111842000000.JPG'),
(752, 103, '201608041118420000001.JPG'),
(753, 103, '201608041118420000002.JPG'),
(754, 103, '201608041118420000003.JPG'),
(755, 103, '201608041118420000004.JPG'),
(756, 103, '201608041118420000005.JPG'),
(757, 103, '201608041118420000006.JPG'),
(758, 104, '20160804112216000000.JPG'),
(759, 104, '201608041122160000001.JPG'),
(760, 104, '201608041122160000002.JPG'),
(761, 104, '201608041122160000003.JPG'),
(762, 104, '201608041122160000004.JPG'),
(763, 105, '20160804112537000000.JPG'),
(764, 105, '201608041125370000001.JPG'),
(765, 105, '201608041125370000002.JPG'),
(766, 105, '201608041125370000003.JPG'),
(767, 105, '201608041125370000004.JPG'),
(768, 106, '<'),
(769, 106, '20160804112834000000.JPG'),
(770, 106, '201608041128340000001.JPG'),
(771, 106, '201608041128340000002.JPG'),
(772, 106, '201608041128340000003.JPG'),
(773, 106, '201608041128340000004.JPG'),
(774, 107, '20160804113553000000.JPG'),
(775, 107, '201608041135530000001.JPG'),
(776, 107, '201608041135530000002.JPG'),
(777, 107, '201608041135530000003.JPG'),
(778, 107, '201608041135530000004.JPG'),
(779, 107, '201608041135530000005.JPG'),
(780, 107, '201608041135530000006.JPG'),
(781, 108, '20160804114009000000.JPG'),
(782, 108, '201608041140090000001.JPG'),
(783, 108, '201608041140090000002.JPG'),
(784, 108, '201608041140090000003.JPG'),
(785, 108, '201608041140090000004.JPG'),
(786, 108, '201608041140090000005.JPG'),
(787, 108, '201608041140090000006.JPG'),
(788, 108, '201608041140090000007.JPG'),
(789, 108, '201608041140090000008.JPG'),
(790, 108, '201608041140090000009.JPG'),
(791, 109, '20160804114356000000.JPG'),
(792, 109, '201608041143560000001.JPG'),
(793, 109, '201608041143560000002.JPG'),
(794, 109, '201608041143560000003.JPG'),
(795, 109, '201608041143560000004.JPG'),
(796, 109, '201608041143560000005.JPG'),
(797, 110, '20160804114702000000.JPG'),
(798, 110, '201608041147020000001.JPG'),
(799, 110, '201608041147020000002.JPG'),
(800, 110, '201608041147020000003.JPG'),
(801, 110, '201608041147020000004.JPG'),
(802, 110, '201608041147020000005.JPG'),
(803, 110, '201608041147020000006.JPG'),
(804, 110, '201608041147020000007.JPG'),
(805, 111, '20160804115035000000.JPG'),
(806, 111, '201608041150350000001.JPG'),
(807, 111, '201608041150350000002.JPG'),
(808, 111, '201608041150350000003.JPG'),
(809, 111, '201608041150350000004.JPG'),
(810, 111, '201608041150350000005.JPG'),
(811, 111, '201608041150350000006.JPG'),
(812, 112, '20160804115421000000.JPG'),
(813, 112, '201608041154210000001.JPG'),
(814, 112, '201608041154210000002.JPG'),
(815, 112, '201608041154210000003.JPG'),
(816, 112, '201608041154210000004.JPG'),
(817, 112, '201608041154210000005.JPG'),
(818, 112, '201608041154210000006.JPG'),
(819, 113, '20160804115754000000.JPG'),
(820, 113, '201608041157540000001.JPG'),
(821, 113, '201608041157540000002.JPG'),
(822, 113, '201608041157540000003.JPG'),
(823, 113, '201608041157540000004.JPG'),
(824, 114, '20160804120115000000.JPG'),
(825, 114, '201608041201150000001.JPG'),
(826, 114, '201608041201150000002.JPG'),
(827, 114, '201608041201150000003.JPG'),
(828, 115, '20160804120518000000.JPG'),
(829, 115, '201608041205180000001.JPG'),
(830, 115, '201608041205180000002.JPG'),
(831, 115, '201608041205180000003.JPG'),
(832, 115, '201608041205180000004.JPG'),
(833, 115, '201608041205180000005.JPG'),
(834, 115, '201608041205180000006.JPG'),
(835, 116, '20160804121002000000.JPG'),
(836, 116, '201608041210020000001.JPG'),
(837, 116, '201608041210020000002.JPG'),
(838, 116, '201608041210020000003.JPG'),
(839, 116, '201608041210020000004.JPG'),
(840, 116, '201608041210020000005.JPG'),
(841, 116, '201608041210020000006.JPG'),
(842, 117, '20160804121315000000.JPG'),
(843, 117, '201608041213150000001.JPG'),
(844, 117, '201608041213150000002.JPG'),
(845, 117, '201608041213150000003.JPG'),
(846, 117, '201608041213150000004.JPG'),
(847, 117, '201608041213150000005.JPG'),
(848, 117, '201608041213150000006.JPG'),
(849, 117, '201608041213150000007.JPG'),
(850, 118, '20160804121615000000.JPG'),
(851, 118, '201608041216150000001.JPG'),
(852, 118, '201608041216150000002.JPG'),
(853, 118, '201608041216150000003.JPG'),
(854, 118, '201608041216150000004.JPG'),
(855, 118, '201608041216150000005.JPG'),
(856, 118, '201608041216150000006.JPG'),
(857, 118, '201608041216150000007.JPG'),
(858, 119, '20160807095942000000.JPG'),
(859, 119, '201608070959420000001.JPG'),
(860, 119, '201608070959420000002.JPG'),
(861, 119, '201608070959420000003.JPG'),
(862, 119, '201608070959420000004.JPG'),
(863, 119, '20160807095942000000.jpg'),
(864, 119, '201608070959420000001.jpg'),
(865, 119, '201608070959420000002.jpg'),
(866, 119, '201608070959420000003.jpg'),
(867, 120, '20160807101132000000.JPG'),
(868, 120, '20160807101132000000.jpg'),
(869, 120, '201608071011320000001.jpg'),
(870, 120, '201608071011320000002.jpg'),
(871, 120, '201608071011320000003.jpg'),
(872, 120, '201608071011320000004.jpg'),
(873, 120, '201608071011320000005.jpg'),
(874, 120, '201608071011320000001.JPG'),
(875, 121, '20160807104744000000.JPG'),
(876, 121, '201608071047440000001.JPG'),
(877, 121, '201608071047440000002.JPG'),
(878, 121, '20160807104744000000.jpg'),
(879, 121, '201608071047440000001.jpg'),
(880, 121, '201608071047440000002.jpg'),
(881, 121, '201608071047440000003.jpg'),
(882, 121, '201608071047440000004.jpg'),
(883, 121, '201608071047440000005.jpg'),
(884, 122, '20160807105512000000.JPG'),
(885, 122, '201608071055120000001.JPG'),
(886, 122, '201608071055120000002.JPG'),
(887, 122, '20160807105512000000.jpg'),
(888, 122, '201608071055120000001.jpg'),
(889, 122, '201608071055120000002.jpg'),
(890, 122, '201608071055120000003.jpg'),
(891, 122, '201608071055120000004.jpg'),
(892, 122, '201608071055120000005.jpg'),
(893, 122, '201608071055120000006.jpg'),
(894, 123, '20160807110014000000.JPG'),
(895, 123, '201608071100140000001.JPG'),
(896, 123, '201608071100140000002.JPG'),
(897, 123, '201608071100140000003.JPG'),
(898, 123, '201608071100140000004.JPG'),
(899, 123, '20160807110014000000.jpg'),
(900, 123, '201608071100140000001.jpg'),
(901, 123, '201608071100140000002.jpg'),
(902, 123, '201608071100140000003.jpg'),
(903, 123, '201608071100140000004.jpg'),
(904, 124, '20160807110424000000.JPG'),
(905, 124, '201608071104240000001.JPG'),
(906, 124, '201608071104240000002.JPG'),
(907, 124, '20160807110424000000.jpg'),
(908, 124, '201608071104240000001.jpg'),
(909, 124, '201608071104240000002.jpg'),
(910, 124, '201608071104240000003.jpg'),
(911, 124, '201608071104240000004.jpg'),
(912, 124, '201608071104240000005.jpg'),
(913, 124, '201608071104240000006.jpg'),
(914, 125, '20160807110813000000.JPG'),
(915, 125, '201608071108130000001.JPG'),
(916, 125, '201608071108130000002.JPG'),
(917, 125, '201608071108130000003.JPG'),
(918, 125, '20160807110813000000.jpg'),
(919, 125, '201608071108130000001.jpg'),
(920, 125, '201608071108130000002.jpg'),
(921, 125, '201608071108130000003.jpg'),
(922, 125, '201608071108130000004.jpg'),
(923, 125, '201608071108130000005.jpg'),
(924, 126, '20160807111202000000.JPG'),
(925, 126, '201608071112020000001.JPG'),
(926, 126, '201608071112020000002.JPG'),
(927, 126, '20160807111202000000.jpg'),
(928, 126, '201608071112020000001.jpg'),
(929, 126, '201608071112020000002.jpg'),
(930, 126, '201608071112020000003.jpg'),
(931, 126, '201608071112020000004.jpg'),
(932, 127, '20160807111542000000.JPG'),
(933, 127, '201608071115420000001.JPG'),
(934, 127, '201608071115420000002.JPG'),
(935, 127, '201608071115420000003.JPG'),
(936, 127, '201608071115420000004.JPG'),
(937, 127, '201608071115420000005.JPG'),
(938, 127, '20160807111542000000.jpg'),
(939, 127, '201608071115420000001.jpg'),
(940, 127, '201608071115420000002.jpg'),
(941, 127, '201608071115420000003.jpg'),
(942, 128, '20160808064415000000.JPG'),
(943, 128, '201608080644150000001.JPG'),
(944, 128, '201608080644150000002.JPG'),
(945, 128, '201608080644150000003.JPG'),
(946, 128, '201608080644150000004.JPG'),
(947, 128, '201608080644150000005.JPG'),
(948, 128, '201608080644150000006.JPG'),
(949, 128, '201608080644150000007.JPG'),
(950, 128, '20160808064415000000.jpg'),
(951, 128, '201608080644150000001.jpg'),
(952, 129, '20160808065004000000.JPG'),
(953, 129, '201608080650040000001.JPG'),
(954, 129, '201608080650040000002.JPG'),
(955, 129, '201608080650040000003.JPG'),
(956, 129, '20160808065004000000.jpg'),
(957, 129, '201608080650040000001.jpg'),
(958, 129, '201608080650040000002.jpg'),
(959, 129, '201608080650040000003.jpg'),
(960, 129, '201608080650040000004.jpg'),
(961, 129, '201608080650040000005.jpg'),
(962, 130, '20160808065706000000.JPG'),
(963, 130, '201608080657060000001.JPG'),
(964, 130, '201608080657060000002.JPG'),
(965, 130, '201608080657060000003.JPG'),
(966, 130, '20160808065706000000.jpg'),
(967, 130, '201608080657060000001.jpg'),
(968, 130, '201608080657060000002.jpg'),
(969, 130, '201608080657060000003.jpg'),
(970, 130, '201608080657060000004.jpg'),
(971, 130, '201608080657060000005.jpg'),
(972, 131, '20160808105956000000.JPG'),
(973, 131, '201608081059560000001.JPG'),
(974, 131, '201608081059560000002.JPG'),
(975, 131, '201608081059560000003.JPG'),
(976, 131, '201608081059560000004.JPG'),
(977, 131, '201608081059560000005.JPG'),
(978, 131, '20160808105956000000.jpg'),
(979, 131, '201608081059560000001.jpg'),
(980, 131, '201608081059560000002.jpg'),
(981, 131, '201608081059560000003.jpg'),
(982, 132, '20160808110534000000.JPG'),
(983, 132, '201608081105340000001.JPG'),
(984, 132, '201608081105340000002.JPG'),
(985, 132, '201608081105340000003.JPG'),
(986, 132, '20160808110534000000.jpg'),
(987, 132, '201608081105340000001.jpg'),
(988, 132, '201608081105340000002.jpg'),
(989, 132, '201608081105340000003.jpg'),
(990, 132, '201608081105340000004.JPG'),
(991, 132, '201608081105340000005.JPG'),
(992, 133, '20160808110931000000.JPG'),
(993, 133, '201608081109310000001.JPG'),
(994, 133, '201608081109310000002.JPG'),
(995, 133, '201608081109310000003.JPG'),
(996, 133, '201608081109310000004.JPG'),
(997, 133, '20160808110931000000.jpg'),
(998, 133, '201608081109310000001.jpg'),
(999, 133, '201608081109310000002.jpg'),
(1000, 133, '201608081109310000003.jpg'),
(1001, 133, '201608081109310000004.jpg'),
(1002, 134, '20160808112451000000.JPG'),
(1003, 134, '201608081124510000001.JPG'),
(1004, 134, '201608081124510000002.JPG'),
(1005, 134, '201608081124510000003.JPG'),
(1006, 134, '20160808112451000000.jpg'),
(1007, 134, '201608081124510000001.jpg'),
(1008, 134, '201608081124510000002.jpg'),
(1009, 134, '201608081124510000003.jpg'),
(1010, 134, '201608081124510000004.jpg'),
(1011, 135, '20160808113029000000.JPG'),
(1012, 135, '201608081130290000001.JPG'),
(1013, 135, '201608081130290000002.JPG'),
(1014, 135, '201608081130290000003.JPG'),
(1015, 135, '20160808113029000000.jpg'),
(1016, 135, '201608081130290000001.jpg'),
(1017, 135, '201608081130290000002.jpg'),
(1018, 135, '201608081130290000003.jpg'),
(1019, 135, '201608081130290000004.jpg'),
(1020, 135, '201608081130290000005.jpg'),
(1021, 136, '20160808113547000000.JPG'),
(1022, 136, '201608081135470000001.JPG'),
(1023, 136, '201608081135470000002.JPG'),
(1024, 136, '201608081135470000003.JPG'),
(1025, 136, '201608081135470000004.JPG'),
(1026, 136, '201608081135470000005.JPG'),
(1027, 136, '20160808113547000000.jpg'),
(1028, 136, '201608081135470000001.jpg'),
(1029, 136, '201608081135470000002.jpg'),
(1030, 136, '201608081135470000003.jpg'),
(1031, 137, '20160808114033000000.JPG'),
(1032, 137, '201608081140330000001.JPG'),
(1033, 137, '201608081140330000002.JPG'),
(1034, 137, '201608081140330000003.JPG'),
(1035, 137, '201608081140330000004.JPG'),
(1036, 137, '201608081140330000005.JPG'),
(1037, 137, '20160808114033000000.jpg'),
(1038, 137, '201608081140330000001.jpg'),
(1039, 137, '201608081140330000002.jpg'),
(1040, 137, '201608081140330000003.jpg'),
(1041, 138, '20160808114510000000.JPG'),
(1042, 138, '201608081145100000001.JPG'),
(1043, 138, '201608081145100000002.JPG'),
(1044, 138, '201608081145100000003.JPG'),
(1045, 138, '201608081145100000004.JPG'),
(1046, 138, '20160808114510000000.jpg'),
(1047, 138, '201608081145100000001.jpg'),
(1048, 138, '201608081145100000002.jpg'),
(1049, 138, '201608081145100000003.jpg'),
(1050, 138, '201608081145100000004.jpg'),
(1051, 139, '20160808114903000000.JPG'),
(1052, 139, '201608081149030000001.JPG'),
(1053, 139, '201608081149030000002.JPG'),
(1054, 139, '201608081149030000003.JPG'),
(1055, 139, '201608081149030000004.JPG'),
(1056, 139, '201608081149030000005.JPG'),
(1057, 139, '201608081149030000006.JPG'),
(1058, 139, '20160808114903000000.jpg'),
(1059, 139, '201608081149030000001.jpg'),
(1060, 139, '201608081149030000007.JPG'),
(1061, 140, '20160808115301000000.JPG'),
(1062, 140, '201608081153010000001.JPG'),
(1063, 140, '201608081153010000002.JPG'),
(1064, 140, '201608081153010000003.JPG'),
(1065, 140, '201608081153010000004.JPG'),
(1066, 140, '201608081153010000005.JPG'),
(1067, 140, '20160808115301000000.jpg'),
(1068, 140, '201608081153010000001.jpg'),
(1069, 140, '201608081153010000002.jpg'),
(1070, 141, '20160808115713000000.JPG'),
(1071, 141, '201608081157130000001.JPG'),
(1072, 141, '201608081157130000002.JPG'),
(1073, 141, '201608081157130000003.JPG'),
(1074, 141, '201608081157130000004.JPG'),
(1075, 141, '201608081157130000005.JPG'),
(1076, 141, '20160808115713000000.jpg'),
(1077, 141, '201608081157130000001.jpg'),
(1078, 141, '201608081157130000002.jpg'),
(1079, 142, '20160808120041000000.JPG'),
(1080, 142, '201608081200410000001.JPG'),
(1081, 142, '201608081200410000002.JPG'),
(1082, 142, '201608081200410000003.JPG'),
(1083, 142, '201608081200410000004.JPG'),
(1084, 142, '201608081200410000005.JPG'),
(1085, 142, '20160808120041000000.jpg'),
(1086, 142, '201608081200410000001.jpg'),
(1087, 142, '201608081200410000002.jpg'),
(1088, 142, '201608081200410000003.jpg'),
(1089, 143, '20160808120415000000.JPG'),
(1090, 143, '201608081204150000001.JPG'),
(1091, 143, '201608081204150000002.JPG'),
(1092, 143, '201608081204150000003.JPG'),
(1093, 143, '201608081204150000004.JPG'),
(1094, 143, '201608081204150000005.JPG'),
(1095, 143, '201608081204150000006.JPG'),
(1096, 143, '20160808120415000000.jpg'),
(1097, 143, '201608081204150000001.jpg'),
(1098, 143, '201608081204150000002.jpg'),
(1099, 144, '20160808120738000000.JPG'),
(1100, 144, '201608081207380000001.JPG'),
(1101, 144, '201608081207380000002.JPG'),
(1102, 144, '201608081207380000003.JPG'),
(1103, 144, '20160808120738000000.jpg'),
(1104, 144, '201608081207380000001.jpg'),
(1105, 144, '201608081207380000002.jpg'),
(1106, 144, '201608081207380000003.jpg'),
(1107, 144, '201608081207380000004.jpg'),
(1108, 145, '20160809083225000000.JPG'),
(1109, 145, '201608090832250000001.JPG'),
(1110, 145, '201608090832250000002.JPG'),
(1111, 145, '201608090832250000003.JPG'),
(1112, 145, '20160809083225000000.jpg'),
(1113, 145, '201608090832250000001.jpg'),
(1114, 145, '201608090832250000002.jpg'),
(1115, 145, '201608090832250000003.jpg'),
(1116, 145, '201608090832250000004.jpg'),
(1117, 146, '20160809083648000000.JPG'),
(1118, 146, '201608090836480000001.JPG'),
(1119, 146, '201608090836480000002.JPG'),
(1120, 146, '201608090836480000003.JPG'),
(1121, 146, '201608090836480000004.JPG'),
(1122, 146, '20160809083648000000.jpg'),
(1123, 146, '201608090836480000001.jpg'),
(1124, 146, '201608090836480000002.jpg'),
(1125, 146, '201608090836480000003.jpg'),
(1126, 146, '201608090836480000004.jpg'),
(1127, 147, '20160809085742000000.JPG'),
(1128, 147, '201608090857420000001.JPG'),
(1129, 147, '201608090857420000002.JPG'),
(1130, 147, '201608090857420000003.JPG'),
(1131, 147, '201608090857420000004.JPG'),
(1132, 147, '201608090857420000005.JPG'),
(1133, 147, '201608090857420000006.JPG'),
(1134, 147, '20160809085742000000.jpg'),
(1135, 147, '201608090857420000001.jpg'),
(1136, 147, '201608090857420000002.jpg'),
(1137, 148, '20160809090219000000.JPG'),
(1138, 148, '201608090902190000001.JPG'),
(1139, 148, '201608090902190000002.JPG'),
(1140, 148, '201608090902190000003.JPG'),
(1141, 148, '201608090902190000004.JPG'),
(1142, 148, '20160809090219000000.jpg'),
(1143, 148, '201608090902190000001.jpg'),
(1144, 148, '201608090902190000002.jpg'),
(1145, 148, '201608090902190000003.jpg'),
(1146, 148, '201608090902190000004.jpg'),
(1147, 149, '20160809093723000000.JPG'),
(1148, 149, '201608090937230000001.JPG'),
(1149, 149, '201608090937230000002.JPG'),
(1150, 149, '201608090937230000003.JPG'),
(1151, 149, '201608090937230000004.JPG'),
(1152, 149, '201608090937230000005.JPG'),
(1153, 149, '201608090937230000006.JPG'),
(1154, 149, '201608090937230000007.JPG'),
(1155, 149, '20160809093723000000.jpg'),
(1156, 149, '201608090937230000001.jpg'),
(1157, 150, '20160809100039000000.JPG'),
(1158, 150, '201608091000390000001.JPG'),
(1159, 150, '201608091000390000002.JPG'),
(1160, 150, '201608091000390000003.JPG'),
(1161, 150, '201608091000390000004.JPG'),
(1162, 150, '20160809100039000000.jpg'),
(1163, 150, '201608091000390000001.jpg'),
(1164, 150, '201608091000390000002.jpg'),
(1165, 150, '201608091000390000003.jpg'),
(1166, 150, '201608091000390000004.jpg'),
(1167, 150, '20160809100130000000.jpg'),
(1168, 150, '201608091001300000001.jpg'),
(1169, 150, '201608091001300000002.jpg'),
(1170, 150, '201608091001300000003.jpg'),
(1171, 151, '20160809100609000000.JPG'),
(1172, 151, '201608091006090000001.JPG'),
(1173, 151, '201608091006090000002.JPG'),
(1174, 151, '201608091006090000003.JPG'),
(1175, 151, '201608091006090000004.JPG'),
(1176, 151, '201608091006090000005.JPG'),
(1177, 151, '20160809100609000000.jpg'),
(1178, 151, '201608091006090000001.jpg'),
(1179, 151, '201608091006090000002.jpg'),
(1180, 151, '201608091006090000003.jpg'),
(1181, 151, '20160809100638000000.jpg'),
(1182, 151, '201608091006380000001.jpg'),
(1183, 151, '201608091006380000002.jpg'),
(1184, 151, '201608091006380000003.jpg'),
(1186, 152, '20160809101202000000.JPG'),
(1187, 152, '201608091012020000001.JPG'),
(1188, 152, '201608091012020000002.JPG'),
(1189, 152, '201608091012020000003.JPG'),
(1190, 152, '201608091012020000004.JPG'),
(1191, 152, '201608091012020000005.JPG'),
(1192, 152, '201608091012020000006.JPG'),
(1193, 152, '201608091012020000007.JPG'),
(1194, 152, '201608091012020000008.JPG'),
(1195, 152, '20160809101202000000.jpg'),
(1196, 152, '20160809101236000000.jpg'),
(1197, 152, '201608091012360000001.jpg'),
(1198, 152, '201608091012360000002.jpg'),
(1199, 152, '201608091012360000003.jpg'),
(1200, 152, '201608091012360000004.jpg'),
(1201, 152, '201608091012360000005.jpg'),
(1202, 152, '201608091012360000006.jpg'),
(1203, 153, '20160809102150000000.JPG'),
(1204, 153, '201608091021500000001.JPG'),
(1205, 153, '201608091021500000002.JPG'),
(1206, 153, '201608091021500000003.JPG'),
(1207, 153, '201608091021500000004.JPG'),
(1208, 153, '201608091021500000005.JPG'),
(1209, 153, '201608091021500000006.JPG'),
(1210, 153, '201608091021500000007.JPG'),
(1211, 153, '20160809102150000000.jpg'),
(1212, 153, '201608091021500000001.jpg'),
(1213, 153, '20160809102230000000.jpg'),
(1214, 153, '201608091022300000001.jpg'),
(1215, 153, '201608091022300000002.jpg'),
(1216, 153, '201608091022300000003.jpg'),
(1217, 153, '201608091022300000004.jpg'),
(1218, 153, '201608091022300000005.jpg'),
(1219, 153, '201608091022300000006.jpg'),
(1220, 153, '201608091022300000007.jpg'),
(1221, 153, '201608091022300000008.jpg'),
(1222, 154, '20160809102752000000.JPG'),
(1223, 154, '201608091027520000001.JPG'),
(1224, 154, '201608091027520000002.JPG'),
(1225, 154, '201608091027520000003.JPG'),
(1226, 154, '201608091027520000004.JPG'),
(1227, 154, '201608091027520000005.JPG'),
(1228, 154, '20160809102752000000.jpg'),
(1229, 154, '201608091027520000001.jpg'),
(1230, 154, '201608091027520000002.jpg'),
(1231, 154, '201608091027520000003.jpg'),
(1232, 154, '20160809102828000000.jpg'),
(1233, 154, '201608091028280000001.jpg'),
(1234, 154, '201608091028280000002.jpg'),
(1235, 154, '201608091028280000003.jpg'),
(1236, 154, '201608091028280000004.jpg'),
(1237, 154, '201608091028280000005.jpg'),
(1238, 154, '201608091028280000006.jpg'),
(1239, 155, '20160809103250000000.JPG'),
(1240, 155, '201608091032500000001.JPG'),
(1241, 155, '201608091032500000002.JPG'),
(1242, 155, '201608091032500000003.JPG'),
(1243, 155, '201608091032500000004.JPG'),
(1244, 155, '201608091032500000005.JPG'),
(1245, 155, '201608091032500000006.JPG'),
(1246, 155, '201608091032500000007.JPG'),
(1247, 155, '20160809103250000000.jpg'),
(1248, 155, '201608091032500000001.jpg'),
(1249, 155, '20160809103322000000.jpg'),
(1250, 155, '201608091033220000001.jpg'),
(1251, 155, '201608091033220000002.jpg'),
(1252, 155, '201608091033220000003.jpg'),
(1253, 155, '201608091033220000004.jpg'),
(1254, 155, '201608091033220000005.jpg'),
(1255, 156, '20160809103750000000.JPG'),
(1256, 156, '201608091037500000001.JPG'),
(1257, 156, '201608091037500000002.JPG'),
(1258, 156, '201608091037500000003.JPG'),
(1259, 156, '201608091037500000004.JPG'),
(1260, 156, '201608091037500000005.JPG'),
(1261, 156, '201608091037500000006.JPG'),
(1262, 156, '201608091037500000007.JPG'),
(1263, 156, '201608091037500000008.JPG'),
(1264, 156, '201608091037500000009.JPG'),
(1265, 156, '20160809103832000000.jpg'),
(1266, 156, '201608091038320000001.jpg'),
(1267, 156, '201608091038320000002.jpg'),
(1268, 156, '201608091038320000003.jpg'),
(1269, 156, '201608091038320000004.jpg'),
(1270, 156, '201608091038320000005.jpg'),
(1271, 156, '201608091038320000006.jpg'),
(1272, 156, '201608091038320000007.jpg'),
(1273, 156, '201608091038320000008.jpg'),
(1274, 156, '201608091038320000009.jpg'),
(1275, 157, '20160809105950000000.JPG'),
(1276, 157, '201608091059500000001.JPG'),
(1277, 157, '201608091059500000002.JPG'),
(1278, 157, '201608091059500000003.JPG'),
(1279, 157, '201608091059500000004.JPG'),
(1280, 157, '201608091059500000005.JPG'),
(1281, 157, '201608091059500000006.JPG'),
(1282, 157, '201608091059500000007.JPG'),
(1283, 157, '20160809105950000000.jpg'),
(1284, 157, '201608091059500000001.jpg'),
(1285, 158, '20160811101659000000.JPG'),
(1286, 158, '201608111016590000001.JPG'),
(1287, 158, '201608111016590000002.JPG'),
(1288, 158, '201608111016590000003.JPG'),
(1289, 158, '201608111016590000004.JPG'),
(1290, 158, '201608111016590000005.JPG'),
(1291, 158, '201608111016590000006.JPG'),
(1292, 159, '20160811102132000000.JPG'),
(1293, 159, '201608111021320000001.JPG'),
(1294, 159, '201608111021320000002.JPG'),
(1295, 159, '201608111021320000003.JPG'),
(1296, 159, '201608111021320000004.JPG'),
(1297, 160, '20160811102525000000.JPG'),
(1298, 160, '201608111025250000001.JPG'),
(1299, 160, '201608111025250000002.JPG'),
(1300, 160, '201608111025250000003.JPG'),
(1301, 161, '20160811102944000000.JPG'),
(1302, 161, '201608111029440000001.JPG'),
(1303, 161, '201608111029440000002.JPG'),
(1304, 162, '20160811103350000000.JPG'),
(1305, 162, '201608111033500000001.JPG'),
(1306, 162, '201608111033500000002.JPG'),
(1307, 163, '20160811103814000000.JPG'),
(1308, 163, '201608111038140000001.JPG'),
(1309, 163, '201608111038140000002.JPG'),
(1310, 163, '201608111038140000003.JPG'),
(1311, 163, '201608111038140000004.JPG'),
(1312, 164, '20160811104225000000.JPG'),
(1313, 164, '201608111042250000001.JPG'),
(1314, 164, '201608111042250000002.JPG'),
(1315, 164, '201608111042250000003.JPG'),
(1316, 164, '201608111042250000004.JPG'),
(1317, 165, '20160811104641000000.JPG'),
(1318, 165, '201608111046410000001.JPG'),
(1319, 165, '201608111046410000002.JPG'),
(1320, 165, '201608111046410000003.JPG'),
(1321, 166, '20160811105028000000.JPG'),
(1322, 166, '201608111050280000001.JPG'),
(1323, 166, '201608111050280000002.JPG'),
(1324, 166, '201608111050280000003.JPG'),
(1325, 167, '20160811105922000000.JPG'),
(1326, 167, '201608111059220000001.JPG'),
(1327, 167, '201608111059220000002.JPG'),
(1328, 167, '201608111059220000003.JPG'),
(1329, 167, '201608111059220000004.JPG'),
(1330, 167, '201608111059220000005.JPG'),
(1331, 167, '201608111059220000006.JPG'),
(1332, 168, '20160811110236000000.JPG'),
(1333, 168, '201608111102360000001.JPG'),
(1334, 168, '201608111102360000002.JPG'),
(1335, 168, '201608111102360000003.JPG'),
(1336, 168, '201608111102360000004.JPG'),
(1337, 169, '20160814072137000000.JPG'),
(1338, 169, '20160814072138000000.JPG'),
(1339, 169, '201608140721380000001.JPG'),
(1340, 169, '201608140721380000002.JPG'),
(1341, 169, '201608140721380000003.JPG'),
(1342, 169, '201608140721380000004.JPG'),
(1343, 170, '20160814072455000000.JPG'),
(1344, 170, '201608140724550000001.JPG'),
(1345, 170, '201608140724550000002.JPG'),
(1346, 170, '201608140724550000003.JPG'),
(1347, 170, '201608140724550000004.JPG'),
(1348, 171, '20160814072758000000.JPG'),
(1349, 171, '201608140727580000001.JPG'),
(1350, 171, '201608140727580000002.JPG'),
(1351, 171, '201608140727580000003.JPG'),
(1352, 171, '201608140727580000004.JPG'),
(1353, 172, '20160814074959000000.JPG'),
(1354, 172, '201608140749590000001.JPG'),
(1355, 172, '201608140749590000002.JPG'),
(1356, 172, '201608140749590000003.JPG'),
(1357, 172, '201608140749590000004.JPG'),
(1358, 172, '201608140749590000005.JPG'),
(1359, 173, '20160814075542000000.JPG'),
(1360, 173, '201608140755420000001.JPG'),
(1361, 173, '201608140755420000002.JPG'),
(1362, 173, '201608140755420000003.JPG'),
(1363, 173, '201608140755420000004.JPG'),
(1364, 173, '201608140755420000005.JPG'),
(1365, 173, '201608140755420000006.JPG'),
(1366, 174, '20160814075940000000.JPG'),
(1367, 174, '201608140759400000001.JPG'),
(1368, 174, '201608140759400000002.JPG'),
(1369, 174, '201608140759400000003.JPG'),
(1370, 174, '201608140759400000004.JPG'),
(1371, 174, '201608140759400000005.JPG'),
(1372, 175, '20160814080353000000.JPG'),
(1373, 175, '201608140803530000001.JPG'),
(1374, 175, '201608140803530000002.JPG'),
(1375, 175, '201608140803530000003.JPG'),
(1376, 175, '201608140803530000004.JPG'),
(1377, 176, '20160814080731000000.JPG'),
(1378, 176, '201608140807310000001.JPG'),
(1379, 176, '201608140807310000002.JPG'),
(1380, 176, '201608140807310000003.JPG'),
(1381, 177, '20160814081128000000.JPG'),
(1382, 177, '201608140811280000001.JPG'),
(1383, 177, '201608140811280000002.JPG'),
(1384, 177, '201608140811280000003.JPG'),
(1385, 177, '201608140811280000004.JPG'),
(1386, 177, '201608140811280000005.JPG'),
(1387, 178, '20160814084051000000.JPG'),
(1388, 178, '201608140840510000001.JPG'),
(1389, 178, '201608140840510000002.JPG'),
(1390, 178, '201608140840510000003.JPG'),
(1391, 178, '201608140840510000004.JPG'),
(1392, 178, '201608140840510000005.JPG'),
(1393, 178, '201608140840510000006.JPG'),
(1394, 178, '201608140840510000007.JPG'),
(1395, 179, '20160814084444000000.JPG'),
(1396, 179, '201608140844440000001.JPG'),
(1397, 179, '201608140844440000002.JPG'),
(1398, 179, '201608140844440000003.JPG'),
(1399, 179, '201608140844440000004.JPG'),
(1400, 180, '20160814084917000000.JPG'),
(1401, 180, '201608140849170000001.JPG'),
(1402, 180, '201608140849170000002.JPG'),
(1403, 180, '201608140849170000003.JPG'),
(1404, 180, '201608140849170000004.JPG'),
(1405, 180, '201608140849170000005.JPG'),
(1406, 181, '20160814085305000000.JPG'),
(1407, 181, '201608140853050000001.JPG'),
(1408, 181, '201608140853050000002.JPG'),
(1409, 181, '201608140853050000003.JPG'),
(1410, 181, '201608140853050000004.JPG'),
(1411, 181, '201608140853050000005.JPG'),
(1412, 181, '201608140853050000006.JPG'),
(1413, 182, '20160814085805000000.JPG'),
(1414, 182, '201608140858050000001.JPG'),
(1415, 182, '201608140858050000002.JPG'),
(1416, 182, '201608140858050000003.JPG'),
(1417, 183, '20160814091319000000.JPG'),
(1418, 183, '201608140913190000001.JPG'),
(1419, 183, '201608140913190000002.JPG'),
(1420, 183, '201608140913190000003.JPG'),
(1421, 183, '201608140913190000004.JPG'),
(1422, 184, '20160814103426000000.JPG'),
(1423, 184, '201608141034260000001.JPG'),
(1424, 184, '201608141034260000002.JPG'),
(1425, 184, '201608141034260000003.JPG'),
(1426, 185, '20160814104628000000.JPG'),
(1427, 185, '201608141046280000001.JPG'),
(1428, 185, '201608141046280000002.JPG'),
(1429, 185, '201608141046280000003.JPG'),
(1430, 185, '201608141046280000004.JPG'),
(1431, 185, '201608141046280000005.JPG'),
(1432, 185, '201608141046280000006.JPG'),
(1433, 186, '20160814105024000000.JPG'),
(1434, 186, '201608141050240000001.JPG'),
(1435, 186, '201608141050240000002.JPG'),
(1436, 186, '201608141050240000003.JPG'),
(1437, 187, '20160814105441000000.JPG'),
(1438, 187, '201608141054410000001.JPG'),
(1439, 187, '201608141054410000002.JPG'),
(1440, 187, '201608141054410000003.JPG'),
(1441, 187, '201608141054410000004.JPG'),
(1442, 187, '201608141054410000005.JPG'),
(1443, 187, '201608141054410000006.JPG'),
(1444, 188, '20160814105816000000.JPG'),
(1445, 188, '201608141058160000001.JPG'),
(1446, 188, '201608141058160000002.JPG'),
(1447, 188, '201608141058160000003.JPG'),
(1448, 188, '201608141058160000004.JPG'),
(1449, 189, '20160814110144000000.JPG'),
(1450, 189, '201608141101440000001.JPG'),
(1451, 189, '201608141101440000002.JPG'),
(1452, 189, '201608141101440000003.JPG'),
(1453, 189, '201608141101440000004.JPG'),
(1454, 190, '20160814110520000000.JPG'),
(1455, 190, '201608141105200000001.JPG'),
(1456, 190, '201608141105200000002.JPG'),
(1457, 190, '201608141105200000003.JPG'),
(1458, 190, '201608141105200000004.JPG'),
(1459, 190, '201608141105200000005.JPG'),
(1460, 190, '201608141105200000006.JPG'),
(1461, 192, '20160828105713000000.JPG'),
(1462, 192, '201608281057130000001.JPG'),
(1463, 192, '201608281057130000002.JPG'),
(1464, 192, '201608281057130000003.JPG');
INSERT INTO `tbl_attachment` (`id`, `product_id`, `attachment_name`) VALUES
(1465, 192, '201608281057130000004.JPG'),
(1466, 192, '201608281057130000005.JPG'),
(1467, 191, '20160828105800000000.JPG'),
(1468, 191, '201608281058000000001.JPG'),
(1469, 191, '201608281058000000002.JPG'),
(1470, 191, '201608281058000000003.JPG'),
(1471, 191, '201608281058000000004.JPG'),
(1472, 191, '201608281058000000005.JPG'),
(1473, 194, '20160830071147000000.JPG'),
(1474, 194, '201608300711470000001.JPG'),
(1475, 194, '201608300711470000002.JPG'),
(1476, 194, '201608300711470000003.JPG'),
(1477, 194, '201608300711470000004.JPG'),
(1478, 195, '20160830071615000000.JPG'),
(1479, 195, '201608300716150000001.JPG'),
(1480, 195, '201608300716150000002.JPG'),
(1481, 195, '201608300716150000003.JPG'),
(1482, 196, '20160830072315000000.JPG'),
(1483, 196, '201608300723150000001.JPG'),
(1484, 196, '201608300723150000002.JPG'),
(1485, 196, '201608300723150000003.JPG'),
(1486, 196, '201608300723150000004.JPG'),
(1487, 196, '201608300723150000005.JPG'),
(1488, 197, '20160830072819000000.JPG'),
(1489, 197, '201608300728190000001.JPG'),
(1490, 197, '201608300728190000002.JPG'),
(1491, 197, '201608300728190000003.JPG'),
(1492, 197, '201608300728190000004.JPG'),
(1493, 197, '201608300728190000005.JPG'),
(1494, 197, '201608300728190000006.JPG'),
(1495, 197, '201608300728190000007.JPG');

-- --------------------------------------------------------

--
-- Table structure for table `tbl_body_style`
--

CREATE TABLE IF NOT EXISTS `tbl_body_style` (
  `id` int(10) NOT NULL,
  `body_style` varchar(100) DEFAULT NULL,
  `make_id` int(10) DEFAULT NULL,
  `model_id` int(10) DEFAULT NULL,
  `remarks` varchar(200) DEFAULT NULL,
  `created_by` int(10) DEFAULT NULL,
  `modified_by` int(10) DEFAULT NULL,
  `created` datetime NOT NULL,
  `modified` timestamp NOT NULL DEFAULT CURRENT_TIMESTAMP ON UPDATE CURRENT_TIMESTAMP
) ENGINE=InnoDB AUTO_INCREMENT=9 DEFAULT CHARSET=latin1;

--
-- Dumping data for table `tbl_body_style`
--

INSERT INTO `tbl_body_style` (`id`, `body_style`, `make_id`, `model_id`, `remarks`, `created_by`, `modified_by`, `created`, `modified`) VALUES
(1, 'Sedan', 2, 4, '', 1, NULL, '2016-07-23 08:57:02', '2016-07-23 07:57:02'),
(2, 'Sedan', 2, 129, '', 1, NULL, '2016-07-23 09:22:19', '2016-07-23 08:22:19'),
(3, 'HDJ101K', 2, 88, '', 1, NULL, '2016-07-24 08:16:33', '2016-07-24 07:16:33'),
(4, 'SUV', 2, 88, '', 1, NULL, '2016-07-24 08:38:32', '2016-07-24 07:38:32'),
(5, 'Hatchback', 2, 538, '', 1, NULL, '2016-07-25 08:44:25', '2016-07-25 07:44:25'),
(6, 'SUV', 2, 539, '', 1, NULL, '2016-08-07 09:45:49', '2016-08-07 08:45:49'),
(7, 'AT', 2, 539, '', 1, NULL, '2016-08-07 09:51:30', '2016-08-07 08:51:30'),
(8, 'Hatchback', 2, 179, '', 1, NULL, '2016-08-11 09:58:13', '2016-08-11 08:58:13');

-- --------------------------------------------------------

--
-- Table structure for table `tbl_category`
--

CREATE TABLE IF NOT EXISTS `tbl_category` (
  `category_id` int(10) NOT NULL,
  `name` varchar(100) NOT NULL,
  `remarks` varchar(100) NOT NULL,
  `created` datetime NOT NULL,
  `modified` datetime NOT NULL,
  `created_by` int(1) NOT NULL
) ENGINE=InnoDB AUTO_INCREMENT=9 DEFAULT CHARSET=latin1;

--
-- Dumping data for table `tbl_category`
--

INSERT INTO `tbl_category` (`category_id`, `name`, `remarks`, `created`, `modified`, `created_by`) VALUES
(1, 'Car', 'Testing', '2015-12-09 06:35:00', '2015-12-09 06:35:48', 1),
(2, 'SUV', 'may be car', '2015-12-26 03:18:19', '0000-00-00 00:00:00', 1),
(3, 'Truck', 'a', '2015-12-26 03:18:34', '0000-00-00 00:00:00', 1),
(4, 'Machinery', '', '2015-12-26 03:19:15', '0000-00-00 00:00:00', 1),
(5, 'Motorcycle', '', '2015-12-26 03:19:35', '0000-00-00 00:00:00', 1),
(6, 'Parts', '', '2015-12-26 03:19:43', '0000-00-00 00:00:00', 1),
(7, 'sadan car', '', '2016-06-22 02:57:31', '0000-00-00 00:00:00', 1),
(8, 'JIP', '', '2016-08-07 09:54:09', '0000-00-00 00:00:00', 1);

-- --------------------------------------------------------

--
-- Table structure for table `tbl_company_information`
--

CREATE TABLE IF NOT EXISTS `tbl_company_information` (
  `company_id` int(10) NOT NULL,
  `company_name` varchar(120) DEFAULT NULL,
  `company_tag` varchar(200) DEFAULT NULL,
  `ownership_type` varchar(30) DEFAULT NULL,
  `email_address` varchar(100) DEFAULT NULL,
  `payment_terms` varchar(100) DEFAULT NULL,
  `phone_no` varchar(15) DEFAULT NULL,
  `established_year` varchar(4) DEFAULT NULL,
  `no_of_employee` varchar(25) DEFAULT NULL,
  `business_classification` varchar(100) DEFAULT NULL,
  `language` varchar(25) NOT NULL,
  `country` int(10) DEFAULT NULL,
  `description` text NOT NULL,
  `address` varchar(220) DEFAULT NULL,
  `logo_name` varchar(100) NOT NULL,
  `status` int(1) NOT NULL,
  `created_by` int(10) NOT NULL,
  `modified_by` int(10) NOT NULL,
  `created` datetime NOT NULL,
  `modified` timestamp NOT NULL DEFAULT CURRENT_TIMESTAMP ON UPDATE CURRENT_TIMESTAMP
) ENGINE=InnoDB AUTO_INCREMENT=2 DEFAULT CHARSET=latin1;

--
-- Dumping data for table `tbl_company_information`
--

INSERT INTO `tbl_company_information` (`company_id`, `company_name`, `company_tag`, `ownership_type`, `email_address`, `payment_terms`, `phone_no`, `established_year`, `no_of_employee`, `business_classification`, `language`, `country`, `description`, `address`, `logo_name`, `status`, `created_by`, `modified_by`, `created`, `modified`) VALUES
(1, 'JB-HIKE', 'Your favorites vehicles available!', '', 'info@jb-hike.com', 'T/T L/C Other(Paypal)', '080-9261-9896', '2017', '5 Persons', 'Exporter/Importer', 'English / Japanese', 50, 'JB-HIKE is a very best quality used vehicles supplier in Japan. We supply the Japanese, Europian and American used vehicles to our customers. And vehicles which we supply is great reputation as a best quality and best prices. Please contact us and let me know your requests, we will supply your requested vehicles as soon as possible. If you have any questions regarding Japanese vehicles, contact E-mail us.', 'Zip : 130-0023', '1.png', 1, 0, 0, '2016-06-19 01:53:14', '2017-05-18 02:42:34');

-- --------------------------------------------------------

--
-- Table structure for table `tbl_country`
--

CREATE TABLE IF NOT EXISTS `tbl_country` (
  `id` int(10) NOT NULL,
  `country_name` varchar(50) NOT NULL
) ENGINE=MyISAM AUTO_INCREMENT=136 DEFAULT CHARSET=latin1;

--
-- Dumping data for table `tbl_country`
--

INSERT INTO `tbl_country` (`id`, `country_name`) VALUES
(1, 'Albania'),
(2, 'Algeria'),
(3, 'American Samoa'),
(4, 'Anguilla'),
(5, 'Antigua and Barbuda'),
(6, 'Argentina'),
(7, 'Aruba'),
(8, 'Angola'),
(9, 'Azerbaijan'),
(10, 'Austria'),
(11, 'Australia'),
(12, 'Bahamas'),
(13, 'Bahrain'),
(14, 'Bangladesh'),
(15, 'Barbados'),
(16, 'Belarus'),
(17, 'Belgium'),
(18, 'Belize'),
(19, 'Benin'),
(20, 'Bermuda'),
(21, 'Bolivia'),
(22, 'Bulgaria'),
(23, 'Brunei Darussalam'),
(24, 'Brazil'),
(25, 'Cambodia'),
(26, 'Cameroon'),
(27, 'Canada'),
(28, 'Cape Verde'),
(29, 'Cayman Islands'),
(30, 'Central African Republic'),
(31, 'Chile'),
(32, 'China'),
(33, 'Christmas Island'),
(34, 'Colombia'),
(35, 'Comoros'),
(36, 'Congo'),
(37, 'Costa Rica'),
(38, 'Cote D''Ivoire'),
(39, 'Croatia'),
(40, 'Cuba'),
(41, 'Cyprus'),
(42, 'Czech Republic'),
(43, 'Cook Islands'),
(44, 'Denmark'),
(45, 'Djibouti'),
(46, 'Dominica'),
(47, 'Dominican Republic'),
(48, 'Ecuador'),
(49, 'Egypt'),
(50, 'Japan'),
(51, 'Finland'),
(52, 'France'),
(53, 'Gambia'),
(54, 'Georgia'),
(55, 'Germany'),
(56, 'Ghana'),
(57, 'Gibraltar'),
(58, 'Greece'),
(59, 'Greenland'),
(60, 'Guatemala'),
(61, 'Haiti'),
(62, 'Honduras'),
(63, 'Hong Kong'),
(64, 'Hungary'),
(65, 'Iceland'),
(66, 'India'),
(67, 'Indonesia'),
(68, 'Iran'),
(69, 'Iraq'),
(70, 'Ireland'),
(71, 'Italy'),
(72, 'Jamaica'),
(73, 'Jordan'),
(74, 'Kazakhstan'),
(75, 'Kenya'),
(76, 'Korea, North'),
(77, 'Korea, South'),
(78, 'Kuwait'),
(79, 'Lebanon'),
(80, 'Latvia'),
(81, 'Liberia'),
(82, 'Libya'),
(83, 'Lithuania'),
(84, 'Macau'),
(85, 'Madagascar'),
(86, 'Malaysia'),
(87, 'Maldives'),
(88, 'Malta'),
(89, 'Mexico'),
(90, 'Monaco'),
(91, 'Morocco'),
(92, 'Mozambique'),
(93, 'Myanmar'),
(94, 'Namibia'),
(95, 'Netherlands'),
(96, 'New Zealand'),
(97, 'Nicaragua'),
(98, 'Nigeria'),
(99, 'Norway'),
(100, 'Oman'),
(101, 'Pakistan'),
(102, 'Panama'),
(103, 'Papua New Guinea'),
(104, 'Paraguay'),
(105, 'Peru'),
(106, 'Philippines'),
(107, 'Poland'),
(108, 'Portugal'),
(109, 'Qatar'),
(110, 'Reunion'),
(111, 'Romania'),
(112, 'Russia'),
(113, 'Saudi Arabia'),
(114, 'Senegal'),
(115, 'Serbia'),
(116, 'Singapore'),
(117, 'Somalia'),
(118, 'South Africa'),
(119, 'Spain'),
(120, 'Sri Lanka'),
(121, 'Sudan'),
(122, 'Sweden'),
(123, 'Switzerland'),
(124, 'Taiwan'),
(125, 'Tanzania'),
(126, 'Thailand'),
(127, 'Tunisia'),
(128, 'Turkey'),
(129, 'Ukraine'),
(130, 'United Arab Emirates'),
(131, 'United Kingdom'),
(132, 'United States'),
(133, 'Uruguay'),
(134, 'Venezuela'),
(135, 'Yemen');

-- --------------------------------------------------------

--
-- Table structure for table `tbl_country_port`
--

CREATE TABLE IF NOT EXISTS `tbl_country_port` (
  `id` int(10) NOT NULL,
  `country_id` int(10) NOT NULL,
  `port_name` varchar(150) NOT NULL,
  `created_by` int(10) NOT NULL,
  `modified_by` int(10) NOT NULL,
  `created` datetime NOT NULL,
  `modified` timestamp NOT NULL DEFAULT CURRENT_TIMESTAMP ON UPDATE CURRENT_TIMESTAMP
) ENGINE=MyISAM AUTO_INCREMENT=981 DEFAULT CHARSET=latin1;

--
-- Dumping data for table `tbl_country_port`
--

INSERT INTO `tbl_country_port` (`id`, `country_id`, `port_name`, `created_by`, `modified_by`, `created`, `modified`) VALUES
(1, 1, 'Port of Durres', 1, 0, '0000-00-00 00:00:00', '2016-06-27 18:52:02'),
(2, 1, 'Port of Sarande', 1, 0, '0000-00-00 00:00:00', '2016-06-27 18:52:02'),
(3, 1, 'Port of Shengjin', 1, 0, '0000-00-00 00:00:00', '2016-06-27 18:52:02'),
(4, 1, 'Port of Vlore', 1, 0, '0000-00-00 00:00:00', '2016-06-27 18:52:02'),
(5, 2, 'Port of Algiers', 1, 0, '0000-00-00 00:00:00', '2016-06-27 18:52:02'),
(6, 2, 'Port of Arzew El-Djedid', 1, 0, '0000-00-00 00:00:00', '2016-06-27 18:52:02'),
(7, 2, 'Port of Arzew', 1, 0, '0000-00-00 00:00:00', '2016-06-27 18:52:02'),
(8, 2, 'Port of Annaba', 1, 0, '0000-00-00 00:00:00', '2016-06-27 18:52:02'),
(9, 2, 'Port of Bejaia', 1, 0, '0000-00-00 00:00:00', '2016-06-27 18:52:02'),
(10, 2, 'Port of Beni Saf', 1, 0, '0000-00-00 00:00:00', '2016-06-27 18:52:02'),
(11, 2, 'Port of Cherchell', 1, 0, '0000-00-00 00:00:00', '2016-06-27 18:52:02'),
(12, 2, 'Port of Collo', 1, 0, '0000-00-00 00:00:00', '2016-06-27 18:52:02'),
(13, 2, 'Port of Dellys', 1, 0, '0000-00-00 00:00:00', '2016-06-27 18:52:02'),
(14, 2, 'Port of Djen Djen', 1, 0, '0000-00-00 00:00:00', '2016-06-27 18:52:02'),
(15, 2, 'Port of Ghazaouet', 1, 0, '0000-00-00 00:00:00', '2016-06-27 18:52:02'),
(16, 2, 'Port of Jijel', 1, 0, '0000-00-00 00:00:00', '2016-06-27 18:52:02'),
(17, 2, 'Port of Mers El Kebir', 1, 0, '0000-00-00 00:00:00', '2016-06-27 18:52:02'),
(18, 2, 'Port of Mostaganem', 1, 0, '0000-00-00 00:00:00', '2016-06-27 18:52:02'),
(19, 2, 'Port of Oran', 1, 0, '0000-00-00 00:00:00', '2016-06-27 18:52:02'),
(20, 2, 'Port Methanier', 1, 0, '0000-00-00 00:00:00', '2016-06-27 18:52:02'),
(21, 2, 'Port of Skikda', 1, 0, '0000-00-00 00:00:00', '2016-06-27 18:52:02'),
(22, 3, 'Port of Pago-Pago', 1, 0, '0000-00-00 00:00:00', '2016-06-27 18:52:02'),
(23, 4, 'Port of The Valley', 1, 0, '0000-00-00 00:00:00', '2016-06-27 18:52:02'),
(24, 5, 'Saint John''s Harbour', 1, 0, '0000-00-00 00:00:00', '2016-06-27 18:52:02'),
(25, 6, 'Port of Bahia Blanca', 1, 0, '0000-00-00 00:00:00', '2016-06-27 18:52:02'),
(26, 6, 'Port of Buenos Aires', 1, 0, '0000-00-00 00:00:00', '2016-06-27 18:52:02'),
(27, 6, 'Port of Dock Sud', 1, 0, '0000-00-00 00:00:00', '2016-06-27 18:52:02'),
(28, 6, 'Port of La Plata', 1, 0, '0000-00-00 00:00:00', '2016-06-27 18:52:02'),
(29, 6, 'Port of San Nicolas', 1, 0, '0000-00-00 00:00:00', '2016-06-27 18:52:02'),
(30, 6, 'Port of Arroyo Seco', 1, 0, '0000-00-00 00:00:00', '2016-06-27 18:52:02'),
(31, 6, 'Port of Atucha', 1, 0, '0000-00-00 00:00:00', '2016-06-27 18:52:02'),
(32, 6, 'Port of Bahia Blanca', 1, 0, '0000-00-00 00:00:00', '2016-06-27 18:52:02'),
(33, 6, 'Port of Barranqueras', 1, 0, '0000-00-00 00:00:00', '2016-06-27 18:52:02'),
(34, 6, 'Port of Buenos Aires', 1, 0, '0000-00-00 00:00:00', '2016-06-27 18:52:02'),
(35, 6, 'Port of Caleta Cordova', 1, 0, '0000-00-00 00:00:00', '2016-06-27 18:52:02'),
(36, 6, 'Port of Camarones', 1, 0, '0000-00-00 00:00:00', '2016-06-27 18:52:02'),
(37, 6, 'Port of Concepcion del Uruguay', 1, 0, '0000-00-00 00:00:00', '2016-06-27 18:52:02'),
(38, 6, 'Port of Caleta Olivares', 1, 0, '0000-00-00 00:00:00', '2016-06-27 18:52:02'),
(39, 6, 'Port of Campana', 1, 0, '0000-00-00 00:00:00', '2016-06-27 18:52:02'),
(40, 6, 'Port of Corrientes', 1, 0, '0000-00-00 00:00:00', '2016-06-27 18:52:02'),
(41, 6, 'Cullen Oil Terminal', 1, 0, '0000-00-00 00:00:00', '2016-06-27 18:52:02'),
(42, 6, 'Port of Caleta Olivia', 1, 0, '0000-00-00 00:00:00', '2016-06-27 18:52:02'),
(43, 6, 'Port of Comodoro Rivadavia', 1, 0, '0000-00-00 00:00:00', '2016-06-27 18:52:02'),
(44, 6, 'Port of Caletra Paula', 1, 0, '0000-00-00 00:00:00', '2016-06-27 18:52:02'),
(45, 6, 'Port of Diamante', 1, 0, '0000-00-00 00:00:00', '2016-06-27 18:52:02'),
(46, 6, 'Port of Dock Sud', 1, 0, '0000-00-00 00:00:00', '2016-06-27 18:52:02'),
(47, 6, 'Port of Formosa', 1, 0, '0000-00-00 00:00:00', '2016-06-27 18:52:02'),
(48, 6, 'Port of General Lagos', 1, 0, '0000-00-00 00:00:00', '2016-06-27 18:52:02'),
(49, 6, 'Port of Ibicuy', 1, 0, '0000-00-00 00:00:00', '2016-06-27 18:52:02'),
(50, 6, 'Port of Ingeniero Buitrango', 1, 0, '0000-00-00 00:00:00', '2016-06-27 18:52:02'),
(51, 6, 'Port of La Plata', 1, 0, '0000-00-00 00:00:00', '2016-06-27 18:52:02'),
(52, 6, 'Port of Mar del Plata', 1, 0, '0000-00-00 00:00:00', '2016-06-27 18:52:02'),
(53, 6, 'Port of Posadas', 1, 0, '0000-00-00 00:00:00', '2016-06-27 18:52:02'),
(54, 6, 'Port of Puerto Deseado', 1, 0, '0000-00-00 00:00:00', '2016-06-27 18:52:02'),
(55, 6, 'Port Coronel Rosales', 1, 0, '0000-00-00 00:00:00', '2016-06-27 18:52:02'),
(56, 6, 'Port of Punta Quilla', 1, 0, '0000-00-00 00:00:00', '2016-06-27 18:52:02'),
(57, 6, 'Port of Ramallo', 1, 0, '0000-00-00 00:00:00', '2016-06-27 18:52:02'),
(58, 6, 'Port of Rawson', 1, 0, '0000-00-00 00:00:00', '2016-06-27 18:52:02'),
(59, 6, 'Port of Rio Gallegos', 1, 0, '0000-00-00 00:00:00', '2016-06-27 18:52:02'),
(60, 6, 'Port of Rio Grande', 1, 0, '0000-00-00 00:00:00', '2016-06-27 18:52:02'),
(61, 6, 'Port of San Antonio Oeste', 1, 0, '0000-00-00 00:00:00', '2016-06-27 18:52:02'),
(62, 6, 'Port of San Nicolas', 1, 0, '0000-00-00 00:00:00', '2016-06-27 18:52:02'),
(63, 6, 'Port of San Sebastian', 1, 0, '0000-00-00 00:00:00', '2016-06-27 18:52:02'),
(64, 6, 'Port of San Julian', 1, 0, '0000-00-00 00:00:00', '2016-06-27 18:52:02'),
(65, 6, 'Port of San Pedro', 1, 0, '0000-00-00 00:00:00', '2016-06-27 18:52:02'),
(66, 6, 'Port of Santa Fe', 1, 0, '0000-00-00 00:00:00', '2016-06-27 18:52:02'),
(67, 6, 'Port of San Lorenzo', 1, 0, '0000-00-00 00:00:00', '2016-06-27 18:52:02'),
(68, 6, 'Port of Ushuaia', 1, 0, '0000-00-00 00:00:00', '2016-06-27 18:52:02'),
(69, 6, 'Port of Zarate', 1, 0, '0000-00-00 00:00:00', '2016-06-27 18:52:02'),
(70, 6, 'Port of Villa Constitucion', 1, 0, '0000-00-00 00:00:00', '2016-06-27 18:52:02'),
(71, 7, 'Port of Barcadera', 1, 0, '0000-00-00 00:00:00', '2016-06-27 18:52:02'),
(72, 7, 'Port of Oranjestad', 1, 0, '0000-00-00 00:00:00', '2016-06-27 18:52:02'),
(73, 7, 'Port of San Nicolas', 1, 0, '0000-00-00 00:00:00', '2016-06-27 18:52:02'),
(74, 8, 'Port of Ambriz', 1, 0, '0000-00-00 00:00:00', '2016-06-27 18:52:02'),
(75, 8, 'Port of Cabinda', 1, 0, '0000-00-00 00:00:00', '2016-06-27 18:52:02'),
(76, 8, 'Port of Lobito', 1, 0, '0000-00-00 00:00:00', '2016-06-27 18:52:02'),
(77, 8, 'Porto de Luanda', 1, 0, '0000-00-00 00:00:00', '2016-06-27 18:52:02'),
(78, 8, 'Port of Malongo', 1, 0, '0000-00-00 00:00:00', '2016-06-27 18:52:02'),
(79, 8, 'Port of Namibe', 1, 0, '0000-00-00 00:00:00', '2016-06-27 18:52:02'),
(80, 8, 'Port of Porto Amboim', 1, 0, '0000-00-00 00:00:00', '2016-06-27 18:52:02'),
(81, 8, 'Port of Soyo', 1, 0, '0000-00-00 00:00:00', '2016-06-27 18:52:02'),
(82, 9, 'Port of Baku', 1, 0, '0000-00-00 00:00:00', '2016-06-27 18:52:02'),
(83, 10, 'Port of Enns', 1, 0, '0000-00-00 00:00:00', '2016-06-27 18:52:02'),
(84, 10, 'Port of Krems', 1, 0, '0000-00-00 00:00:00', '2016-06-27 18:52:02'),
(85, 10, 'Port of Linz', 1, 0, '0000-00-00 00:00:00', '2016-06-27 18:52:02'),
(86, 10, 'Port of Vienna', 1, 0, '0000-00-00 00:00:00', '2016-06-27 18:52:02'),
(87, 11, 'Port of Adelaide', 1, 0, '0000-00-00 00:00:00', '2016-06-27 18:52:02'),
(88, 11, 'Port of Brisbane', 1, 0, '0000-00-00 00:00:00', '2016-06-27 18:52:02'),
(89, 11, 'Port of Darwin', 1, 0, '0000-00-00 00:00:00', '2016-06-27 18:52:02'),
(90, 11, 'Port of Geelong', 1, 0, '0000-00-00 00:00:00', '2016-06-27 18:52:02'),
(91, 11, 'Port of Gladstone', 1, 0, '0000-00-00 00:00:00', '2016-06-27 18:52:02'),
(92, 11, 'Port of Melbourne', 1, 0, '0000-00-00 00:00:00', '2016-06-27 18:52:02'),
(93, 11, 'Port of Newcastle', 1, 0, '0000-00-00 00:00:00', '2016-06-27 18:52:02'),
(94, 11, 'Port of Sydney', 1, 0, '0000-00-00 00:00:00', '2016-06-27 18:52:02'),
(95, 11, 'Port of Abbot Point', 1, 0, '0000-00-00 00:00:00', '2016-06-27 18:52:02'),
(96, 12, 'Port of Matthew Town', 1, 0, '0000-00-00 00:00:00', '2016-06-27 18:52:02'),
(97, 12, 'Port of Clifton Point', 1, 0, '0000-00-00 00:00:00', '2016-06-27 18:52:02'),
(98, 12, 'Port of Man of War Bay', 1, 0, '0000-00-00 00:00:00', '2016-06-27 18:52:02'),
(99, 12, 'Port of Nassau', 1, 0, '0000-00-00 00:00:00', '2016-06-27 18:52:02'),
(100, 12, 'Port of Ocean Cay', 1, 0, '0000-00-00 00:00:00', '2016-06-27 18:52:02'),
(101, 12, 'Port of South Riding Point', 1, 0, '0000-00-00 00:00:00', '2016-06-27 18:52:02'),
(102, 13, 'Port of Mina Salman', 1, 0, '0000-00-00 00:00:00', '2016-06-27 18:52:02'),
(103, 13, 'Port of Sitra', 1, 0, '0000-00-00 00:00:00', '2016-06-27 18:52:02'),
(104, 14, 'Port of Chalna', 1, 0, '0000-00-00 00:00:00', '2016-06-27 18:52:02'),
(105, 14, 'Port of Chittagong', 1, 0, '0000-00-00 00:00:00', '2016-06-27 18:52:02'),
(106, 14, 'Port of Khulna', 1, 0, '0000-00-00 00:00:00', '2016-06-27 18:52:02'),
(107, 14, 'Port of Mongla', 1, 0, '0000-00-00 00:00:00', '2016-06-27 18:52:02'),
(108, 15, 'Port of Bridgetown', 1, 0, '0000-00-00 00:00:00', '2016-06-27 18:52:02'),
(109, 16, 'Port of Mazyr', 1, 0, '0000-00-00 00:00:00', '2016-06-27 18:52:02'),
(110, 17, 'Port of Antwerp', 1, 0, '0000-00-00 00:00:00', '2016-06-27 18:52:02'),
(111, 17, 'Port of Brussels', 1, 0, '0000-00-00 00:00:00', '2016-06-27 18:52:02'),
(112, 17, 'The Port of Ghent', 1, 0, '0000-00-00 00:00:00', '2016-06-27 18:52:02'),
(113, 17, 'Port of Liege', 1, 0, '0000-00-00 00:00:00', '2016-06-27 18:52:02'),
(114, 17, 'Port of Nieuwpoort', 1, 0, '0000-00-00 00:00:00', '2016-06-27 18:52:02'),
(115, 17, 'Port of Namur', 1, 0, '0000-00-00 00:00:00', '2016-06-27 18:52:02'),
(116, 17, 'Port Oostende', 1, 0, '0000-00-00 00:00:00', '2016-06-27 18:52:02'),
(117, 17, 'Port of Bruges-Zeebrugge', 1, 0, '0000-00-00 00:00:00', '2016-06-27 18:52:02'),
(118, 18, 'Port of Belize', 1, 0, '0000-00-00 00:00:00', '2016-06-27 18:52:02'),
(119, 19, 'Port of Cotonou', 1, 0, '0000-00-00 00:00:00', '2016-06-27 18:52:02'),
(120, 20, 'Port of Freeport', 1, 0, '0000-00-00 00:00:00', '2016-06-27 18:52:02'),
(121, 20, 'Port of Hamilton', 1, 0, '0000-00-00 00:00:00', '2016-06-27 18:52:02'),
(122, 21, 'Puerto Aguirre', 1, 0, '0000-00-00 00:00:00', '2016-06-27 18:52:02'),
(123, 22, 'Port of Bourgas', 1, 0, '0000-00-00 00:00:00', '2016-06-27 18:52:02'),
(124, 23, 'Port of Muara', 1, 0, '0000-00-00 00:00:00', '2016-06-27 18:52:02'),
(125, 24, 'Suape Marine Terminal', 1, 0, '0000-00-00 00:00:00', '2016-06-27 18:52:02'),
(126, 24, 'Port of Itaguai', 1, 0, '0000-00-00 00:00:00', '2016-06-27 18:52:02'),
(127, 24, 'Port of Paranagua', 1, 0, '0000-00-00 00:00:00', '2016-06-27 18:52:02'),
(128, 24, 'Port of Pecem', 1, 0, '0000-00-00 00:00:00', '2016-06-27 18:52:02'),
(129, 24, 'Port of Rio de Janeiro', 1, 0, '0000-00-00 00:00:00', '2016-06-27 18:52:02'),
(130, 24, 'Port of Rio Grande', 1, 0, '0000-00-00 00:00:00', '2016-06-27 18:52:02'),
(131, 24, 'Port of Salvador', 1, 0, '0000-00-00 00:00:00', '2016-06-27 18:52:02'),
(132, 24, 'Port of Santos', 1, 0, '0000-00-00 00:00:00', '2016-06-27 18:52:02'),
(133, 24, 'Port of Vitoria', 1, 0, '0000-00-00 00:00:00', '2016-06-27 18:52:02'),
(134, 24, 'Port of Aratu', 1, 0, '0000-00-00 00:00:00', '2016-06-27 18:52:02'),
(135, 24, 'Port of Belem', 1, 0, '0000-00-00 00:00:00', '2016-06-27 18:52:02'),
(136, 24, 'Port of Itaguai', 1, 0, '0000-00-00 00:00:00', '2016-06-27 18:52:02'),
(137, 24, 'Port of Itajai', 1, 0, '0000-00-00 00:00:00', '2016-06-27 18:52:02'),
(138, 24, 'Port of Manaus', 1, 0, '0000-00-00 00:00:00', '2016-06-27 18:52:02'),
(139, 24, 'Port of Paranagua', 1, 0, '0000-00-00 00:00:00', '2016-06-27 18:52:02'),
(140, 24, 'Port of Recife', 1, 0, '0000-00-00 00:00:00', '2016-06-27 18:52:02'),
(141, 24, 'Port of Rio Grande', 1, 0, '0000-00-00 00:00:00', '2016-06-27 18:52:02'),
(142, 24, 'Port of Rio de Janeiro', 1, 0, '0000-00-00 00:00:00', '2016-06-27 18:52:02'),
(143, 24, 'Port of Salvador', 1, 0, '0000-00-00 00:00:00', '2016-06-27 18:52:02'),
(144, 24, 'Port of Santos', 1, 0, '0000-00-00 00:00:00', '2016-06-27 18:52:02'),
(145, 24, 'Port of Vitoria', 1, 0, '0000-00-00 00:00:00', '2016-06-27 18:52:02'),
(146, 25, 'Port of Phnom Penh', 1, 0, '0000-00-00 00:00:00', '2016-06-27 18:52:02'),
(147, 25, 'Port Sihanoukville', 1, 0, '0000-00-00 00:00:00', '2016-06-27 18:52:02'),
(148, 26, 'Port of Douala', 1, 0, '0000-00-00 00:00:00', '2016-06-27 18:52:02'),
(149, 27, 'Fraser River Port', 1, 0, '0000-00-00 00:00:00', '2016-06-27 18:52:02'),
(150, 27, 'Port of Halifax', 1, 0, '0000-00-00 00:00:00', '2016-06-27 18:52:02'),
(151, 27, 'Port of Montreal', 1, 0, '0000-00-00 00:00:00', '2016-06-27 18:52:02'),
(152, 27, 'Prince Rupert Port', 1, 0, '0000-00-00 00:00:00', '2016-06-27 18:52:02'),
(153, 27, 'Port of Quebec', 1, 0, '0000-00-00 00:00:00', '2016-06-27 18:52:02'),
(154, 27, 'Port of Sydney', 1, 0, '0000-00-00 00:00:00', '2016-06-27 18:52:02'),
(155, 27, 'Port of Toronto', 1, 0, '0000-00-00 00:00:00', '2016-06-27 18:52:02'),
(156, 27, 'Port Metro Vancouver', 1, 0, '0000-00-00 00:00:00', '2016-06-27 18:52:02'),
(157, 27, 'Fraser River Port', 1, 0, '0000-00-00 00:00:00', '2016-06-27 18:52:02'),
(158, 27, 'Port of Halifax', 1, 0, '0000-00-00 00:00:00', '2016-06-27 18:52:02'),
(159, 27, 'Hamilton Port', 1, 0, '0000-00-00 00:00:00', '2016-06-27 18:52:02'),
(160, 27, 'Port of Montreal', 1, 0, '0000-00-00 00:00:00', '2016-06-27 18:52:02'),
(161, 27, 'Port of Port Hawkesbury', 1, 0, '0000-00-00 00:00:00', '2016-06-27 18:52:02'),
(162, 27, 'Prince Rupert Port', 1, 0, '0000-00-00 00:00:00', '2016-06-27 18:52:02'),
(163, 27, 'Port of Quebec', 1, 0, '0000-00-00 00:00:00', '2016-06-27 18:52:02'),
(164, 27, 'Saint John Port', 1, 0, '0000-00-00 00:00:00', '2016-06-27 18:52:02'),
(165, 27, 'Port North Fraser*', 1, 0, '0000-00-00 00:00:00', '2016-06-27 18:52:02'),
(166, 27, 'Port of St. John''s', 1, 0, '0000-00-00 00:00:00', '2016-06-27 18:52:02'),
(167, 27, 'Port of Sydney', 1, 0, '0000-00-00 00:00:00', '2016-06-27 18:52:02'),
(168, 27, 'Port Metro Vancouver', 1, 0, '0000-00-00 00:00:00', '2016-06-27 18:52:02'),
(169, 28, 'Porto da Palmeira', 1, 0, '0000-00-00 00:00:00', '2016-06-27 18:52:02'),
(170, 28, 'Port of Ingles', 1, 0, '0000-00-00 00:00:00', '2016-06-27 18:52:02'),
(171, 28, 'Port of Porto Novo', 1, 0, '0000-00-00 00:00:00', '2016-06-27 18:52:02'),
(172, 28, 'Porto da Praia', 1, 0, '0000-00-00 00:00:00', '2016-06-27 18:52:02'),
(173, 28, 'Port of Sal Rei', 1, 0, '0000-00-00 00:00:00', '2016-06-27 18:52:02'),
(174, 28, 'Port of Tarrafal', 1, 0, '0000-00-00 00:00:00', '2016-06-27 18:52:02'),
(175, 29, 'Port of Cayman Brac', 1, 0, '0000-00-00 00:00:00', '2016-06-27 18:52:02'),
(176, 29, 'Port of George Town', 1, 0, '0000-00-00 00:00:00', '2016-06-27 18:52:02'),
(177, 30, 'Port of Bangui', 1, 0, '0000-00-00 00:00:00', '2016-06-27 18:52:02'),
(178, 31, 'Port of Arica', 1, 0, '0000-00-00 00:00:00', '2016-06-27 18:52:02'),
(179, 31, 'Port of Iquique', 1, 0, '0000-00-00 00:00:00', '2016-06-27 18:52:02'),
(180, 31, 'Port of Lirquen', 1, 0, '0000-00-00 00:00:00', '2016-06-27 18:52:02'),
(181, 31, 'Puerto San Antonio', 1, 0, '0000-00-00 00:00:00', '2016-06-27 18:52:02'),
(182, 31, 'Port of San Vicente', 1, 0, '0000-00-00 00:00:00', '2016-06-27 18:52:02'),
(183, 31, 'Port of Arica', 1, 0, '0000-00-00 00:00:00', '2016-06-27 18:52:02'),
(184, 31, 'Port of Coquimbo', 1, 0, '0000-00-00 00:00:00', '2016-06-27 18:52:02'),
(185, 31, 'Puerto San Antonio', 1, 0, '0000-00-00 00:00:00', '2016-06-27 18:52:02'),
(186, 31, 'Port of Talcahuano', 1, 0, '0000-00-00 00:00:00', '2016-06-27 18:52:02'),
(187, 32, 'Port of Chiwan', 1, 0, '0000-00-00 00:00:00', '2016-06-27 18:52:02'),
(188, 32, 'Port of Guangzhou', 1, 0, '0000-00-00 00:00:00', '2016-06-27 18:52:02'),
(189, 32, 'Port of Huangpu', 1, 0, '0000-00-00 00:00:00', '2016-06-27 18:52:02'),
(190, 32, 'Port of Lianyungang', 1, 0, '0000-00-00 00:00:00', '2016-06-27 18:52:02'),
(191, 32, 'Port of Ningbo', 1, 0, '0000-00-00 00:00:00', '2016-06-27 18:52:02'),
(192, 32, 'Port of Qingdao', 1, 0, '0000-00-00 00:00:00', '2016-06-27 18:52:02'),
(193, 32, 'Port of Shanghai', 1, 0, '0000-00-00 00:00:00', '2016-06-27 18:52:02'),
(194, 32, 'Port of Tianjin', 1, 0, '0000-00-00 00:00:00', '2016-06-27 18:52:02'),
(195, 32, 'Port of Shekou', 1, 0, '0000-00-00 00:00:00', '2016-06-27 18:52:02'),
(196, 32, 'Port of Xingang', 1, 0, '0000-00-00 00:00:00', '2016-06-27 18:52:02'),
(197, 32, 'Port of Yantian', 1, 0, '0000-00-00 00:00:00', '2016-06-27 18:52:02'),
(198, 32, 'Port of Dalian', 1, 0, '0000-00-00 00:00:00', '2016-06-27 18:52:02'),
(199, 32, 'Port of Guangzhou', 1, 0, '0000-00-00 00:00:00', '2016-06-27 18:52:02'),
(200, 32, 'Port of Huadu', 1, 0, '0000-00-00 00:00:00', '2016-06-27 18:52:02'),
(201, 32, 'Port of Jinzhou', 1, 0, '0000-00-00 00:00:00', '2016-06-27 18:52:02'),
(202, 32, 'Port of Jiangmen', 1, 0, '0000-00-00 00:00:00', '2016-06-27 18:52:02'),
(203, 32, 'Port of Lianyungang', 1, 0, '0000-00-00 00:00:00', '2016-06-27 18:52:02'),
(204, 32, 'Port of Nanjing', 1, 0, '0000-00-00 00:00:00', '2016-06-27 18:52:02'),
(205, 32, 'Port of Nantong', 1, 0, '0000-00-00 00:00:00', '2016-06-27 18:52:02'),
(206, 32, 'Port of Ningbo', 1, 0, '0000-00-00 00:00:00', '2016-06-27 18:52:02'),
(207, 32, 'Port of Qingdao', 1, 0, '0000-00-00 00:00:00', '2016-06-27 18:52:02'),
(208, 32, 'Port of Shanghai', 1, 0, '0000-00-00 00:00:00', '2016-06-27 18:52:02'),
(209, 32, 'Port of Taicang', 1, 0, '0000-00-00 00:00:00', '2016-06-27 18:52:02'),
(210, 32, 'Port of Tianjin', 1, 0, '0000-00-00 00:00:00', '2016-06-27 18:52:02'),
(211, 32, 'Port of Taizhou', 1, 0, '0000-00-00 00:00:00', '2016-06-27 18:52:02'),
(212, 32, 'Port of Wuhan', 1, 0, '0000-00-00 00:00:00', '2016-06-27 18:52:02'),
(213, 32, 'Port of Wenzhou', 1, 0, '0000-00-00 00:00:00', '2016-06-27 18:52:02'),
(214, 32, 'Port of Xiamen', 1, 0, '0000-00-00 00:00:00', '2016-06-27 18:52:02'),
(215, 32, 'Port of Yantian', 1, 0, '0000-00-00 00:00:00', '2016-06-27 18:52:02'),
(216, 32, 'Port of Yingkou', 1, 0, '0000-00-00 00:00:00', '2016-06-27 18:52:02'),
(217, 32, 'Port of Yantai', 1, 0, '0000-00-00 00:00:00', '2016-06-27 18:52:02'),
(218, 32, 'Port of Zhanjiang', 1, 0, '0000-00-00 00:00:00', '2016-06-27 18:52:02'),
(219, 33, 'Port of Christmas Island', 1, 0, '0000-00-00 00:00:00', '2016-06-27 18:52:02'),
(220, 34, 'Palermo Port Society', 1, 0, '0000-00-00 00:00:00', '2016-06-27 18:52:02'),
(221, 34, 'Port of Barranquilla', 1, 0, '0000-00-00 00:00:00', '2016-06-27 18:52:02'),
(222, 34, 'Port of Sociedad Portuaria Regional de Buenaventura', 1, 0, '0000-00-00 00:00:00', '2016-06-27 18:52:02'),
(223, 34, 'Port of Cartagena', 1, 0, '0000-00-00 00:00:00', '2016-06-27 18:52:02'),
(224, 34, 'Port of Cienaga', 1, 0, '0000-00-00 00:00:00', '2016-06-27 18:52:02'),
(225, 34, 'Port of Mamonal', 1, 0, '0000-00-00 00:00:00', '2016-06-27 18:52:02'),
(226, 34, 'Port of Santa Marta', 1, 0, '0000-00-00 00:00:00', '2016-06-27 18:52:02'),
(227, 34, 'Port of Pozos Colorados', 1, 0, '0000-00-00 00:00:00', '2016-06-27 18:52:02'),
(228, 34, 'Port of Tolu', 1, 0, '0000-00-00 00:00:00', '2016-06-27 18:52:02'),
(229, 34, 'Port of Tumaco', 1, 0, '0000-00-00 00:00:00', '2016-06-27 18:52:02'),
(230, 34, 'Port of Turbo', 1, 0, '0000-00-00 00:00:00', '2016-06-27 18:52:02'),
(231, 35, 'Port of Fomboni', 1, 0, '0000-00-00 00:00:00', '2016-06-27 18:52:02'),
(232, 35, 'Port of Moroni', 1, 0, '0000-00-00 00:00:00', '2016-06-27 18:52:02'),
(233, 36, 'Port of Boma', 1, 0, '0000-00-00 00:00:00', '2016-06-27 18:52:02'),
(234, 36, 'Port of Banana', 1, 0, '0000-00-00 00:00:00', '2016-06-27 18:52:02'),
(235, 36, 'Port of Matadi', 1, 0, '0000-00-00 00:00:00', '2016-06-27 18:52:02'),
(236, 37, 'Puerto de Caldera', 1, 0, '0000-00-00 00:00:00', '2016-06-27 18:52:02'),
(237, 37, 'Puerto Golfito', 1, 0, '0000-00-00 00:00:00', '2016-06-27 18:52:02'),
(238, 37, 'Puerto Limon', 1, 0, '0000-00-00 00:00:00', '2016-06-27 18:52:02'),
(239, 37, 'Puerto Puntarenas', 1, 0, '0000-00-00 00:00:00', '2016-06-27 18:52:02'),
(240, 37, 'Puerto Moin', 1, 0, '0000-00-00 00:00:00', '2016-06-27 18:52:02'),
(241, 37, 'Puerto Quepos', 1, 0, '0000-00-00 00:00:00', '2016-06-27 18:52:02'),
(242, 38, 'Espoir Terminal', 1, 0, '0000-00-00 00:00:00', '2016-06-27 18:52:02'),
(243, 38, 'Port Bouet Tanker Terminal', 1, 0, '0000-00-00 00:00:00', '2016-06-27 18:52:02'),
(244, 38, 'Port of San Pedro', 1, 0, '0000-00-00 00:00:00', '2016-06-27 18:52:02'),
(245, 38, 'Port of Abidjan*', 1, 0, '0000-00-00 00:00:00', '2016-06-27 18:52:02'),
(246, 39, 'Port of Dubrovnik', 1, 0, '0000-00-00 00:00:00', '2016-06-27 18:52:02'),
(247, 39, 'Port of Ploce', 1, 0, '0000-00-00 00:00:00', '2016-06-27 18:52:02'),
(248, 39, 'Port of Rijeka', 1, 0, '0000-00-00 00:00:00', '2016-06-27 18:52:02'),
(249, 39, 'Port of Sibenik', 1, 0, '0000-00-00 00:00:00', '2016-06-27 18:52:02'),
(250, 39, 'Port of Split', 1, 0, '0000-00-00 00:00:00', '2016-06-27 18:52:02'),
(251, 39, 'Port of Vukovar', 1, 0, '0000-00-00 00:00:00', '2016-06-27 18:52:02'),
(252, 39, 'Port of Split', 1, 0, '0000-00-00 00:00:00', '2016-06-27 18:52:02'),
(253, 39, 'Port of Vukovar', 1, 0, '0000-00-00 00:00:00', '2016-06-27 18:52:02'),
(254, 40, 'Port of Havana*', 1, 0, '0000-00-00 00:00:00', '2016-06-27 18:52:02'),
(255, 40, 'Port of Manzanillo', 1, 0, '0000-00-00 00:00:00', '2016-06-27 18:52:02'),
(256, 40, 'Port of Mariel', 1, 0, '0000-00-00 00:00:00', '2016-06-27 18:52:02'),
(257, 40, 'Port of Matanzas', 1, 0, '0000-00-00 00:00:00', '2016-06-27 18:52:02'),
(258, 40, 'Port of Santa Lucia', 1, 0, '0000-00-00 00:00:00', '2016-06-27 18:52:02'),
(259, 40, 'Port of Santiago de Cuba', 1, 0, '0000-00-00 00:00:00', '2016-06-27 18:52:02'),
(260, 40, 'Port of Havana*', 1, 0, '0000-00-00 00:00:00', '2016-06-27 18:52:02'),
(261, 41, 'Dhekelia', 1, 0, '0000-00-00 00:00:00', '2016-06-27 18:52:02'),
(262, 41, 'Port of Famagusta', 1, 0, '0000-00-00 00:00:00', '2016-06-27 18:52:02'),
(263, 41, 'Larnaca Port', 1, 0, '0000-00-00 00:00:00', '2016-06-27 18:52:02'),
(264, 41, 'Limassol Port*', 1, 0, '0000-00-00 00:00:00', '2016-06-27 18:52:02'),
(265, 42, 'Port of Usti nad Labem', 1, 0, '0000-00-00 00:00:00', '2016-06-27 18:52:02'),
(266, 42, 'Port of Prague', 1, 0, '0000-00-00 00:00:00', '2016-06-27 18:52:02'),
(267, 43, 'Port of Avatiu', 1, 0, '0000-00-00 00:00:00', '2016-06-27 18:52:02'),
(268, 44, 'Port of Aarhus', 1, 0, '0000-00-00 00:00:00', '2016-06-27 18:52:02'),
(269, 44, 'Port of Copenhagen', 1, 0, '0000-00-00 00:00:00', '2016-06-27 18:52:02'),
(270, 44, 'Port of Esbjerg', 1, 0, '0000-00-00 00:00:00', '2016-06-27 18:52:02'),
(271, 44, 'Terminal Fredericia', 1, 0, '0000-00-00 00:00:00', '2016-06-27 18:52:02'),
(272, 44, 'Port of Tuborg', 1, 0, '0000-00-00 00:00:00', '2016-06-27 18:52:02'),
(273, 44, 'ADP Nyborg Terminal *', 1, 0, '0000-00-00 00:00:00', '2016-06-27 18:52:02'),
(274, 44, 'Port of Copenhagen', 1, 0, '0000-00-00 00:00:00', '2016-06-27 18:52:02'),
(275, 44, 'Port of Esbjerg', 1, 0, '0000-00-00 00:00:00', '2016-06-27 18:52:02'),
(276, 44, 'ADP Nyborg Terminal ', 1, 0, '0000-00-00 00:00:00', '2016-06-27 18:52:02'),
(277, 45, 'Port of Djibouti', 1, 0, '0000-00-00 00:00:00', '2016-06-27 18:52:02'),
(278, 46, 'Port of Portsmouth', 1, 0, '0000-00-00 00:00:00', '2016-06-27 18:52:02'),
(279, 46, 'Port of Roseau', 1, 0, '0000-00-00 00:00:00', '2016-06-27 18:52:02'),
(280, 46, 'Port of Woodbridge Bay', 1, 0, '0000-00-00 00:00:00', '2016-06-27 18:52:02'),
(281, 47, 'Port of Arroyo Barril.', 1, 0, '0000-00-00 00:00:00', '2016-06-27 18:52:02'),
(282, 47, 'Port of Rio Haina', 1, 0, '0000-00-00 00:00:00', '2016-06-27 18:52:02'),
(283, 47, 'Port of Boca Chica', 1, 0, '0000-00-00 00:00:00', '2016-06-27 18:52:02'),
(284, 47, 'Port of Barahona', 1, 0, '0000-00-00 00:00:00', '2016-06-27 18:52:02'),
(285, 47, 'Port of Cabo Rojo', 1, 0, '0000-00-00 00:00:00', '2016-06-27 18:52:02'),
(286, 47, 'Port of Catalina Island', 1, 0, '0000-00-00 00:00:00', '2016-06-27 18:52:02'),
(287, 47, 'Port of La Romana', 1, 0, '0000-00-00 00:00:00', '2016-06-27 18:52:02'),
(288, 47, 'Port of Manzanillo', 1, 0, '0000-00-00 00:00:00', '2016-06-27 18:52:02'),
(289, 47, 'Port of Palenque', 1, 0, '0000-00-00 00:00:00', '2016-06-27 18:52:02'),
(290, 47, 'Port of Puerto Viejo de Azua', 1, 0, '0000-00-00 00:00:00', '2016-06-27 18:52:02'),
(291, 47, 'Port of Puerto Plata', 1, 0, '0000-00-00 00:00:00', '2016-06-27 18:52:02'),
(292, 48, 'Port of Bahia De Caraquez', 1, 0, '0000-00-00 00:00:00', '2016-06-27 18:52:02'),
(293, 48, 'Balao Terminal', 1, 0, '0000-00-00 00:00:00', '2016-06-27 18:52:02'),
(294, 48, 'Port of Guayaquil', 1, 0, '0000-00-00 00:00:00', '2016-06-27 18:52:02'),
(295, 48, 'Port of La Libertad', 1, 0, '0000-00-00 00:00:00', '2016-06-27 18:52:02'),
(296, 48, 'Port of Manta', 1, 0, '0000-00-00 00:00:00', '2016-06-27 18:52:02'),
(297, 48, '', 1, 0, '0000-00-00 00:00:00', '2016-06-27 18:52:02'),
(298, 48, 'Port of Puerto Bolivar', 1, 0, '0000-00-00 00:00:00', '2016-06-27 18:52:02'),
(299, 49, 'Port of Abu Qir', 1, 0, '0000-00-00 00:00:00', '2016-06-27 18:52:02'),
(300, 49, 'Port of Abu Zenima', 1, 0, '0000-00-00 00:00:00', '2016-06-27 18:52:02'),
(301, 49, 'Abu Tig Marina', 1, 0, '0000-00-00 00:00:00', '2016-06-27 18:52:02'),
(302, 49, 'Port of Adabiya', 1, 0, '0000-00-00 00:00:00', '2016-06-27 18:52:02'),
(303, 49, 'Port of Al-Tour', 1, 0, '0000-00-00 00:00:00', '2016-06-27 18:52:02'),
(304, 49, 'Port of Alexandria', 1, 0, '0000-00-00 00:00:00', '2016-06-27 18:52:02'),
(305, 49, 'Port of Damietta', 1, 0, '0000-00-00 00:00:00', '2016-06-27 18:52:02'),
(306, 49, 'Port Said', 1, 0, '0000-00-00 00:00:00', '2016-06-27 18:52:02'),
(307, 49, 'Petroleum Dock Port', 1, 0, '0000-00-00 00:00:00', '2016-06-27 18:52:02'),
(308, 49, 'Port Suez', 1, 0, '0000-00-00 00:00:00', '2016-06-27 18:52:02'),
(309, 50, 'Port of Abashiri', 1, 0, '0000-00-00 00:00:00', '2016-06-27 18:52:02'),
(310, 50, 'Port of Akita', 1, 0, '0000-00-00 00:00:00', '2016-06-27 18:52:02'),
(311, 50, 'Port of Aomori', 1, 0, '0000-00-00 00:00:00', '2016-06-27 18:52:02'),
(312, 50, 'Port of Fukui', 1, 0, '0000-00-00 00:00:00', '2016-06-27 18:52:02'),
(313, 50, 'Port of Hachinohe', 1, 0, '0000-00-00 00:00:00', '2016-06-27 18:52:02'),
(314, 50, 'Port of Hakata', 1, 0, '0000-00-00 00:00:00', '2016-06-27 18:52:02'),
(315, 50, 'Port of Hakodate', 1, 0, '0000-00-00 00:00:00', '2016-06-27 18:52:02'),
(316, 50, 'Port of Hamakanaya', 1, 0, '0000-00-00 00:00:00', '2016-06-27 18:52:02'),
(317, 50, 'Port of Hannan', 1, 0, '0000-00-00 00:00:00', '2016-06-27 18:52:02'),
(318, 50, 'Hibiki Port', 1, 0, '0000-00-00 00:00:00', '2016-06-27 18:52:02'),
(319, 50, 'Port of Hitachinaka', 1, 0, '0000-00-00 00:00:00', '2016-06-27 18:52:02'),
(320, 50, 'Port of Hiroshima*', 1, 0, '0000-00-00 00:00:00', '2016-06-27 18:52:02'),
(321, 50, 'Port of Ishinomaki', 1, 0, '0000-00-00 00:00:00', '2016-06-27 18:52:02'),
(322, 50, 'Port of Kanazawa', 1, 0, '0000-00-00 00:00:00', '2016-06-27 18:52:02'),
(323, 50, 'Port of Kawasaki', 1, 0, '0000-00-00 00:00:00', '2016-06-27 18:52:02'),
(324, 50, 'Port of Kinuura', 1, 0, '0000-00-00 00:00:00', '2016-06-27 18:52:02'),
(325, 50, 'Port of Kisarazu', 1, 0, '0000-00-00 00:00:00', '2016-06-27 18:52:02'),
(326, 50, 'Port of Kitakyushu', 1, 0, '0000-00-00 00:00:00', '2016-06-27 18:52:02'),
(327, 50, 'Port of Kobe', 1, 0, '0000-00-00 00:00:00', '2016-06-27 18:52:02'),
(328, 50, 'Port of Kochi', 1, 0, '0000-00-00 00:00:00', '2016-06-27 18:52:02'),
(329, 50, 'Port of Kokura', 1, 0, '0000-00-00 00:00:00', '2016-06-27 18:52:02'),
(330, 50, 'Port of Kushiro', 1, 0, '0000-00-00 00:00:00', '2016-06-27 18:52:02'),
(331, 50, 'Port of Maizuru', 1, 0, '0000-00-00 00:00:00', '2016-06-27 18:52:02'),
(332, 50, 'Port of Mizushima', 1, 0, '0000-00-00 00:00:00', '2016-06-27 18:52:02'),
(333, 50, 'Port of Mutsuogawara', 1, 0, '0000-00-00 00:00:00', '2016-06-27 18:52:02'),
(334, 50, 'Port of Nagasaki', 1, 0, '0000-00-00 00:00:00', '2016-06-27 18:52:02'),
(335, 50, 'Port of Nagoya', 1, 0, '0000-00-00 00:00:00', '2016-06-27 18:52:02'),
(336, 50, 'Port of Naha', 1, 0, '0000-00-00 00:00:00', '2016-06-27 18:52:02'),
(337, 50, 'Port of Nanao', 1, 0, '0000-00-00 00:00:00', '2016-06-27 18:52:02'),
(338, 50, 'Port of Naoetsu', 1, 0, '0000-00-00 00:00:00', '2016-06-27 18:52:02'),
(339, 50, 'Port of Niigata', 1, 0, '0000-00-00 00:00:00', '2016-06-27 18:52:02'),
(340, 50, 'Port of Niihama', 1, 0, '0000-00-00 00:00:00', '2016-06-27 18:52:02'),
(341, 50, 'Port of Oita', 1, 0, '0000-00-00 00:00:00', '2016-06-27 18:52:02'),
(342, 50, 'Port of Onahama', 1, 0, '0000-00-00 00:00:00', '2016-06-27 18:52:02'),
(343, 50, 'Port of Osaka', 1, 0, '0000-00-00 00:00:00', '2016-06-27 18:52:02'),
(344, 50, 'Port of Sakai', 1, 0, '0000-00-00 00:00:00', '2016-06-27 18:52:02'),
(345, 50, 'Port of Sakaide', 1, 0, '0000-00-00 00:00:00', '2016-06-27 18:52:02'),
(346, 50, 'Port of Sakata', 1, 0, '0000-00-00 00:00:00', '2016-06-27 18:52:02'),
(347, 50, 'Port of Sasebo', 1, 0, '0000-00-00 00:00:00', '2016-06-27 18:52:02'),
(348, 50, 'Port of Sendai', 1, 0, '0000-00-00 00:00:00', '2016-06-27 18:52:02'),
(349, 50, 'Port of Shimizu', 1, 0, '0000-00-00 00:00:00', '2016-06-27 18:52:02'),
(350, 50, 'Port of Shimonoseki', 1, 0, '0000-00-00 00:00:00', '2016-06-27 18:52:02'),
(351, 50, 'Port of Susaki', 1, 0, '0000-00-00 00:00:00', '2016-06-27 18:52:02'),
(352, 50, 'Port of Tokyo', 1, 0, '0000-00-00 00:00:00', '2016-06-27 18:52:02'),
(353, 50, 'Port of Tomakomai', 1, 0, '0000-00-00 00:00:00', '2016-06-27 18:52:02'),
(354, 50, 'Port of Toyohashi', 1, 0, '0000-00-00 00:00:00', '2016-06-27 18:52:02'),
(355, 50, 'Port of Wakayama', 1, 0, '0000-00-00 00:00:00', '2016-06-27 18:52:02'),
(356, 50, 'Port of Yawata', 1, 0, '0000-00-00 00:00:00', '2016-06-27 18:52:02'),
(357, 50, 'Port of Yokkaichi', 1, 0, '0000-00-00 00:00:00', '2016-06-27 18:52:02'),
(358, 50, 'Port of Yokohama', 1, 0, '0000-00-00 00:00:00', '2016-06-27 18:52:02'),
(359, 50, 'Port of Yokosuka', 1, 0, '0000-00-00 00:00:00', '2016-06-27 18:52:02'),
(360, 51, 'Port of Hamina', 1, 0, '0000-00-00 00:00:00', '2016-06-27 18:52:02'),
(361, 51, 'Port of Jakobstad', 1, 0, '0000-00-00 00:00:00', '2016-06-27 18:52:02'),
(362, 51, 'Port of Helsinki', 1, 0, '0000-00-00 00:00:00', '2016-06-27 18:52:02'),
(363, 51, 'Port of Kotka', 1, 0, '0000-00-00 00:00:00', '2016-06-27 18:52:02'),
(364, 51, 'Port of Kokkola*', 1, 0, '0000-00-00 00:00:00', '2016-06-27 18:52:02'),
(365, 51, 'Port of Rauma', 1, 0, '0000-00-00 00:00:00', '2016-06-27 18:52:02'),
(366, 51, 'Port of Jakobstad', 1, 0, '0000-00-00 00:00:00', '2016-06-27 18:52:02'),
(367, 51, 'Port of Hamina*', 1, 0, '0000-00-00 00:00:00', '2016-06-27 18:52:02'),
(368, 51, 'Port of Kokkola', 1, 0, '0000-00-00 00:00:00', '2016-06-27 18:52:02'),
(369, 51, 'Port of Joensuu*', 1, 0, '0000-00-00 00:00:00', '2016-06-27 18:52:02'),
(370, 51, 'Port of Rauma', 1, 0, '0000-00-00 00:00:00', '2016-06-27 18:52:02'),
(371, 52, 'Port of Bordeaux', 1, 0, '0000-00-00 00:00:00', '2016-06-27 18:52:02'),
(372, 52, 'Port of Brest', 1, 0, '0000-00-00 00:00:00', '2016-06-27 18:52:02'),
(373, 52, 'Port of Dunkerque', 1, 0, '0000-00-00 00:00:00', '2016-06-27 18:52:02'),
(374, 52, 'Port of La Pallice', 1, 0, '0000-00-00 00:00:00', '2016-06-27 18:52:02'),
(375, 52, 'Port of Fos-sur-Mer*', 1, 0, '0000-00-00 00:00:00', '2016-06-27 18:52:02'),
(376, 52, 'Port of Le Havre', 1, 0, '0000-00-00 00:00:00', '2016-06-27 18:52:02'),
(377, 52, 'Port of Marseille', 1, 0, '0000-00-00 00:00:00', '2016-06-27 18:52:02'),
(378, 52, 'Port of Nantes - Saint Nazaire', 1, 0, '0000-00-00 00:00:00', '2016-06-27 18:52:02'),
(379, 52, 'Port of Rouen', 1, 0, '0000-00-00 00:00:00', '2016-06-27 18:52:02'),
(380, 52, 'Port of Bordeaux', 1, 0, '0000-00-00 00:00:00', '2016-06-27 18:52:02'),
(381, 52, 'Port of Bayonne', 1, 0, '0000-00-00 00:00:00', '2016-06-27 18:52:02'),
(382, 52, 'Port of Boulogne-sur-Mer', 1, 0, '0000-00-00 00:00:00', '2016-06-27 18:52:02'),
(383, 52, 'Port of Brest', 1, 0, '0000-00-00 00:00:00', '2016-06-27 18:52:02'),
(384, 52, 'Port of Bayonne', 1, 0, '0000-00-00 00:00:00', '2016-06-27 18:52:02'),
(385, 52, 'Port of Caen', 1, 0, '0000-00-00 00:00:00', '2016-06-27 18:52:02'),
(386, 52, 'Port of Calais', 1, 0, '0000-00-00 00:00:00', '2016-06-27 18:52:02'),
(387, 52, 'Port of Cherbourg', 1, 0, '0000-00-00 00:00:00', '2016-06-27 18:52:02'),
(388, 52, 'Port of Dunkerque', 1, 0, '0000-00-00 00:00:00', '2016-06-27 18:52:02'),
(389, 52, 'Port of Fos-sur-Mer', 1, 0, '0000-00-00 00:00:00', '2016-06-27 18:52:02'),
(390, 52, 'Port of Gennevilliers', 1, 0, '0000-00-00 00:00:00', '2016-06-27 18:52:02'),
(391, 52, 'Port of Guadeloupe', 1, 0, '0000-00-00 00:00:00', '2016-06-27 18:52:02'),
(392, 52, 'Port of Le Havre', 1, 0, '0000-00-00 00:00:00', '2016-06-27 18:52:02'),
(393, 52, 'Port of Lorient', 1, 0, '0000-00-00 00:00:00', '2016-06-27 18:52:02'),
(394, 52, 'Port of Marseille', 1, 0, '0000-00-00 00:00:00', '2016-06-27 18:52:02'),
(395, 52, 'Port of Nantes - Saint Nazaire', 1, 0, '0000-00-00 00:00:00', '2016-06-27 18:52:02'),
(396, 52, 'Port of Rouen', 1, 0, '0000-00-00 00:00:00', '2016-06-27 18:52:02'),
(397, 52, 'Port of Sete', 1, 0, '0000-00-00 00:00:00', '2016-06-27 18:52:02'),
(398, 52, 'Port of Strasbourg', 1, 0, '0000-00-00 00:00:00', '2016-06-27 18:52:02'),
(399, 53, 'Port of Banjul', 1, 0, '0000-00-00 00:00:00', '2016-06-27 18:52:02'),
(400, 54, 'Port of Batumi', 1, 0, '0000-00-00 00:00:00', '2016-06-27 18:52:02'),
(401, 54, 'Port of Sukhumi', 1, 0, '0000-00-00 00:00:00', '2016-06-27 18:52:02'),
(402, 54, 'Port of Poti*', 1, 0, '0000-00-00 00:00:00', '2016-06-27 18:52:02'),
(403, 55, 'Port of Bremen', 1, 0, '0000-00-00 00:00:00', '2016-06-27 18:52:03'),
(404, 55, 'Port of Bremerhaven', 1, 0, '0000-00-00 00:00:00', '2016-06-27 18:52:03'),
(405, 55, 'Port of Brunsbuttel', 1, 0, '0000-00-00 00:00:00', '2016-06-27 18:52:03'),
(406, 55, 'Port of Duisburg', 1, 0, '0000-00-00 00:00:00', '2016-06-27 18:52:03'),
(407, 55, 'Port of Emden', 1, 0, '0000-00-00 00:00:00', '2016-06-27 18:52:03'),
(408, 55, 'Port of Frankfurt', 1, 0, '0000-00-00 00:00:00', '2016-06-27 18:52:03'),
(409, 55, 'Port of Kiel', 1, 0, '0000-00-00 00:00:00', '2016-06-27 18:52:03'),
(410, 55, 'Port of Hamburg*', 1, 0, '0000-00-00 00:00:00', '2016-06-27 18:52:03'),
(411, 55, 'Port of Lubeck', 1, 0, '0000-00-00 00:00:00', '2016-06-27 18:52:03'),
(412, 55, 'Port of Bremen', 1, 0, '0000-00-00 00:00:00', '2016-06-27 18:52:03'),
(413, 55, 'Port of Bremerhaven', 1, 0, '0000-00-00 00:00:00', '2016-06-27 18:52:03'),
(414, 55, 'Port of Brunsbuttel', 1, 0, '0000-00-00 00:00:00', '2016-06-27 18:52:03'),
(415, 55, 'Port of Duisburg', 1, 0, '0000-00-00 00:00:00', '2016-06-27 18:52:03'),
(416, 55, 'Port of Emden', 1, 0, '0000-00-00 00:00:00', '2016-06-27 18:52:03'),
(417, 55, 'Port of Hamburg', 1, 0, '0000-00-00 00:00:00', '2016-06-27 18:52:03'),
(418, 55, 'Port of Karlsruhe', 1, 0, '0000-00-00 00:00:00', '2016-06-27 18:52:03'),
(419, 55, 'Port of Kiel', 1, 0, '0000-00-00 00:00:00', '2016-06-27 18:52:03'),
(420, 55, 'Port of Lubeck', 1, 0, '0000-00-00 00:00:00', '2016-06-27 18:52:03'),
(421, 55, 'Port of Ostermoor', 1, 0, '0000-00-00 00:00:00', '2016-06-27 18:52:03'),
(422, 55, 'Port of Rostock', 1, 0, '0000-00-00 00:00:00', '2016-06-27 18:52:03'),
(423, 55, 'Port of Wilhelmshaven', 1, 0, '0000-00-00 00:00:00', '2016-06-27 18:52:03'),
(424, 55, 'Port of Wismar', 1, 0, '0000-00-00 00:00:00', '2016-06-27 18:52:03'),
(425, 56, 'Port of Elmina', 1, 0, '0000-00-00 00:00:00', '2016-06-27 18:52:03'),
(426, 56, 'Port of Saltpond', 1, 0, '0000-00-00 00:00:00', '2016-06-27 18:52:03'),
(427, 56, 'Port of Takoradi', 1, 0, '0000-00-00 00:00:00', '2016-06-27 18:52:03'),
(428, 56, 'Port of Tema', 1, 0, '0000-00-00 00:00:00', '2016-06-27 18:52:03'),
(429, 57, 'Port of Gibraltar', 1, 0, '0000-00-00 00:00:00', '2016-06-27 18:52:03'),
(430, 58, 'Port of Agioi Theodoroi', 1, 0, '0000-00-00 00:00:00', '2016-06-27 18:52:03'),
(431, 58, 'Port of Alexandroupolis', 1, 0, '0000-00-00 00:00:00', '2016-06-27 18:52:03'),
(432, 58, 'Port of Corfu', 1, 0, '0000-00-00 00:00:00', '2016-06-27 18:52:03'),
(433, 58, 'Port of Piraeus', 1, 0, '0000-00-00 00:00:00', '2016-06-27 18:52:03'),
(434, 58, 'Port of Thessaloniki', 1, 0, '0000-00-00 00:00:00', '2016-06-27 18:52:03'),
(435, 58, 'Port of Volos', 1, 0, '0000-00-00 00:00:00', '2016-06-27 18:52:03'),
(436, 58, 'Port of Dafni', 1, 0, '0000-00-00 00:00:00', '2016-06-27 18:52:03'),
(437, 58, 'Port of Patras', 1, 0, '0000-00-00 00:00:00', '2016-06-27 18:52:03'),
(438, 58, 'Port of Piraeus', 1, 0, '0000-00-00 00:00:00', '2016-06-27 18:52:03'),
(439, 58, 'Port of Thessaloniki', 1, 0, '0000-00-00 00:00:00', '2016-06-27 18:52:03'),
(440, 58, 'Port of Volos', 1, 0, '0000-00-00 00:00:00', '2016-06-27 18:52:03'),
(441, 59, 'Port of Aasiaat', 1, 0, '0000-00-00 00:00:00', '2016-06-27 18:52:03'),
(442, 59, 'Port of Ammassalik', 1, 0, '0000-00-00 00:00:00', '2016-06-27 18:52:03'),
(443, 59, 'Port of Faeringehavn', 1, 0, '0000-00-00 00:00:00', '2016-06-27 18:52:03'),
(444, 59, 'Port of Ilulissat', 1, 0, '0000-00-00 00:00:00', '2016-06-27 18:52:03'),
(445, 59, 'Port of Kangilinnguit', 1, 0, '0000-00-00 00:00:00', '2016-06-27 18:52:03'),
(446, 59, 'Port of Maniitsoq', 1, 0, '0000-00-00 00:00:00', '2016-06-27 18:52:03'),
(447, 59, 'Port of Marmorilik', 1, 0, '0000-00-00 00:00:00', '2016-06-27 18:52:03'),
(448, 59, 'Port of Nanortalik', 1, 0, '0000-00-00 00:00:00', '2016-06-27 18:52:03'),
(449, 59, 'Port of Narsaq', 1, 0, '0000-00-00 00:00:00', '2016-06-27 18:52:03'),
(450, 59, 'Port of Paamiut', 1, 0, '0000-00-00 00:00:00', '2016-06-27 18:52:03'),
(451, 59, 'Port of Qaanaaq', 1, 0, '0000-00-00 00:00:00', '2016-06-27 18:52:03'),
(452, 59, 'Port of Qaqortoq', 1, 0, '0000-00-00 00:00:00', '2016-06-27 18:52:03'),
(453, 59, 'Port of Sisimiut', 1, 0, '0000-00-00 00:00:00', '2016-06-27 18:52:03'),
(454, 59, 'Port of Tasiilaq', 1, 0, '0000-00-00 00:00:00', '2016-06-27 18:52:03'),
(455, 59, 'Port of Upernavik', 1, 0, '0000-00-00 00:00:00', '2016-06-27 18:52:03'),
(456, 60, 'Port of Champerico', 1, 0, '0000-00-00 00:00:00', '2016-06-27 18:52:03'),
(457, 60, 'Puerto Barrios', 1, 0, '0000-00-00 00:00:00', '2016-06-27 18:52:03'),
(458, 60, 'Puerto Quetzal', 1, 0, '0000-00-00 00:00:00', '2016-06-27 18:52:03'),
(459, 60, 'Port of San Jose', 1, 0, '0000-00-00 00:00:00', '2016-06-27 18:52:03'),
(460, 60, 'Port of Santo Tomas de Castilla', 1, 0, '0000-00-00 00:00:00', '2016-06-27 18:52:03'),
(461, 61, 'Port of Cap Haitien', 1, 0, '0000-00-00 00:00:00', '2016-06-27 18:52:03'),
(462, 61, 'Port of Corail', 1, 0, '0000-00-00 00:00:00', '2016-06-27 18:52:03'),
(463, 61, 'Port of Gonaives', 1, 0, '0000-00-00 00:00:00', '2016-06-27 18:52:03'),
(464, 61, 'Port of Jacmel', 1, 0, '0000-00-00 00:00:00', '2016-06-27 18:52:03'),
(465, 61, 'Port of Miragoane', 1, 0, '0000-00-00 00:00:00', '2016-06-27 18:52:03'),
(466, 61, 'Port of Les Cayes', 1, 0, '0000-00-00 00:00:00', '2016-06-27 18:52:03'),
(467, 61, 'Port of Petit Goave', 1, 0, '0000-00-00 00:00:00', '2016-06-27 18:52:03'),
(468, 61, 'Port of Saint Marc', 1, 0, '0000-00-00 00:00:00', '2016-06-27 18:52:03'),
(469, 62, 'Port of Coxen Hole', 1, 0, '0000-00-00 00:00:00', '2016-06-27 18:52:03'),
(470, 62, 'Port of La Ceiba', 1, 0, '0000-00-00 00:00:00', '2016-06-27 18:52:03'),
(471, 62, 'Port of Puerto Castilla', 1, 0, '0000-00-00 00:00:00', '2016-06-27 18:52:03'),
(472, 62, 'Port of San Lorenzo', 1, 0, '0000-00-00 00:00:00', '2016-06-27 18:52:03'),
(473, 62, 'Port of Tela', 1, 0, '0000-00-00 00:00:00', '2016-06-27 18:52:03'),
(474, 63, 'Port of Hong Kong', 1, 0, '0000-00-00 00:00:00', '2016-06-27 18:52:03'),
(475, 63, 'Hongkong International Terminals', 1, 0, '0000-00-00 00:00:00', '2016-06-27 18:52:03'),
(476, 64, 'Port of Csepel', 1, 0, '0000-00-00 00:00:00', '2016-06-27 18:52:03'),
(477, 65, 'Port of Dalvik', 1, 0, '0000-00-00 00:00:00', '2016-06-27 18:52:03'),
(478, 65, 'Port of Grundartangi', 1, 0, '0000-00-00 00:00:00', '2016-06-27 18:52:03'),
(479, 65, 'Port of Helguvik', 1, 0, '0000-00-00 00:00:00', '2016-06-27 18:52:03'),
(480, 65, 'Port of Hvammstangi', 1, 0, '0000-00-00 00:00:00', '2016-06-27 18:52:03'),
(481, 65, 'Port of Reykjavik', 1, 0, '0000-00-00 00:00:00', '2016-06-27 18:52:03'),
(482, 65, 'Port of Vestmannaeyjar', 1, 0, '0000-00-00 00:00:00', '2016-06-27 18:52:03'),
(483, 66, 'Port of Chennai', 1, 0, '0000-00-00 00:00:00', '2016-06-27 18:52:03'),
(484, 66, 'Port of Cochin', 1, 0, '0000-00-00 00:00:00', '2016-06-27 18:52:03'),
(485, 66, 'Port of Haldia', 1, 0, '0000-00-00 00:00:00', '2016-06-27 18:52:03'),
(486, 66, 'Nhava Sheva*', 1, 0, '0000-00-00 00:00:00', '2016-06-27 18:52:03'),
(487, 66, 'Port of Kolkata*', 1, 0, '0000-00-00 00:00:00', '2016-06-27 18:52:03'),
(488, 66, 'Port of Bedi Bunder', 1, 0, '0000-00-00 00:00:00', '2016-06-27 18:52:03'),
(489, 66, 'Port of Kandla', 1, 0, '0000-00-00 00:00:00', '2016-06-27 18:52:03'),
(490, 66, 'Port of Magdalla', 1, 0, '0000-00-00 00:00:00', '2016-06-27 18:52:03'),
(491, 66, 'Port of Mandvi', 1, 0, '0000-00-00 00:00:00', '2016-06-27 18:52:03'),
(492, 66, 'Port of Mangalore', 1, 0, '0000-00-00 00:00:00', '2016-06-27 18:52:03'),
(493, 66, 'Port of Mormugao', 1, 0, '0000-00-00 00:00:00', '2016-06-27 18:52:03'),
(494, 66, 'Port of Mumbai', 1, 0, '0000-00-00 00:00:00', '2016-06-27 18:52:03'),
(495, 66, 'Port of Mundra', 1, 0, '0000-00-00 00:00:00', '2016-06-27 18:52:03'),
(496, 66, 'Port of Navlakhi', 1, 0, '0000-00-00 00:00:00', '2016-06-27 18:52:03'),
(497, 66, 'Port of Paradip', 1, 0, '0000-00-00 00:00:00', '2016-06-27 18:52:03'),
(498, 66, 'Port of Pipavav', 1, 0, '0000-00-00 00:00:00', '2016-06-27 18:52:03'),
(499, 66, 'Port of Veraval', 1, 0, '0000-00-00 00:00:00', '2016-06-27 18:52:03'),
(500, 66, 'Port of Visakhapatnam', 1, 0, '0000-00-00 00:00:00', '2016-06-27 18:52:03'),
(501, 67, 'Port of Belawan', 1, 0, '0000-00-00 00:00:00', '2016-06-27 18:52:03'),
(502, 67, 'Port of Banjarmasin', 1, 0, '0000-00-00 00:00:00', '2016-06-27 18:52:03'),
(503, 67, 'Port of Banten', 1, 0, '0000-00-00 00:00:00', '2016-06-27 18:52:03'),
(504, 67, 'Port of Cirebon', 1, 0, '0000-00-00 00:00:00', '2016-06-27 18:52:03'),
(505, 67, 'Port of Dumai', 1, 0, '0000-00-00 00:00:00', '2016-06-27 18:52:03'),
(506, 67, 'Port of Gresik', 1, 0, '0000-00-00 00:00:00', '2016-06-27 18:52:03'),
(507, 67, 'Port of Jakarta', 1, 0, '0000-00-00 00:00:00', '2016-06-27 18:52:03'),
(508, 67, 'Port of Jambi', 1, 0, '0000-00-00 00:00:00', '2016-06-27 18:52:03'),
(509, 67, 'Port of Pontianak', 1, 0, '0000-00-00 00:00:00', '2016-06-27 18:52:03'),
(510, 67, 'Port of Sunda Kelapa', 1, 0, '0000-00-00 00:00:00', '2016-06-27 18:52:03'),
(511, 67, 'Kalbut Situbondo Terminal', 1, 0, '0000-00-00 00:00:00', '2016-06-27 18:52:03'),
(512, 67, 'Port of Tanjung Priok', 1, 0, '0000-00-00 00:00:00', '2016-06-27 18:52:03'),
(513, 67, 'Port of Teluk Bayur', 1, 0, '0000-00-00 00:00:00', '2016-06-27 18:52:03'),
(514, 68, 'Port of Anzali', 1, 0, '0000-00-00 00:00:00', '2016-06-27 18:52:03'),
(515, 68, 'Port of Amirabad*', 1, 0, '0000-00-00 00:00:00', '2016-06-27 18:52:03'),
(516, 68, 'Port of Bandar Abbas', 1, 0, '0000-00-00 00:00:00', '2016-06-27 18:52:03'),
(517, 68, 'Port of Bushehr', 1, 0, '0000-00-00 00:00:00', '2016-06-27 18:52:03'),
(518, 68, 'Port of Chabahar', 1, 0, '0000-00-00 00:00:00', '2016-06-27 18:52:03'),
(519, 68, 'Imam Khomeini Port', 1, 0, '0000-00-00 00:00:00', '2016-06-27 18:52:03'),
(520, 68, 'Port of Khorramshahr', 1, 0, '0000-00-00 00:00:00', '2016-06-27 18:52:03'),
(521, 68, 'Port of Nowshahr', 1, 0, '0000-00-00 00:00:00', '2016-06-27 18:52:03'),
(522, 68, 'Port of Shahid Rajaee', 1, 0, '0000-00-00 00:00:00', '2016-06-27 18:52:03'),
(523, 69, 'Port of Khor Al Zubair', 1, 0, '0000-00-00 00:00:00', '2016-06-27 18:52:03'),
(524, 69, 'Port of Basrah', 1, 0, '0000-00-00 00:00:00', '2016-06-27 18:52:03'),
(525, 69, 'Port of Mina Al Bakr', 1, 0, '0000-00-00 00:00:00', '2016-06-27 18:52:03'),
(526, 69, 'Port of Umm Qasr', 1, 0, '0000-00-00 00:00:00', '2016-06-27 18:52:03'),
(527, 70, 'Bantry Bay Harbour', 1, 0, '0000-00-00 00:00:00', '2016-06-27 18:52:03'),
(528, 70, 'Drogheda Port', 1, 0, '0000-00-00 00:00:00', '2016-06-27 18:52:03'),
(529, 70, 'Dublin Port', 1, 0, '0000-00-00 00:00:00', '2016-06-27 18:52:03'),
(530, 70, 'Port of Foynes', 1, 0, '0000-00-00 00:00:00', '2016-06-27 18:52:03'),
(531, 70, 'Port of Galway', 1, 0, '0000-00-00 00:00:00', '2016-06-27 18:52:03'),
(532, 70, 'Limerick Dock', 1, 0, '0000-00-00 00:00:00', '2016-06-27 18:52:03'),
(533, 70, 'Rosslare Europort', 1, 0, '0000-00-00 00:00:00', '2016-06-27 18:52:03'),
(534, 71, 'Port of Ancona', 1, 0, '0000-00-00 00:00:00', '2016-06-27 18:52:03'),
(535, 71, 'Port of Augusta', 1, 0, '0000-00-00 00:00:00', '2016-06-27 18:52:03'),
(536, 71, 'Port of Bari', 1, 0, '0000-00-00 00:00:00', '2016-06-27 18:52:03'),
(537, 71, 'Port of Brindisi', 1, 0, '0000-00-00 00:00:00', '2016-06-27 18:52:03'),
(538, 71, 'Port of Cagliari', 1, 0, '0000-00-00 00:00:00', '2016-06-27 18:52:03'),
(539, 71, 'Port of Civitavecchia', 1, 0, '0000-00-00 00:00:00', '2016-06-27 18:52:03'),
(540, 71, 'Port of Genoa', 1, 0, '0000-00-00 00:00:00', '2016-06-27 18:52:03'),
(541, 71, 'Gioia Tauro Harbour', 1, 0, '0000-00-00 00:00:00', '2016-06-27 18:52:03'),
(542, 71, 'Port of La Maddalena', 1, 0, '0000-00-00 00:00:00', '2016-06-27 18:52:03'),
(543, 71, 'Port of La Spezia', 1, 0, '0000-00-00 00:00:00', '2016-06-27 18:52:03'),
(544, 71, 'Port of Livorno', 1, 0, '0000-00-00 00:00:00', '2016-06-27 18:52:03'),
(545, 71, 'Port of Napoli', 1, 0, '0000-00-00 00:00:00', '2016-06-27 18:52:03'),
(546, 71, 'Port of Palermo', 1, 0, '0000-00-00 00:00:00', '2016-06-27 18:52:03'),
(547, 71, 'Port of Ravenna', 1, 0, '0000-00-00 00:00:00', '2016-06-27 18:52:03'),
(548, 71, 'Port of Sanremo', 1, 0, '0000-00-00 00:00:00', '2016-06-27 18:52:03'),
(549, 71, 'Port of Taranto', 1, 0, '0000-00-00 00:00:00', '2016-06-27 18:52:03'),
(550, 71, 'Port of Trieste', 1, 0, '0000-00-00 00:00:00', '2016-06-27 18:52:03'),
(551, 71, 'Port of Venice*', 1, 0, '0000-00-00 00:00:00', '2016-06-27 18:52:03'),
(552, 72, 'Port of Black River', 1, 0, '0000-00-00 00:00:00', '2016-06-27 18:52:03'),
(553, 72, 'Port of Kingston', 1, 0, '0000-00-00 00:00:00', '2016-06-27 18:52:03'),
(554, 72, 'Port of Lucea', 1, 0, '0000-00-00 00:00:00', '2016-06-27 18:52:03'),
(555, 72, 'Port of Montego Bay', 1, 0, '0000-00-00 00:00:00', '2016-06-27 18:52:03'),
(556, 72, 'Port of Ocho Rios', 1, 0, '0000-00-00 00:00:00', '2016-06-27 18:52:03'),
(557, 72, 'Port of Port Antonio', 1, 0, '0000-00-00 00:00:00', '2016-06-27 18:52:03'),
(558, 72, 'Port of Port Esquivel', 1, 0, '0000-00-00 00:00:00', '2016-06-27 18:52:03'),
(559, 72, 'Port of Rio Bueno', 1, 0, '0000-00-00 00:00:00', '2016-06-27 18:52:03'),
(560, 72, 'Port of Salt River', 1, 0, '0000-00-00 00:00:00', '2016-06-27 18:52:03'),
(561, 73, 'Port of Aqaba', 1, 0, '0000-00-00 00:00:00', '2016-06-27 18:52:03'),
(562, 73, 'Industrial Port Zone', 1, 0, '0000-00-00 00:00:00', '2016-06-27 18:52:03'),
(563, 73, 'Mo''ta Berth and Moshterak Berth', 1, 0, '0000-00-00 00:00:00', '2016-06-27 18:52:03'),
(564, 0, '', 1, 0, '0000-00-00 00:00:00', '2016-06-27 18:52:03'),
(565, 74, 'Port of Aktau', 1, 0, '0000-00-00 00:00:00', '2016-06-27 18:52:03'),
(566, 74, 'Port of Oskemen', 1, 0, '0000-00-00 00:00:00', '2016-06-27 18:52:03'),
(567, 74, 'Port of Pavlodar', 1, 0, '0000-00-00 00:00:00', '2016-06-27 18:52:03'),
(568, 74, 'Port of Semey', 1, 0, '0000-00-00 00:00:00', '2016-06-27 18:52:03'),
(569, 75, 'Port of Lamu', 1, 0, '0000-00-00 00:00:00', '2016-06-27 18:52:03'),
(570, 75, 'Port of Malindi', 1, 0, '0000-00-00 00:00:00', '2016-06-27 18:52:03'),
(571, 75, 'Port of Mombasa', 1, 0, '0000-00-00 00:00:00', '2016-06-27 18:52:03'),
(572, 76, 'Port of Chongjin', 1, 0, '0000-00-00 00:00:00', '2016-06-27 18:52:03'),
(573, 76, 'Port of Haeju', 1, 0, '0000-00-00 00:00:00', '2016-06-27 18:52:03'),
(574, 76, 'Port of Nampo', 1, 0, '0000-00-00 00:00:00', '2016-06-27 18:52:03'),
(575, 76, 'Port of Senbong', 1, 0, '0000-00-00 00:00:00', '2016-06-27 18:52:03'),
(576, 76, 'Port of Unggi Hang', 1, 0, '0000-00-00 00:00:00', '2016-06-27 18:52:03'),
(577, 76, 'Port of Wonsan', 1, 0, '0000-00-00 00:00:00', '2016-06-27 18:52:03'),
(578, 77, 'Port of Busan', 1, 0, '0000-00-00 00:00:00', '2016-06-27 18:52:03'),
(579, 77, 'Port of Donghae', 1, 0, '0000-00-00 00:00:00', '2016-06-27 18:52:03'),
(580, 77, 'Port of Gunsan (Kunsan)', 1, 0, '0000-00-00 00:00:00', '2016-06-27 18:52:03'),
(581, 77, 'Port of Gwangyang', 1, 0, '0000-00-00 00:00:00', '2016-06-27 18:52:03'),
(582, 77, 'Port of Incheon', 1, 0, '0000-00-00 00:00:00', '2016-06-27 18:52:03'),
(583, 77, 'Port of Jeju (Cheju)', 1, 0, '0000-00-00 00:00:00', '2016-06-27 18:52:03'),
(584, 77, 'Port of Masan', 1, 0, '0000-00-00 00:00:00', '2016-06-27 18:52:03'),
(585, 77, 'Port of Mokpo', 1, 0, '0000-00-00 00:00:00', '2016-06-27 18:52:03'),
(586, 77, 'Port of Okgye', 1, 0, '0000-00-00 00:00:00', '2016-06-27 18:52:03'),
(587, 77, 'Port of Pohang', 1, 0, '0000-00-00 00:00:00', '2016-06-27 18:52:03'),
(588, 77, 'Port of Pyeongtaek', 1, 0, '0000-00-00 00:00:00', '2016-06-27 18:52:03'),
(589, 77, 'Port of Samcheok', 1, 0, '0000-00-00 00:00:00', '2016-06-27 18:52:03'),
(590, 77, 'Port of Ulsan', 1, 0, '0000-00-00 00:00:00', '2016-06-27 18:52:03'),
(591, 78, 'Port of Doha', 1, 0, '0000-00-00 00:00:00', '2016-06-27 18:52:03'),
(592, 78, 'Port of Shuaiba', 1, 0, '0000-00-00 00:00:00', '2016-06-27 18:52:03'),
(593, 78, 'Port of Shuwaikh', 1, 0, '0000-00-00 00:00:00', '2016-06-27 18:52:03'),
(594, 79, 'Port of Beirut', 1, 0, '0000-00-00 00:00:00', '2016-06-27 18:52:03'),
(595, 79, 'Port of Tripoli', 1, 0, '0000-00-00 00:00:00', '2016-06-27 18:52:03'),
(596, 80, 'Freeport of Riga', 1, 0, '0000-00-00 00:00:00', '2016-06-27 18:52:03'),
(597, 80, 'Salacgriva Harbor', 1, 0, '0000-00-00 00:00:00', '2016-06-27 18:52:03'),
(598, 80, 'Port of Ventspils', 1, 0, '0000-00-00 00:00:00', '2016-06-27 18:52:03'),
(599, 81, 'Port of Buchanan', 1, 0, '0000-00-00 00:00:00', '2016-06-27 18:52:03'),
(600, 81, 'Port of Greenville', 1, 0, '0000-00-00 00:00:00', '2016-06-27 18:52:03'),
(601, 81, '', 1, 0, '0000-00-00 00:00:00', '2016-06-27 18:52:03'),
(602, 81, 'Port of Cape Palmas', 1, 0, '0000-00-00 00:00:00', '2016-06-27 18:52:03'),
(603, 81, 'Port of Monrovia', 1, 0, '0000-00-00 00:00:00', '2016-06-27 18:52:03'),
(604, 82, 'Port of Abu Kammash', 1, 0, '0000-00-00 00:00:00', '2016-06-27 18:52:03'),
(605, 82, 'Port of Benghazi', 1, 0, '0000-00-00 00:00:00', '2016-06-27 18:52:03'),
(606, 82, 'Port of Homs', 1, 0, '0000-00-00 00:00:00', '2016-06-27 18:52:03'),
(607, 82, 'Port of Derna', 1, 0, '0000-00-00 00:00:00', '2016-06-27 18:52:03'),
(608, 82, 'Port Marsa El Brega', 1, 0, '0000-00-00 00:00:00', '2016-06-27 18:52:03'),
(609, 82, 'Port of Tripoli', 1, 0, '0000-00-00 00:00:00', '2016-06-27 18:52:03'),
(610, 83, 'Klaipeda State Seaport', 1, 0, '0000-00-00 00:00:00', '2016-06-27 18:52:03'),
(611, 84, 'Port of Macao', 1, 0, '0000-00-00 00:00:00', '2016-06-27 18:52:03'),
(612, 85, 'Port of Andoany', 1, 0, '0000-00-00 00:00:00', '2016-06-27 18:52:03'),
(613, 85, 'Port of Majunga', 1, 0, '0000-00-00 00:00:00', '2016-06-27 18:52:03'),
(614, 85, 'Port of Diego Suarez', 1, 0, '0000-00-00 00:00:00', '2016-06-27 18:52:03'),
(615, 85, 'Port of Manakara', 1, 0, '0000-00-00 00:00:00', '2016-06-27 18:52:03');
INSERT INTO `tbl_country_port` (`id`, `country_id`, `port_name`, `created_by`, `modified_by`, `created`, `modified`) VALUES
(616, 85, 'Port of Port Saint Louis', 1, 0, '0000-00-00 00:00:00', '2016-06-27 18:52:03'),
(617, 86, 'Port of Bintulu', 1, 0, '0000-00-00 00:00:00', '2016-06-27 18:52:03'),
(618, 86, 'Dermaga Tanjung Lembung', 1, 0, '0000-00-00 00:00:00', '2016-06-27 18:52:03'),
(619, 86, 'Johor Port', 1, 0, '0000-00-00 00:00:00', '2016-06-27 18:52:03'),
(620, 86, 'Kemaman Port', 1, 0, '0000-00-00 00:00:00', '2016-06-27 18:52:03'),
(621, 86, 'Kertih Port', 1, 0, '0000-00-00 00:00:00', '2016-06-27 18:52:03'),
(622, 86, 'Kota Kinabalu Port', 1, 0, '0000-00-00 00:00:00', '2016-06-27 18:52:03'),
(623, 86, 'Labuan Port', 1, 0, '0000-00-00 00:00:00', '2016-06-27 18:52:03'),
(624, 86, 'Lumut Port', 1, 0, '0000-00-00 00:00:00', '2016-06-27 18:52:03'),
(625, 86, 'Malacca Port', 1, 0, '0000-00-00 00:00:00', '2016-06-27 18:52:03'),
(626, 86, 'Port of Penang', 1, 0, '0000-00-00 00:00:00', '2016-06-27 18:52:03'),
(627, 86, 'Sandakan Port', 1, 0, '0000-00-00 00:00:00', '2016-06-27 18:52:03'),
(628, 86, 'Sepangar Bay Oil Terminal', 1, 0, '0000-00-00 00:00:00', '2016-06-27 18:52:03'),
(629, 86, 'Tanjung Pelepas Port', 1, 0, '0000-00-00 00:00:00', '2016-06-27 18:52:03'),
(630, 87, 'Port of Male', 1, 0, '0000-00-00 00:00:00', '2016-06-27 18:52:03'),
(631, 88, 'Malta Freeport', 1, 0, '0000-00-00 00:00:00', '2016-06-27 18:52:03'),
(632, 88, 'Port of Valletta', 1, 0, '0000-00-00 00:00:00', '2016-06-27 18:52:03'),
(633, 89, 'Puerto de Altamira', 1, 0, '0000-00-00 00:00:00', '2016-06-27 18:52:03'),
(634, 89, 'Puerto de Coatzacoalcos', 1, 0, '0000-00-00 00:00:00', '2016-06-27 18:52:03'),
(635, 89, 'Puerto de Dos Bocas', 1, 0, '0000-00-00 00:00:00', '2016-06-27 18:52:03'),
(636, 89, 'Puerto de Ensenada', 1, 0, '0000-00-00 00:00:00', '2016-06-27 18:52:03'),
(637, 89, 'Puerto de Guaymas', 1, 0, '0000-00-00 00:00:00', '2016-06-27 18:52:03'),
(638, 89, 'Puerto de Lazaro Cardenas', 1, 0, '0000-00-00 00:00:00', '2016-06-27 18:52:03'),
(639, 89, 'Puerto de Manzanillo', 1, 0, '0000-00-00 00:00:00', '2016-06-27 18:52:03'),
(640, 89, 'Puerto de Mazatlan', 1, 0, '0000-00-00 00:00:00', '2016-06-27 18:52:03'),
(641, 89, 'Puerto de Tampico', 1, 0, '0000-00-00 00:00:00', '2016-06-27 18:52:03'),
(642, 89, 'Puerto de Topolobampo', 1, 0, '0000-00-00 00:00:00', '2016-06-27 18:52:03'),
(643, 89, 'Puerto de Tuxpan', 1, 0, '0000-00-00 00:00:00', '2016-06-27 18:52:03'),
(644, 89, 'Port of Veracruz', 1, 0, '0000-00-00 00:00:00', '2016-06-27 18:52:03'),
(645, 89, 'Port of Yukalpeten', 1, 0, '0000-00-00 00:00:00', '2016-06-27 18:52:03'),
(646, 90, 'Port Hercules', 1, 0, '0000-00-00 00:00:00', '2016-06-27 18:52:03'),
(647, 90, 'Port of Fontvieille', 1, 0, '0000-00-00 00:00:00', '2016-06-27 18:52:03'),
(648, 91, 'Port of Agadir', 1, 0, '0000-00-00 00:00:00', '2016-06-27 18:52:03'),
(649, 91, 'Port of Casablanca', 1, 0, '0000-00-00 00:00:00', '2016-06-27 18:52:03'),
(650, 91, 'Port of Dakhla', 1, 0, '0000-00-00 00:00:00', '2016-06-27 18:52:03'),
(651, 91, 'Port of El Jadida', 1, 0, '0000-00-00 00:00:00', '2016-06-27 18:52:03'),
(652, 91, 'Port of Jorf Lasfar', 1, 0, '0000-00-00 00:00:00', '2016-06-27 18:52:03'),
(653, 91, 'Port of Kenitra-Mehdia', 1, 0, '0000-00-00 00:00:00', '2016-06-27 18:52:03'),
(654, 91, 'Port of Laayoune', 1, 0, '0000-00-00 00:00:00', '2016-06-27 18:52:03'),
(655, 91, 'Port of Mohammedia', 1, 0, '0000-00-00 00:00:00', '2016-06-27 18:52:03'),
(656, 91, 'Port of Nador', 1, 0, '0000-00-00 00:00:00', '2016-06-27 18:52:03'),
(657, 91, 'Port of Safi', 1, 0, '0000-00-00 00:00:00', '2016-06-27 18:52:03'),
(658, 91, 'Port of Tan Tan', 1, 0, '0000-00-00 00:00:00', '2016-06-27 18:52:03'),
(659, 92, 'Port of Beira', 1, 0, '0000-00-00 00:00:00', '2016-06-27 18:52:03'),
(660, 92, 'Port of Maputo', 1, 0, '0000-00-00 00:00:00', '2016-06-27 18:52:03'),
(661, 92, 'Port of Nacala', 1, 0, '0000-00-00 00:00:00', '2016-06-27 18:52:03'),
(662, 92, 'Port of Pemba', 1, 0, '0000-00-00 00:00:00', '2016-06-27 18:52:03'),
(663, 92, 'Port of Quelimane', 1, 0, '0000-00-00 00:00:00', '2016-06-27 18:52:03'),
(664, 93, 'Port of Bassein', 1, 0, '0000-00-00 00:00:00', '2016-06-27 18:52:03'),
(665, 93, 'Port of Moulmein', 1, 0, '0000-00-00 00:00:00', '2016-06-27 18:52:03'),
(666, 93, 'Port of Sittwe', 1, 0, '0000-00-00 00:00:00', '2016-06-27 18:52:03'),
(667, 93, 'Port of Thilawa', 1, 0, '0000-00-00 00:00:00', '2016-06-27 18:52:03'),
(668, 93, 'Port of Yangon', 1, 0, '0000-00-00 00:00:00', '2016-06-27 18:52:03'),
(669, 94, 'Port of Luderitz', 1, 0, '0000-00-00 00:00:00', '2016-06-27 18:52:03'),
(670, 94, 'Port of Walvis Bay', 1, 0, '0000-00-00 00:00:00', '2016-06-27 18:52:03'),
(671, 95, 'Port of Alkmaar', 1, 0, '0000-00-00 00:00:00', '2016-06-27 18:52:03'),
(672, 95, 'Port of Amsterdam', 1, 0, '0000-00-00 00:00:00', '2016-06-27 18:52:03'),
(673, 95, 'Zeeland Seaports*', 1, 0, '0000-00-00 00:00:00', '2016-06-27 18:52:03'),
(674, 95, 'Port of Rotterdam', 1, 0, '0000-00-00 00:00:00', '2016-06-27 18:52:03'),
(675, 95, 'Port of Vlaardingen', 1, 0, '0000-00-00 00:00:00', '2016-06-27 18:52:03'),
(676, 95, 'Scheveningen Port', 1, 0, '0000-00-00 00:00:00', '2016-06-27 18:52:03'),
(677, 96, 'Akaroa Harbour', 1, 0, '0000-00-00 00:00:00', '2016-06-27 18:52:03'),
(678, 96, 'Ports of Auckland', 1, 0, '0000-00-00 00:00:00', '2016-06-27 18:52:03'),
(679, 96, 'Port of Lyttelton', 1, 0, '0000-00-00 00:00:00', '2016-06-27 18:52:03'),
(680, 96, 'Port of Napier', 1, 0, '0000-00-00 00:00:00', '2016-06-27 18:52:03'),
(681, 96, 'Port Nelson', 1, 0, '0000-00-00 00:00:00', '2016-06-27 18:52:03'),
(682, 96, 'Port Chalmers', 1, 0, '0000-00-00 00:00:00', '2016-06-27 18:52:03'),
(683, 96, 'Port of Tauranga', 1, 0, '0000-00-00 00:00:00', '2016-06-27 18:52:03'),
(684, 96, 'Port of Wellington', 1, 0, '0000-00-00 00:00:00', '2016-06-27 18:52:03'),
(685, 96, 'Port of Westport', 1, 0, '0000-00-00 00:00:00', '2016-06-27 18:52:03'),
(686, 97, 'Port of Bluefields', 1, 0, '0000-00-00 00:00:00', '2016-06-27 18:52:03'),
(687, 97, 'Port of Corinto', 1, 0, '0000-00-00 00:00:00', '2016-06-27 18:52:03'),
(688, 97, 'El Bluff Port', 1, 0, '0000-00-00 00:00:00', '2016-06-27 18:52:03'),
(689, 97, 'Puerto Cabezas', 1, 0, '0000-00-00 00:00:00', '2016-06-27 18:52:03'),
(690, 97, 'Port of San Juan del Sur', 1, 0, '0000-00-00 00:00:00', '2016-06-27 18:52:03'),
(691, 98, 'Port of Apapa', 1, 0, '0000-00-00 00:00:00', '2016-06-27 18:52:03'),
(692, 98, 'Tin Can Island Port (TCIP)', 1, 0, '0000-00-00 00:00:00', '2016-06-27 18:52:03'),
(693, 98, 'Port of Calabar', 1, 0, '0000-00-00 00:00:00', '2016-06-27 18:52:03'),
(694, 98, 'Escravos Oil Terminal', 1, 0, '0000-00-00 00:00:00', '2016-06-27 18:52:03'),
(695, 98, 'Port of Koko', 1, 0, '0000-00-00 00:00:00', '2016-06-27 18:52:03'),
(696, 98, 'Port of Lokoja', 1, 0, '0000-00-00 00:00:00', '2016-06-27 18:52:03'),
(697, 98, 'Port of Port Harcourt', 1, 0, '0000-00-00 00:00:00', '2016-06-27 18:52:03'),
(698, 98, 'Port of Onitsha', 1, 0, '0000-00-00 00:00:00', '2016-06-27 18:52:03'),
(699, 98, 'Port of Onne', 1, 0, '0000-00-00 00:00:00', '2016-06-27 18:52:03'),
(700, 99, 'Port of Bergen', 1, 0, '0000-00-00 00:00:00', '2016-06-27 18:52:03'),
(701, 99, 'Port of Bodo', 1, 0, '0000-00-00 00:00:00', '2016-06-27 18:52:03'),
(702, 99, 'Port of Drammen', 1, 0, '0000-00-00 00:00:00', '2016-06-27 18:52:03'),
(703, 99, 'Port of Borg', 1, 0, '0000-00-00 00:00:00', '2016-06-27 18:52:03'),
(704, 99, 'Port of Haugesund', 1, 0, '0000-00-00 00:00:00', '2016-06-27 18:52:03'),
(705, 99, 'Port of Narvik', 1, 0, '0000-00-00 00:00:00', '2016-06-27 18:52:03'),
(706, 99, 'Port of Oslo', 1, 0, '0000-00-00 00:00:00', '2016-06-27 18:52:03'),
(707, 99, 'Port of Sandnes', 1, 0, '0000-00-00 00:00:00', '2016-06-27 18:52:03'),
(708, 99, 'Port of Tromso', 1, 0, '0000-00-00 00:00:00', '2016-06-27 18:52:03'),
(709, 100, 'Port of Khasab', 1, 0, '0000-00-00 00:00:00', '2016-06-27 18:52:03'),
(710, 100, 'Port Sultan Qaboos', 1, 0, '0000-00-00 00:00:00', '2016-06-27 18:52:03'),
(711, 100, 'Port of Mina al Fahal', 1, 0, '0000-00-00 00:00:00', '2016-06-27 18:52:03'),
(712, 100, 'Port of Qalhat', 1, 0, '0000-00-00 00:00:00', '2016-06-27 18:52:03'),
(713, 100, 'Port of Salalah', 1, 0, '0000-00-00 00:00:00', '2016-06-27 18:52:03'),
(714, 100, 'Port of Sohar', 1, 0, '0000-00-00 00:00:00', '2016-06-27 18:52:03'),
(715, 101, 'Port of Gwadar', 1, 0, '0000-00-00 00:00:00', '2016-06-27 18:52:03'),
(716, 101, 'Port of Karachi', 1, 0, '0000-00-00 00:00:00', '2016-06-27 18:52:03'),
(717, 101, 'Port Muhammad Bin Qasim', 1, 0, '0000-00-00 00:00:00', '2016-06-27 18:52:03'),
(718, 102, 'Port of Balboa', 1, 0, '0000-00-00 00:00:00', '2016-06-27 18:52:03'),
(719, 102, 'Colon Container Terminal', 1, 0, '0000-00-00 00:00:00', '2016-06-27 18:52:03'),
(720, 102, 'Manzanillo International Terminal', 1, 0, '0000-00-00 00:00:00', '2016-06-27 18:52:03'),
(721, 102, 'Port of Cristobal', 1, 0, '0000-00-00 00:00:00', '2016-06-27 18:52:03'),
(722, 103, 'Port of Aitape', 1, 0, '0000-00-00 00:00:00', '2016-06-27 18:52:03'),
(723, 103, 'Port of Bialla', 1, 0, '0000-00-00 00:00:00', '2016-06-27 18:52:03'),
(724, 103, 'Port of Daru', 1, 0, '0000-00-00 00:00:00', '2016-06-27 18:52:03'),
(725, 103, 'Port of Kavieng', 1, 0, '0000-00-00 00:00:00', '2016-06-27 18:52:03'),
(726, 103, 'Port of Kieta', 1, 0, '0000-00-00 00:00:00', '2016-06-27 18:52:03'),
(727, 103, 'Port of Madang', 1, 0, '0000-00-00 00:00:00', '2016-06-27 18:52:03'),
(728, 103, 'Port of Port Moresby', 1, 0, '0000-00-00 00:00:00', '2016-06-27 18:52:03'),
(729, 103, 'Puerto de Ita Enramada', 1, 0, '0000-00-00 00:00:00', '2016-06-27 18:52:03'),
(730, 104, 'Puerto de Pilar', 1, 0, '0000-00-00 00:00:00', '2016-06-27 18:52:03'),
(731, 104, 'Puerto de Salto del Guaira', 1, 0, '0000-00-00 00:00:00', '2016-06-27 18:52:03'),
(732, 105, 'Port of Ancon', 1, 0, '0000-00-00 00:00:00', '2016-06-27 18:52:03'),
(733, 105, 'Port of Callao', 1, 0, '0000-00-00 00:00:00', '2016-06-27 18:52:03'),
(734, 105, 'Port of Bayovar', 1, 0, '0000-00-00 00:00:00', '2016-06-27 18:52:03'),
(735, 105, 'Port of Ilo', 1, 0, '0000-00-00 00:00:00', '2016-06-27 18:52:03'),
(736, 105, 'Port of Iquitos', 1, 0, '0000-00-00 00:00:00', '2016-06-27 18:52:03'),
(737, 105, 'Port of Matarani', 1, 0, '0000-00-00 00:00:00', '2016-06-27 18:52:03'),
(738, 105, 'Port of Paita', 1, 0, '0000-00-00 00:00:00', '2016-06-27 18:52:03'),
(739, 105, 'Port of Salaverry', 1, 0, '0000-00-00 00:00:00', '2016-06-27 18:52:03'),
(740, 106, 'Port of Bataan', 1, 0, '0000-00-00 00:00:00', '2016-06-27 18:52:03'),
(741, 106, 'Port of Bugo', 1, 0, '0000-00-00 00:00:00', '2016-06-27 18:52:03'),
(742, 106, 'Port of Batangas', 1, 0, '0000-00-00 00:00:00', '2016-06-27 18:52:03'),
(743, 106, 'Port of Subic Bay', 1, 0, '0000-00-00 00:00:00', '2016-06-27 18:52:03'),
(744, 106, 'Port of Cagayan de Oro', 1, 0, '0000-00-00 00:00:00', '2016-06-27 18:52:03'),
(745, 106, 'Port of Davao', 1, 0, '0000-00-00 00:00:00', '2016-06-27 18:52:03'),
(746, 106, 'Port of Cebu', 1, 0, '0000-00-00 00:00:00', '2016-06-27 18:52:03'),
(747, 106, 'Port of Manila', 1, 0, '0000-00-00 00:00:00', '2016-06-27 18:52:03'),
(748, 106, 'Port of Iloilo*', 1, 0, '0000-00-00 00:00:00', '2016-06-27 18:52:03'),
(749, 107, 'Port of Elblag', 1, 0, '0000-00-00 00:00:00', '2016-06-27 18:52:03'),
(750, 107, 'Port of Darlowo', 1, 0, '0000-00-00 00:00:00', '2016-06-27 18:52:03'),
(751, 107, 'Port of Gdansk', 1, 0, '0000-00-00 00:00:00', '2016-06-27 18:52:03'),
(752, 107, 'Port of Gdynia', 1, 0, '0000-00-00 00:00:00', '2016-06-27 18:52:03'),
(753, 107, 'Port Handlowy Swinoujscie', 1, 0, '0000-00-00 00:00:00', '2016-06-27 18:52:03'),
(754, 107, 'Port of Szczecin', 1, 0, '0000-00-00 00:00:00', '2016-06-27 18:52:03'),
(755, 108, 'Porto da Angra do Heroismo', 1, 0, '0000-00-00 00:00:00', '2016-06-27 18:52:03'),
(756, 108, 'Porto de Aveiro', 1, 0, '0000-00-00 00:00:00', '2016-06-27 18:52:03'),
(757, 108, 'Port of Lisbon', 1, 0, '0000-00-00 00:00:00', '2016-06-27 18:52:03'),
(758, 108, 'Port of Leixoes', 1, 0, '0000-00-00 00:00:00', '2016-06-27 18:52:03'),
(759, 108, 'Port of Setubal', 1, 0, '0000-00-00 00:00:00', '2016-06-27 18:52:03'),
(760, 109, 'Al Rayyan Marine Terminal', 1, 0, '0000-00-00 00:00:00', '2016-06-27 18:52:03'),
(761, 109, 'Al Shaheen Terminal', 1, 0, '0000-00-00 00:00:00', '2016-06-27 18:52:03'),
(762, 109, 'Port of Doha', 1, 0, '0000-00-00 00:00:00', '2016-06-27 18:52:03'),
(763, 109, 'Port of Ras Laffan', 1, 0, '0000-00-00 00:00:00', '2016-06-27 18:52:03'),
(764, 109, 'Port of Halul Island', 1, 0, '0000-00-00 00:00:00', '2016-06-27 18:52:03'),
(765, 109, 'Port of Mesaieed', 1, 0, '0000-00-00 00:00:00', '2016-06-27 18:52:03'),
(766, 110, 'East Port (New Port)', 1, 0, '0000-00-00 00:00:00', '2016-06-27 18:52:03'),
(767, 110, 'West Port (Old Port)', 1, 0, '0000-00-00 00:00:00', '2016-06-27 18:52:03'),
(768, 111, 'Port of Basarabi', 1, 0, '0000-00-00 00:00:00', '2016-06-27 18:52:03'),
(769, 111, 'Port of Calafat', 1, 0, '0000-00-00 00:00:00', '2016-06-27 18:52:03'),
(770, 111, 'Port of Constantza', 1, 0, '0000-00-00 00:00:00', '2016-06-27 18:52:03'),
(771, 111, 'Port of Calarasi', 1, 0, '0000-00-00 00:00:00', '2016-06-27 18:52:03'),
(772, 111, 'Port of Chilia', 1, 0, '0000-00-00 00:00:00', '2016-06-27 18:52:03'),
(773, 111, 'Port of Drencova', 1, 0, '0000-00-00 00:00:00', '2016-06-27 18:52:03'),
(774, 111, 'Port of Galati', 1, 0, '0000-00-00 00:00:00', '2016-06-27 18:52:03'),
(775, 111, 'Port of Isaccea', 1, 0, '0000-00-00 00:00:00', '2016-06-27 18:52:03'),
(776, 111, 'Port of Luminita', 1, 0, '0000-00-00 00:00:00', '2016-06-27 18:52:03'),
(777, 111, 'Port of Mangalia', 1, 0, '0000-00-00 00:00:00', '2016-06-27 18:52:03'),
(778, 111, 'Port of Orsova', 1, 0, '0000-00-00 00:00:00', '2016-06-27 18:52:03'),
(779, 111, 'Port of Tulcea', 1, 0, '0000-00-00 00:00:00', '2016-06-27 18:52:03'),
(780, 112, 'Port of Arkhangelsk', 1, 0, '0000-00-00 00:00:00', '2016-06-27 18:52:03'),
(781, 112, 'Port of Kaliningrad', 1, 0, '0000-00-00 00:00:00', '2016-06-27 18:52:03'),
(782, 112, 'Port of Nakhodka', 1, 0, '0000-00-00 00:00:00', '2016-06-27 18:52:03'),
(783, 112, 'Port of Novorossiysk', 1, 0, '0000-00-00 00:00:00', '2016-06-27 18:52:03'),
(784, 112, 'Port of St. Petersburg', 1, 0, '0000-00-00 00:00:00', '2016-06-27 18:52:03'),
(785, 112, 'Port of Taganrog', 1, 0, '0000-00-00 00:00:00', '2016-06-27 18:52:03'),
(786, 112, 'Port of Vladivostok', 1, 0, '0000-00-00 00:00:00', '2016-06-27 18:52:03'),
(787, 112, 'Port of Ust-Luga', 1, 0, '0000-00-00 00:00:00', '2016-06-27 18:52:03'),
(788, 112, 'Vostochny Port', 1, 0, '0000-00-00 00:00:00', '2016-06-27 18:52:03'),
(789, 113, 'King Abdul Aziz Port', 1, 0, '0000-00-00 00:00:00', '2016-06-27 18:52:03'),
(790, 113, 'Dhiba Sea Port', 1, 0, '0000-00-00 00:00:00', '2016-06-27 18:52:03'),
(791, 113, 'Jeddah Islamic Port', 1, 0, '0000-00-00 00:00:00', '2016-06-27 18:52:03'),
(792, 113, 'Jubail Commercial Port', 1, 0, '0000-00-00 00:00:00', '2016-06-27 18:52:03'),
(793, 113, 'Port of Qadimah', 1, 0, '0000-00-00 00:00:00', '2016-06-27 18:52:03'),
(794, 113, 'Port of Rabigh', 1, 0, '0000-00-00 00:00:00', '2016-06-27 18:52:03'),
(795, 113, 'Port of Ras al Ghar', 1, 0, '0000-00-00 00:00:00', '2016-06-27 18:52:03'),
(796, 113, 'King Fahad Industrial Port in Yanbu', 1, 0, '0000-00-00 00:00:00', '2016-06-27 18:52:03'),
(797, 113, 'Port of Ras al Khafji', 1, 0, '0000-00-00 00:00:00', '2016-06-27 18:52:03'),
(798, 113, 'Port of Ras al Mishab', 1, 0, '0000-00-00 00:00:00', '2016-06-27 18:52:03'),
(799, 113, 'Port of Zuluf', 1, 0, '0000-00-00 00:00:00', '2016-06-27 18:52:03'),
(800, 113, 'Port of Ras Tanura', 1, 0, '0000-00-00 00:00:00', '2016-06-27 18:52:03'),
(801, 114, 'Port of Dakar', 1, 0, '0000-00-00 00:00:00', '2016-06-27 18:52:03'),
(802, 114, 'Port of Kaolack', 1, 0, '0000-00-00 00:00:00', '2016-06-27 18:52:03'),
(803, 114, 'Port of Lyndiane', 1, 0, '0000-00-00 00:00:00', '2016-06-27 18:52:03'),
(804, 114, 'Port of Ziguinchor', 1, 0, '0000-00-00 00:00:00', '2016-06-27 18:52:03'),
(805, 115, 'Port of Belgrade', 1, 0, '0000-00-00 00:00:00', '2016-06-27 18:52:03'),
(806, 116, 'Jurong Port', 1, 0, '0000-00-00 00:00:00', '2016-06-27 18:52:03'),
(807, 116, 'Port of Singapore', 1, 0, '0000-00-00 00:00:00', '2016-06-27 18:52:03'),
(808, 117, 'Port of Kismayu', 1, 0, '0000-00-00 00:00:00', '2016-06-27 18:52:03'),
(809, 117, 'Port of Berbera', 1, 0, '0000-00-00 00:00:00', '2016-06-27 18:52:03'),
(810, 117, 'Port of Merca', 1, 0, '0000-00-00 00:00:00', '2016-06-27 18:52:03'),
(811, 117, 'Port of Mogadishu', 1, 0, '0000-00-00 00:00:00', '2016-06-27 18:52:03'),
(812, 118, 'Port of Cape Town', 1, 0, '0000-00-00 00:00:00', '2016-06-27 18:52:03'),
(813, 118, 'Port of Durban', 1, 0, '0000-00-00 00:00:00', '2016-06-27 18:52:03'),
(814, 118, 'Port of Mossel Bay', 1, 0, '0000-00-00 00:00:00', '2016-06-27 18:52:03'),
(815, 118, 'Port of East London', 1, 0, '0000-00-00 00:00:00', '2016-06-27 18:52:03'),
(816, 118, 'Port of Ngqura', 1, 0, '0000-00-00 00:00:00', '2016-06-27 18:52:03'),
(817, 118, 'Port of Port Elizabeth', 1, 0, '0000-00-00 00:00:00', '2016-06-27 18:52:03'),
(818, 118, 'Port of Richards Bay', 1, 0, '0000-00-00 00:00:00', '2016-06-27 18:52:03'),
(819, 118, 'Port of Saldanha', 1, 0, '0000-00-00 00:00:00', '2016-06-27 18:52:03'),
(820, 119, 'Port of A Coruna', 1, 0, '0000-00-00 00:00:00', '2016-06-27 18:52:03'),
(821, 119, 'Port of Algeciras Bay', 1, 0, '0000-00-00 00:00:00', '2016-06-27 18:52:03'),
(822, 119, 'Port of Aviles', 1, 0, '0000-00-00 00:00:00', '2016-06-27 18:52:03'),
(823, 119, 'Port of Barcelona', 1, 0, '0000-00-00 00:00:00', '2016-06-27 18:52:03'),
(824, 119, 'Port of Bilbao', 1, 0, '0000-00-00 00:00:00', '2016-06-27 18:52:03'),
(825, 119, 'Port of the Bay of Cadiz', 1, 0, '0000-00-00 00:00:00', '2016-06-27 18:52:03'),
(826, 119, 'Port of Cartagena', 1, 0, '0000-00-00 00:00:00', '2016-06-27 18:52:03'),
(827, 119, 'Port of Ferrol', 1, 0, '0000-00-00 00:00:00', '2016-06-27 18:52:03'),
(828, 119, 'Port of Gijon', 1, 0, '0000-00-00 00:00:00', '2016-06-27 18:52:03'),
(829, 119, 'Port of Huelva', 1, 0, '0000-00-00 00:00:00', '2016-06-27 18:52:03'),
(830, 119, 'Port of Las Palmas', 1, 0, '0000-00-00 00:00:00', '2016-06-27 18:52:03'),
(831, 119, 'Port of Malaga', 1, 0, '0000-00-00 00:00:00', '2016-06-27 18:52:03'),
(832, 119, 'Port of Marin', 1, 0, '0000-00-00 00:00:00', '2016-06-27 18:52:03'),
(833, 119, 'Port of Palma', 1, 0, '0000-00-00 00:00:00', '2016-06-27 18:52:03'),
(834, 119, 'Port of Mallorca', 1, 0, '0000-00-00 00:00:00', '2016-06-27 18:52:03'),
(835, 119, 'Port of Santander', 1, 0, '0000-00-00 00:00:00', '2016-06-27 18:52:03'),
(836, 119, 'Puertos de Tenerife*', 1, 0, '0000-00-00 00:00:00', '2016-06-27 18:52:03'),
(837, 119, 'Port of Seville', 1, 0, '0000-00-00 00:00:00', '2016-06-27 18:52:03'),
(838, 119, 'Port of Tarragona', 1, 0, '0000-00-00 00:00:00', '2016-06-27 18:52:03'),
(839, 119, 'Port of Valencia', 1, 0, '0000-00-00 00:00:00', '2016-06-27 18:52:03'),
(840, 119, 'Port of Vigo', 1, 0, '0000-00-00 00:00:00', '2016-06-27 18:52:03'),
(841, 120, 'Port of Colombo', 1, 0, '0000-00-00 00:00:00', '2016-06-27 18:52:03'),
(842, 120, 'Port of Galle', 1, 0, '0000-00-00 00:00:00', '2016-06-27 18:52:03'),
(843, 120, 'Port of Kankasanturai', 1, 0, '0000-00-00 00:00:00', '2016-06-27 18:52:03'),
(844, 120, 'Port of Trincomalee', 1, 0, '0000-00-00 00:00:00', '2016-06-27 18:52:03'),
(845, 121, 'Green Harbour', 1, 0, '0000-00-00 00:00:00', '2016-06-27 18:52:03'),
(846, 121, 'Port Sudan', 1, 0, '0000-00-00 00:00:00', '2016-06-27 18:52:03'),
(847, 121, 'Port of Digna', 1, 0, '0000-00-00 00:00:00', '2016-06-27 18:52:03'),
(848, 122, 'Port of Ahus', 1, 0, '0000-00-00 00:00:00', '2016-06-27 18:52:03'),
(849, 122, 'Falkenbergs Terminal', 1, 0, '0000-00-00 00:00:00', '2016-06-27 18:52:03'),
(850, 122, 'Port of Gavle', 1, 0, '0000-00-00 00:00:00', '2016-06-27 18:52:03'),
(851, 122, 'Port of Helsingborg', 1, 0, '0000-00-00 00:00:00', '2016-06-27 18:52:03'),
(852, 122, 'Port of Kalmar', 1, 0, '0000-00-00 00:00:00', '2016-06-27 18:52:03'),
(853, 122, 'Port of Karlskrona', 1, 0, '0000-00-00 00:00:00', '2016-06-27 18:52:03'),
(854, 122, 'Copenhagen Malmo Port', 1, 0, '0000-00-00 00:00:00', '2016-06-27 18:52:03'),
(855, 122, 'Port of Norrkoping', 1, 0, '0000-00-00 00:00:00', '2016-06-27 18:52:03'),
(856, 122, 'Ports of Stockholm', 1, 0, '0000-00-00 00:00:00', '2016-06-27 18:52:03'),
(857, 122, 'Port Wallhamn', 1, 0, '0000-00-00 00:00:00', '2016-06-27 18:52:03'),
(858, 123, 'Port of Basel', 1, 0, '0000-00-00 00:00:00', '2016-06-27 18:52:03'),
(859, 123, 'Port of Muttenz-Au', 1, 0, '0000-00-00 00:00:00', '2016-06-27 18:52:03'),
(860, 123, 'Port of Kleinhuningen', 1, 0, '0000-00-00 00:00:00', '2016-06-27 18:52:03'),
(861, 123, 'Port of St. Johann', 1, 0, '0000-00-00 00:00:00', '2016-06-27 18:52:03'),
(862, 124, 'Hualien Port', 1, 0, '0000-00-00 00:00:00', '2016-06-27 18:52:03'),
(863, 124, 'Port of Kaohsiung', 1, 0, '0000-00-00 00:00:00', '2016-06-27 18:52:03'),
(864, 124, 'Port of Keelung', 1, 0, '0000-00-00 00:00:00', '2016-06-27 18:52:03'),
(865, 124, 'Mailiao Harbor', 1, 0, '0000-00-00 00:00:00', '2016-06-27 18:52:03'),
(866, 124, 'Port of Taichung', 1, 0, '0000-00-00 00:00:00', '2016-06-27 18:52:03'),
(867, 125, 'Port of Bukoba', 1, 0, '0000-00-00 00:00:00', '2016-06-27 18:52:03'),
(868, 125, 'Port of Chake Chake', 1, 0, '0000-00-00 00:00:00', '2016-06-27 18:52:03'),
(869, 125, 'Port of Dar es Salaam', 1, 0, '0000-00-00 00:00:00', '2016-06-27 18:52:03'),
(870, 125, 'Port of Kilwa Kivinje', 1, 0, '0000-00-00 00:00:00', '2016-06-27 18:52:03'),
(871, 125, 'Port of Lindi', 1, 0, '0000-00-00 00:00:00', '2016-06-27 18:52:03'),
(872, 125, 'Port of Tanga', 1, 0, '0000-00-00 00:00:00', '2016-06-27 18:52:03'),
(873, 125, 'Port of Pangani', 1, 0, '0000-00-00 00:00:00', '2016-06-27 18:52:03'),
(874, 125, 'Port of Wete', 1, 0, '0000-00-00 00:00:00', '2016-06-27 18:52:03'),
(875, 125, 'Port of Zanzibar', 1, 0, '0000-00-00 00:00:00', '2016-06-27 18:52:03'),
(876, 126, 'Port of Ban Ao Udom', 1, 0, '0000-00-00 00:00:00', '2016-06-27 18:52:03'),
(877, 126, 'Bangkok Modern Terminal', 1, 0, '0000-00-00 00:00:00', '2016-06-27 18:52:03'),
(878, 126, 'Port of Bangkok', 1, 0, '0000-00-00 00:00:00', '2016-06-27 18:52:03'),
(879, 126, 'Port of Laem Chabang', 1, 0, '0000-00-00 00:00:00', '2016-06-27 18:52:03'),
(880, 126, 'Port of Map Ta Phut', 1, 0, '0000-00-00 00:00:00', '2016-06-27 18:52:03'),
(881, 126, 'Sattahip Comercial Port', 1, 0, '0000-00-00 00:00:00', '2016-06-27 18:52:03'),
(882, 127, 'Port of Bizerte', 1, 0, '0000-00-00 00:00:00', '2016-06-27 18:52:03'),
(883, 127, 'Port of Gabes', 1, 0, '0000-00-00 00:00:00', '2016-06-27 18:52:03'),
(884, 127, 'Port of Menzel Bourguiba', 1, 0, '0000-00-00 00:00:00', '2016-06-27 18:52:03'),
(885, 127, 'Port of La Goulette', 1, 0, '0000-00-00 00:00:00', '2016-06-27 18:52:03'),
(886, 127, 'Port of Rades', 1, 0, '0000-00-00 00:00:00', '2016-06-27 18:52:03'),
(887, 127, 'Port of Zarzis', 1, 0, '0000-00-00 00:00:00', '2016-06-27 18:52:03'),
(888, 128, 'Port of Aliaga', 1, 0, '0000-00-00 00:00:00', '2016-06-27 18:52:03'),
(889, 128, 'Port of Ambarli', 1, 0, '0000-00-00 00:00:00', '2016-06-27 18:52:03'),
(890, 128, 'Dardanelles Strait', 1, 0, '0000-00-00 00:00:00', '2016-06-27 18:52:03'),
(891, 128, 'Port of Poliport', 1, 0, '0000-00-00 00:00:00', '2016-06-27 18:52:03'),
(892, 128, 'Port of Gemlik', 1, 0, '0000-00-00 00:00:00', '2016-06-27 18:52:03'),
(893, 128, 'Port of Haydarpasa', 1, 0, '0000-00-00 00:00:00', '2016-06-27 18:52:03'),
(894, 128, 'Port of Istanbul', 1, 0, '0000-00-00 00:00:00', '2016-06-27 18:52:03'),
(895, 128, 'Port of Izmir', 1, 0, '0000-00-00 00:00:00', '2016-06-27 18:52:03'),
(896, 128, 'Port of Mersin', 1, 0, '0000-00-00 00:00:00', '2016-06-27 18:52:03'),
(897, 128, 'Port of Tekirdag', 1, 0, '0000-00-00 00:00:00', '2016-06-27 18:52:03'),
(898, 129, 'Port of Ilyichevsk', 1, 0, '0000-00-00 00:00:00', '2016-06-27 18:52:03'),
(899, 129, 'Kherson Commerical Seaport', 1, 0, '0000-00-00 00:00:00', '2016-06-27 18:52:03'),
(900, 129, 'Port of Mariupol', 1, 0, '0000-00-00 00:00:00', '2016-06-27 18:52:03'),
(901, 129, 'Port of Nikolaev', 1, 0, '0000-00-00 00:00:00', '2016-06-27 18:52:03'),
(902, 129, 'Port of Odessa', 1, 0, '0000-00-00 00:00:00', '2016-06-27 18:52:03'),
(903, 129, 'Port of Sevastopol', 1, 0, '0000-00-00 00:00:00', '2016-06-27 18:52:03'),
(904, 129, 'Port of Yuzhny', 1, 0, '0000-00-00 00:00:00', '2016-06-27 18:52:03'),
(905, 130, 'Port Zayed', 1, 0, '0000-00-00 00:00:00', '2016-06-27 18:52:03'),
(906, 130, 'Port of Dibba Al-Fujairah', 1, 0, '0000-00-00 00:00:00', '2016-06-27 18:52:03'),
(907, 130, 'Port Rashid', 1, 0, '0000-00-00 00:00:00', '2016-06-27 18:52:03'),
(908, 130, 'Port of Fujairah', 1, 0, '0000-00-00 00:00:00', '2016-06-27 18:52:03'),
(909, 130, 'Port of Jebel Ali', 1, 0, '0000-00-00 00:00:00', '2016-06-27 18:52:03'),
(910, 130, 'Port of Khor Fakkan', 1, 0, '0000-00-00 00:00:00', '2016-06-27 18:52:03'),
(911, 130, 'Khalifa Port', 1, 0, '0000-00-00 00:00:00', '2016-06-27 18:52:03'),
(912, 130, 'Port Khalid', 1, 0, '0000-00-00 00:00:00', '2016-06-27 18:52:03'),
(913, 130, 'Port of Hamriyah', 1, 0, '0000-00-00 00:00:00', '2016-06-27 18:52:03'),
(914, 131, 'Aberdeen Harbour', 1, 0, '0000-00-00 00:00:00', '2016-06-27 18:52:03'),
(915, 131, 'Port of Barry', 1, 0, '0000-00-00 00:00:00', '2016-06-27 18:52:03'),
(916, 131, 'Port of Belfast', 1, 0, '0000-00-00 00:00:00', '2016-06-27 18:52:03'),
(917, 131, 'Port of Burntisland', 1, 0, '0000-00-00 00:00:00', '2016-06-27 18:52:03'),
(918, 131, 'Port of Cardiff', 1, 0, '0000-00-00 00:00:00', '2016-06-27 18:52:03'),
(919, 131, 'Cowes Harbour', 1, 0, '0000-00-00 00:00:00', '2016-06-27 18:52:03'),
(920, 131, 'Port of Dundee', 1, 0, '0000-00-00 00:00:00', '2016-06-27 18:52:03'),
(921, 131, 'Port of Falmouth', 1, 0, '0000-00-00 00:00:00', '2016-06-27 18:52:03'),
(922, 131, 'Felixstowe Port', 1, 0, '0000-00-00 00:00:00', '2016-06-27 18:52:03'),
(923, 131, 'Port of Grangemouth', 1, 0, '0000-00-00 00:00:00', '2016-06-27 18:52:03'),
(924, 131, 'Port of Great Yarmouth', 1, 0, '0000-00-00 00:00:00', '2016-06-27 18:52:03'),
(925, 131, 'The Ports of Tees and Hartlepool', 1, 0, '0000-00-00 00:00:00', '2016-06-27 18:52:03'),
(926, 131, 'Port of Hull', 1, 0, '0000-00-00 00:00:00', '2016-06-27 18:52:03'),
(927, 131, 'Port of Immingham', 1, 0, '0000-00-00 00:00:00', '2016-06-27 18:52:03'),
(928, 131, 'Cromarty Firth', 1, 0, '0000-00-00 00:00:00', '2016-06-27 18:52:03'),
(929, 131, 'Port of Ipswich', 1, 0, '0000-00-00 00:00:00', '2016-06-27 18:52:03'),
(930, 131, 'Port of Leith', 1, 0, '0000-00-00 00:00:00', '2016-06-27 18:52:03'),
(931, 131, 'Port of Liverpool', 1, 0, '0000-00-00 00:00:00', '2016-06-27 18:52:03'),
(932, 131, 'Port of London', 1, 0, '0000-00-00 00:00:00', '2016-06-27 18:52:03'),
(933, 131, 'Lymington Harbour', 1, 0, '0000-00-00 00:00:00', '2016-06-27 18:52:03'),
(934, 131, 'Manchester Ship Canal', 1, 0, '0000-00-00 00:00:00', '2016-06-27 18:52:03'),
(935, 131, 'Cattewater Harbour', 1, 0, '0000-00-00 00:00:00', '2016-06-27 18:52:03'),
(936, 131, 'Portsmouth Continental Ferry Port', 1, 0, '0000-00-00 00:00:00', '2016-06-27 18:52:03'),
(937, 131, 'Thamesport', 1, 0, '0000-00-00 00:00:00', '2016-06-27 18:52:03'),
(938, 131, 'Port of Rosyth', 1, 0, '0000-00-00 00:00:00', '2016-06-27 18:52:03'),
(939, 131, 'Port of Southampton', 1, 0, '0000-00-00 00:00:00', '2016-06-27 18:52:03'),
(940, 131, 'Port of Sunderland', 1, 0, '0000-00-00 00:00:00', '2016-06-27 18:52:03'),
(941, 131, 'Port of Swansea', 1, 0, '0000-00-00 00:00:00', '2016-06-27 18:52:03'),
(942, 131, 'Port of Teesport', 1, 0, '0000-00-00 00:00:00', '2016-06-27 18:52:03'),
(943, 131, 'Port of Tilbury', 1, 0, '0000-00-00 00:00:00', '2016-06-27 18:52:03'),
(944, 131, 'Port of Tyne', 1, 0, '0000-00-00 00:00:00', '2016-06-27 18:52:03'),
(945, 132, 'Port of Grays Harbor', 1, 0, '0000-00-00 00:00:00', '2016-06-27 18:52:03'),
(946, 132, 'Port of Baltimore', 1, 0, '0000-00-00 00:00:00', '2016-06-27 18:52:03'),
(947, 132, 'Port of Boston', 1, 0, '0000-00-00 00:00:00', '2016-06-27 18:52:03'),
(948, 132, 'Port Charleston', 1, 0, '0000-00-00 00:00:00', '2016-06-27 18:52:03'),
(949, 132, 'Port of Galveston', 1, 0, '0000-00-00 00:00:00', '2016-06-27 18:52:03'),
(950, 132, 'Honolulu Harbor, Oahu', 1, 0, '0000-00-00 00:00:00', '2016-06-27 18:52:03'),
(951, 132, 'Port of Houston', 1, 0, '0000-00-00 00:00:00', '2016-06-27 18:52:03'),
(952, 132, 'Port of Long Beach', 1, 0, '0000-00-00 00:00:00', '2016-06-27 18:52:03'),
(953, 132, 'Port of Los Angeles', 1, 0, '0000-00-00 00:00:00', '2016-06-27 18:52:03'),
(954, 132, 'Port of Mobile', 1, 0, '0000-00-00 00:00:00', '2016-06-27 18:52:03'),
(955, 132, 'Port of New Orleans', 1, 0, '0000-00-00 00:00:00', '2016-06-27 18:52:03'),
(956, 132, 'Port of New York', 1, 0, '0000-00-00 00:00:00', '2016-06-27 18:52:03'),
(957, 132, 'Port of Newark', 1, 0, '0000-00-00 00:00:00', '2016-06-27 18:52:03'),
(958, 132, 'Port of Norfolk', 1, 0, '0000-00-00 00:00:00', '2016-06-27 18:52:03'),
(959, 132, 'Port of Philadelphia', 1, 0, '0000-00-00 00:00:00', '2016-06-27 18:52:03'),
(960, 132, 'Port of San Francisco', 1, 0, '0000-00-00 00:00:00', '2016-06-27 18:52:03'),
(961, 132, 'Port of Savannah', 1, 0, '0000-00-00 00:00:00', '2016-06-27 18:52:03'),
(962, 132, 'Port of Seattle', 1, 0, '0000-00-00 00:00:00', '2016-06-27 18:52:03'),
(963, 132, 'Port of Tacoma', 1, 0, '0000-00-00 00:00:00', '2016-06-27 18:52:03'),
(964, 133, 'Puerto de Colonia', 1, 0, '0000-00-00 00:00:00', '2016-06-27 18:52:03'),
(965, 133, 'Puerto de Fray Bentos', 1, 0, '0000-00-00 00:00:00', '2016-06-27 18:52:03'),
(966, 133, 'Port of Jose Ignacio', 1, 0, '0000-00-00 00:00:00', '2016-06-27 18:52:03'),
(967, 133, 'Port of La Paloma', 1, 0, '0000-00-00 00:00:00', '2016-06-27 18:52:03'),
(968, 133, 'Puerto de Montevideo', 1, 0, '0000-00-00 00:00:00', '2016-06-27 18:52:03'),
(969, 134, 'Port of El Guamache', 1, 0, '0000-00-00 00:00:00', '2016-06-27 18:52:03'),
(970, 134, 'Port of Guanta', 1, 0, '0000-00-00 00:00:00', '2016-06-27 18:52:03'),
(971, 134, 'Port of La Guaira', 1, 0, '0000-00-00 00:00:00', '2016-06-27 18:52:03'),
(972, 134, 'Port of Maracaibo', 1, 0, '0000-00-00 00:00:00', '2016-06-27 18:52:03'),
(973, 134, 'Port of Matanzas', 1, 0, '0000-00-00 00:00:00', '2016-06-27 18:52:03'),
(974, 134, 'Port of Puerto Cabello', 1, 0, '0000-00-00 00:00:00', '2016-06-27 18:52:03'),
(975, 135, 'Port of Aden', 1, 0, '0000-00-00 00:00:00', '2016-06-27 18:52:03'),
(976, 135, 'Port of Hodeidah', 1, 0, '0000-00-00 00:00:00', '2016-06-27 18:52:03'),
(977, 135, 'Port of Mokha', 1, 0, '0000-00-00 00:00:00', '2016-06-27 18:52:03'),
(978, 135, 'Port of Nishtun', 1, 0, '0000-00-00 00:00:00', '2016-06-27 18:52:03'),
(979, 135, 'Ras Isa Marine Terminal', 1, 0, '0000-00-00 00:00:00', '2016-06-27 18:52:03'),
(980, 135, 'Port of Saleef', 1, 0, '0000-00-00 00:00:00', '2016-06-27 18:52:03');

-- --------------------------------------------------------

--
-- Table structure for table `tbl_dollar_price`
--

CREATE TABLE IF NOT EXISTS `tbl_dollar_price` (
  `id` int(10) NOT NULL,
  `dollar_price` varchar(10) DEFAULT NULL,
  `remarks` varchar(255) DEFAULT NULL,
  `created_by` int(10) NOT NULL,
  `created` datetime NOT NULL,
  `modified` timestamp NOT NULL DEFAULT CURRENT_TIMESTAMP ON UPDATE CURRENT_TIMESTAMP
) ENGINE=InnoDB AUTO_INCREMENT=2 DEFAULT CHARSET=latin1;

--
-- Dumping data for table `tbl_dollar_price`
--

INSERT INTO `tbl_dollar_price` (`id`, `dollar_price`, `remarks`, `created_by`, `created`, `modified`) VALUES
(1, '90.21', 'test', 0, '2016-07-23 11:01:32', '2016-08-23 03:22:48');

-- --------------------------------------------------------

--
-- Table structure for table `tbl_engine_type`
--

CREATE TABLE IF NOT EXISTS `tbl_engine_type` (
  `id` int(10) NOT NULL,
  `engine_type` varchar(100) DEFAULT NULL,
  `make_id` int(10) DEFAULT NULL,
  `model_id` int(10) DEFAULT NULL,
  `remarks` varchar(250) DEFAULT NULL,
  `created_by` int(10) DEFAULT NULL,
  `modified_by` int(10) DEFAULT NULL,
  `created` datetime NOT NULL,
  `modified` timestamp NOT NULL DEFAULT CURRENT_TIMESTAMP ON UPDATE CURRENT_TIMESTAMP
) ENGINE=InnoDB AUTO_INCREMENT=9 DEFAULT CHARSET=latin1;

--
-- Dumping data for table `tbl_engine_type`
--

INSERT INTO `tbl_engine_type` (`id`, `engine_type`, `make_id`, `model_id`, `remarks`, `created_by`, `modified_by`, `created`, `modified`) VALUES
(1, 'NZT240', 2, 4, '', 1, NULL, '2016-07-23 08:56:41', '2016-07-23 07:56:41'),
(2, 'NZT240', 2, 129, '', 1, NULL, '2016-07-23 09:19:04', '2016-07-23 08:19:04'),
(3, 'HDJ101K', 2, 88, '', 1, NULL, '2016-07-24 08:27:39', '2016-07-24 07:27:39'),
(4, 'NZT260', 2, 4, '', 1, NULL, '2016-07-24 09:58:03', '2016-07-24 08:58:03'),
(5, 'NCP60', 2, 538, '', 1, NULL, '2016-07-25 08:45:21', '2016-07-25 07:45:21'),
(6, 'ACA20W', 2, 539, '', 1, NULL, '2016-08-07 09:42:27', '2016-08-07 08:42:27'),
(7, 'ACA21W', 2, 539, '', 1, NULL, '2016-08-07 09:42:47', '2016-08-07 08:42:47'),
(8, 'NCP10', 2, 179, '', 1, NULL, '2016-08-11 09:59:22', '2016-08-11 08:59:22');

-- --------------------------------------------------------

--
-- Table structure for table `tbl_favorite`
--

CREATE TABLE IF NOT EXISTS `tbl_favorite` (
  `fevourite_id` int(10) NOT NULL,
  `product_id` int(10) NOT NULL,
  `customer_id` int(10) NOT NULL,
  `status` int(1) NOT NULL
) ENGINE=InnoDB AUTO_INCREMENT=6 DEFAULT CHARSET=latin1;

--
-- Dumping data for table `tbl_favorite`
--

INSERT INTO `tbl_favorite` (`fevourite_id`, `product_id`, `customer_id`, `status`) VALUES
(1, 4, 1, 0),
(2, 152, 7, 0),
(3, 134, 8, 1),
(4, 8, 1, 1),
(5, 197, 7, 1);

-- --------------------------------------------------------

--
-- Table structure for table `tbl_make`
--

CREATE TABLE IF NOT EXISTS `tbl_make` (
  `make_id` int(10) NOT NULL,
  `name` varchar(100) NOT NULL,
  `remarks` varchar(255) NOT NULL,
  `created` datetime NOT NULL,
  `modified` timestamp NOT NULL DEFAULT CURRENT_TIMESTAMP ON UPDATE CURRENT_TIMESTAMP,
  `created_by` int(10) NOT NULL
) ENGINE=InnoDB AUTO_INCREMENT=33 DEFAULT CHARSET=latin1;

--
-- Dumping data for table `tbl_make`
--

INSERT INTO `tbl_make` (`make_id`, `name`, `remarks`, `created`, `modified`, `created_by`) VALUES
(1, 'BMW', 'Nice Car', '2015-12-07 07:33:46', '0000-00-00 00:00:00', 1),
(2, 'Toyota', '', '2015-12-26 03:48:46', '0000-00-00 00:00:00', 1),
(3, 'Nissan', '', '2015-12-26 03:48:58', '0000-00-00 00:00:00', 1),
(4, 'Honda', '', '2015-12-26 03:49:06', '0000-00-00 00:00:00', 1),
(5, 'Mitsubishi', '', '2015-12-26 03:49:16', '0000-00-00 00:00:00', 1),
(6, 'Lexsus', '', '2015-12-29 11:13:24', '0000-00-00 00:00:00', 1),
(7, 'Ford', '', '2015-12-29 11:13:35', '0000-00-00 00:00:00', 1),
(8, 'Audi', '', '2015-12-29 11:13:43', '0000-00-00 00:00:00', 1),
(9, 'Land Rover', '', '2015-12-29 11:15:18', '0000-00-00 00:00:00', 1),
(10, 'Suzuki', '', '2015-12-29 11:15:54', '0000-00-00 00:00:00', 1),
(11, 'Volkswagen', '', '2015-12-29 11:16:35', '0000-00-00 00:00:00', 1),
(12, 'Subaru', '', '2015-12-29 11:16:46', '0000-00-00 00:00:00', 1),
(13, 'Mazda', '', '2015-12-29 11:16:52', '0000-00-00 00:00:00', 1),
(14, 'Mercedes-Benz', '', '2015-12-29 11:17:46', '0000-00-00 00:00:00', 1),
(15, 'Daihatsu', '', '2015-12-29 11:18:17', '2015-12-29 11:18:29', 1),
(16, 'Isuzu', '', '2016-01-05 04:00:00', '0000-00-00 00:00:00', 1),
(17, 'Chrysler', '', '2016-06-27 08:05:10', '0000-00-00 00:00:00', 0),
(18, 'Citroën', '', '2016-06-27 08:05:25', '0000-00-00 00:00:00', 0),
(19, 'Dodge', '', '2016-06-27 08:05:37', '0000-00-00 00:00:00', 0),
(20, 'Fiat', '', '2016-06-27 08:05:50', '0000-00-00 00:00:00', 0),
(21, 'Holden', '', '2016-06-27 08:06:01', '0000-00-00 00:00:00', 0),
(22, 'HSV', '', '2016-06-27 08:06:15', '0000-00-00 00:00:00', 0),
(23, 'Hyundai', '', '2016-06-27 08:06:36', '0000-00-00 00:00:00', 0),
(24, 'Jeep', '', '2016-06-27 08:06:46', '0000-00-00 00:00:00', 0),
(25, 'Kia', '', '2016-06-27 08:06:59', '0000-00-00 00:00:00', 0),
(26, 'Peugeot', '', '2016-06-27 08:07:31', '0000-00-00 00:00:00', 0),
(27, 'Porsche', '', '2016-06-27 08:07:39', '0000-00-00 00:00:00', 0),
(28, 'Proton', '', '2016-06-27 08:07:52', '0000-00-00 00:00:00', 0),
(29, 'Renault', '', '2016-06-27 08:08:01', '0000-00-00 00:00:00', 0),
(30, 'Skoda', '', '2016-06-27 08:08:13', '0000-00-00 00:00:00', 0),
(31, 'Ssangyong', '', '2016-06-27 08:08:23', '0000-00-00 00:00:00', 0),
(32, 'Volvo', '', '2016-06-27 08:09:08', '0000-00-00 00:00:00', 0);

-- --------------------------------------------------------

--
-- Table structure for table `tbl_message`
--

CREATE TABLE IF NOT EXISTS `tbl_message` (
  `message_id` int(10) NOT NULL,
  `sender_id` int(10) NOT NULL,
  `message_body` text NOT NULL,
  `product_id` int(10) NOT NULL,
  `created` timestamp NOT NULL DEFAULT CURRENT_TIMESTAMP ON UPDATE CURRENT_TIMESTAMP,
  `status` int(2) NOT NULL
) ENGINE=InnoDB DEFAULT CHARSET=latin1;

-- --------------------------------------------------------

--
-- Table structure for table `tbl_model`
--

CREATE TABLE IF NOT EXISTS `tbl_model` (
  `model_id` int(10) NOT NULL,
  `make_id` int(10) NOT NULL,
  `model_name` varchar(100) NOT NULL,
  `created` datetime NOT NULL,
  `modified` timestamp NOT NULL DEFAULT CURRENT_TIMESTAMP ON UPDATE CURRENT_TIMESTAMP,
  `created_by` int(10) NOT NULL
) ENGINE=InnoDB AUTO_INCREMENT=540 DEFAULT CHARSET=latin1;

--
-- Dumping data for table `tbl_model`
--

INSERT INTO `tbl_model` (`model_id`, `make_id`, `model_name`, `created`, `modified`, `created_by`) VALUES
(1, 2, '86', '0000-00-00 00:00:00', '0000-00-00 00:00:00', 1),
(2, 2, 'AQUA', '0000-00-00 00:00:00', '0000-00-00 00:00:00', 1),
(3, 2, 'Allex', '0000-00-00 00:00:00', '0000-00-00 00:00:00', 1),
(4, 2, 'Allion', '0000-00-00 00:00:00', '0000-00-00 00:00:00', 1),
(5, 2, 'Alphard', '0000-00-00 00:00:00', '0000-00-00 00:00:00', 1),
(6, 2, 'Altezza', '0000-00-00 00:00:00', '0000-00-00 00:00:00', 1),
(7, 2, 'Gita', '0000-00-00 00:00:00', '0000-00-00 00:00:00', 1),
(8, 2, 'Aristo ', '0000-00-00 00:00:00', '0000-00-00 00:00:00', 1),
(9, 2, 'Auris ', '0000-00-00 00:00:00', '0000-00-00 00:00:00', 1),
(10, 2, 'Avalon', '0000-00-00 00:00:00', '0000-00-00 00:00:00', 1),
(11, 2, 'Avensis Sedan', '0000-00-00 00:00:00', '0000-00-00 00:00:00', 1),
(12, 2, 'Avensis Wagon', '0000-00-00 00:00:00', '0000-00-00 00:00:00', 1),
(13, 2, 'Belta', '0000-00-00 00:00:00', '0000-00-00 00:00:00', 1),
(14, 2, 'Blade', '0000-00-00 00:00:00', '0000-00-00 00:00:00', 1),
(15, 2, 'Blizzard', '0000-00-00 00:00:00', '0000-00-00 00:00:00', 1),
(16, 2, 'Brevis', '0000-00-00 00:00:00', '0000-00-00 00:00:00', 1),
(17, 2, 'Caldina', '0000-00-00 00:00:00', '0000-00-00 00:00:00', 1),
(18, 2, 'Caldina Van', '0000-00-00 00:00:00', '0000-00-00 00:00:00', 1),
(19, 2, 'Cami ', '0000-00-00 00:00:00', '0000-00-00 00:00:00', 1),
(20, 2, 'Camroad', '0000-00-00 00:00:00', '0000-00-00 00:00:00', 1),
(21, 2, 'Camry', '0000-00-00 00:00:00', '0000-00-00 00:00:00', 1),
(22, 2, 'Camry Gracia', '0000-00-00 00:00:00', '0000-00-00 00:00:00', 1),
(23, 2, 'Camry Gracia Wagon', '0000-00-00 00:00:00', '0000-00-00 00:00:00', 1),
(24, 2, 'Carina', '0000-00-00 00:00:00', '0000-00-00 00:00:00', 1),
(25, 2, 'Carina ED', '0000-00-00 00:00:00', '0000-00-00 00:00:00', 1),
(26, 2, 'Carina Surf', '0000-00-00 00:00:00', '0000-00-00 00:00:00', 1),
(27, 2, 'Carina Van', '0000-00-00 00:00:00', '0000-00-00 00:00:00', 1),
(28, 2, 'Cavalier', '0000-00-00 00:00:00', '0000-00-00 00:00:00', 1),
(29, 2, ' Celica', '0000-00-00 00:00:00', '0000-00-00 00:00:00', 1),
(30, 2, 'Celsior', '0000-00-00 00:00:00', '0000-00-00 00:00:00', 1),
(31, 2, 'Century', '0000-00-00 00:00:00', '0000-00-00 00:00:00', 1),
(32, 2, 'Chaser', '0000-00-00 00:00:00', '0000-00-00 00:00:00', 1),
(33, 2, 'Coaster', '0000-00-00 00:00:00', '0000-00-00 00:00:00', 1),
(34, 2, 'Comfort', '0000-00-00 00:00:00', '0000-00-00 00:00:00', 1),
(35, 2, 'Corolla', '0000-00-00 00:00:00', '0000-00-00 00:00:00', 1),
(36, 2, 'Corolla Axio', '0000-00-00 00:00:00', '0000-00-00 00:00:00', 1),
(37, 2, 'Corolla Ceres', '0000-00-00 00:00:00', '0000-00-00 00:00:00', 1),
(38, 2, 'Corolla FX', '0000-00-00 00:00:00', '0000-00-00 00:00:00', 1),
(39, 2, 'Corolla Fielder', '0000-00-00 00:00:00', '0000-00-00 00:00:00', 1),
(40, 2, 'Corolla Levin', '0000-00-00 00:00:00', '0000-00-00 00:00:00', 1),
(41, 2, 'Corolla Rumion', '0000-00-00 00:00:00', '0000-00-00 00:00:00', 1),
(42, 2, 'Corolla Runx', '0000-00-00 00:00:00', '0000-00-00 00:00:00', 1),
(43, 2, 'Corolla Spacio', '0000-00-00 00:00:00', '0000-00-00 00:00:00', 1),
(44, 2, 'Corolla Van', '0000-00-00 00:00:00', '0000-00-00 00:00:00', 1),
(45, 2, 'Corolla Wagon', '0000-00-00 00:00:00', '0000-00-00 00:00:00', 1),
(46, 2, 'Corolla 2', '0000-00-00 00:00:00', '0000-00-00 00:00:00', 1),
(47, 2, 'Corona', '0000-00-00 00:00:00', '0000-00-00 00:00:00', 1),
(48, 2, 'Corona Exiv', '0000-00-00 00:00:00', '0000-00-00 00:00:00', 1),
(49, 2, 'Corona Mark2', '0000-00-00 00:00:00', '0000-00-00 00:00:00', 1),
(50, 2, 'Corona Premio', '0000-00-00 00:00:00', '0000-00-00 00:00:00', 1),
(51, 2, 'Corona Van', '0000-00-00 00:00:00', '0000-00-00 00:00:00', 1),
(52, 2, 'Corsa', '0000-00-00 00:00:00', '0000-00-00 00:00:00', 1),
(53, 2, 'Cresta', '0000-00-00 00:00:00', '0000-00-00 00:00:00', 1),
(54, 2, 'Crown ', '0000-00-00 00:00:00', '0000-00-00 00:00:00', 1),
(55, 2, 'Crown Confort', '0000-00-00 00:00:00', '0000-00-00 00:00:00', 1),
(56, 2, 'Crown Esrate', '0000-00-00 00:00:00', '0000-00-00 00:00:00', 1),
(57, 2, 'Crown Majesta', '0000-00-00 00:00:00', '0000-00-00 00:00:00', 1),
(58, 2, 'Crown Van', '0000-00-00 00:00:00', '0000-00-00 00:00:00', 1),
(59, 2, 'Crown Wagon', '0000-00-00 00:00:00', '0000-00-00 00:00:00', 1),
(60, 2, 'Curren ', '0000-00-00 00:00:00', '0000-00-00 00:00:00', 1),
(61, 2, 'Cyno', '0000-00-00 00:00:00', '0000-00-00 00:00:00', 1),
(62, 2, 'Deliboy', '0000-00-00 00:00:00', '0000-00-00 00:00:00', 1),
(63, 2, 'Duet', '0000-00-00 00:00:00', '0000-00-00 00:00:00', 1),
(64, 2, 'Dyna', '0000-00-00 00:00:00', '0000-00-00 00:00:00', 1),
(65, 2, 'Esquire', '0000-00-00 00:00:00', '0000-00-00 00:00:00', 1),
(66, 2, 'Estima', '0000-00-00 00:00:00', '0000-00-00 00:00:00', 1),
(67, 2, 'Estima Emina ', '0000-00-00 00:00:00', '0000-00-00 00:00:00', 1),
(68, 2, 'Estima Hybrid', '0000-00-00 00:00:00', '0000-00-00 00:00:00', 1),
(69, 2, 'Estima Lucida', '0000-00-00 00:00:00', '0000-00-00 00:00:00', 1),
(70, 2, 'Estima T/L', '0000-00-00 00:00:00', '0000-00-00 00:00:00', 1),
(71, 2, 'FJ Curiser', '0000-00-00 00:00:00', '0000-00-00 00:00:00', 1),
(72, 2, 'Funcargo', '0000-00-00 00:00:00', '0000-00-00 00:00:00', 1),
(73, 2, 'Gaia', '0000-00-00 00:00:00', '0000-00-00 00:00:00', 1),
(74, 2, 'Grand Hiace', '0000-00-00 00:00:00', '0000-00-00 00:00:00', 1),
(75, 2, 'Granvia', '0000-00-00 00:00:00', '0000-00-00 00:00:00', 1),
(76, 2, 'Harrier ', '0000-00-00 00:00:00', '0000-00-00 00:00:00', 1),
(77, 2, 'Hiace Commuter', '0000-00-00 00:00:00', '0000-00-00 00:00:00', 1),
(78, 2, 'Hiace Regius', '0000-00-00 00:00:00', '0000-00-00 00:00:00', 1),
(79, 2, 'Hiace Truck', '0000-00-00 00:00:00', '0000-00-00 00:00:00', 1),
(80, 2, 'Hiace Van ', '0000-00-00 00:00:00', '0000-00-00 00:00:00', 1),
(81, 2, 'Hiace Wagon', '0000-00-00 00:00:00', '0000-00-00 00:00:00', 1),
(82, 2, 'Hilux', '0000-00-00 00:00:00', '0000-00-00 00:00:00', 1),
(83, 2, 'Hilux Surf', '0000-00-00 00:00:00', '0000-00-00 00:00:00', 1),
(84, 2, 'Hilux Van', '0000-00-00 00:00:00', '0000-00-00 00:00:00', 1),
(85, 2, 'Ipsumi', '0000-00-00 00:00:00', '0000-00-00 00:00:00', 1),
(86, 2, 'Isis', '0000-00-00 00:00:00', '0000-00-00 00:00:00', 1),
(87, 2, 'Kluger', '0000-00-00 00:00:00', '0000-00-00 00:00:00', 1),
(88, 2, 'Land Cruiser', '0000-00-00 00:00:00', '0000-00-00 00:00:00', 1),
(89, 2, 'Land Cruiser Prado', '0000-00-00 00:00:00', '0000-00-00 00:00:00', 1),
(90, 2, 'Land Cruiser Wagon', '0000-00-00 00:00:00', '0000-00-00 00:00:00', 1),
(91, 2, 'Lexus', '0000-00-00 00:00:00', '0000-00-00 00:00:00', 1),
(92, 2, 'Lexus CT', '0000-00-00 00:00:00', '0000-00-00 00:00:00', 1),
(93, 2, 'Lexus GS', '0000-00-00 00:00:00', '0000-00-00 00:00:00', 1),
(94, 2, 'Lexus HS', '0000-00-00 00:00:00', '0000-00-00 00:00:00', 1),
(95, 2, 'Lexus IS', '0000-00-00 00:00:00', '0000-00-00 00:00:00', 1),
(96, 2, 'Lexus LS', '0000-00-00 00:00:00', '0000-00-00 00:00:00', 1),
(97, 2, 'Lexus LX', '0000-00-00 00:00:00', '0000-00-00 00:00:00', 1),
(98, 2, 'Lexus NX', '0000-00-00 00:00:00', '0000-00-00 00:00:00', 1),
(99, 2, 'Lexus RC', '0000-00-00 00:00:00', '0000-00-00 00:00:00', 1),
(100, 2, 'Lexus RCF', '0000-00-00 00:00:00', '0000-00-00 00:00:00', 1),
(101, 2, 'Lexus RX', '0000-00-00 00:00:00', '0000-00-00 00:00:00', 1),
(102, 2, 'Lexus SC', '0000-00-00 00:00:00', '0000-00-00 00:00:00', 1),
(103, 2, 'Liteace Noah', '0000-00-00 00:00:00', '0000-00-00 00:00:00', 1),
(104, 2, 'Liteace Truck ', '0000-00-00 00:00:00', '0000-00-00 00:00:00', 1),
(105, 2, 'Liteace VAN', '0000-00-00 00:00:00', '0000-00-00 00:00:00', 1),
(106, 2, 'Liteace Wagon', '0000-00-00 00:00:00', '0000-00-00 00:00:00', 1),
(107, 2, 'MR-S', '0000-00-00 00:00:00', '0000-00-00 00:00:00', 1),
(108, 2, 'MR2', '0000-00-00 00:00:00', '0000-00-00 00:00:00', 1),
(109, 2, 'Mark2', '0000-00-00 00:00:00', '0000-00-00 00:00:00', 1),
(110, 2, 'Mark2 Bilt', '0000-00-00 00:00:00', '0000-00-00 00:00:00', 1),
(111, 2, 'Mark2 Qualis', '0000-00-00 00:00:00', '0000-00-00 00:00:00', 1),
(112, 2, 'Mark2 Van', '0000-00-00 00:00:00', '0000-00-00 00:00:00', 1),
(113, 2, 'Mark2 Wagon', '0000-00-00 00:00:00', '0000-00-00 00:00:00', 1),
(114, 2, 'MarkX', '0000-00-00 00:00:00', '0000-00-00 00:00:00', 1),
(115, 2, 'MarkX Zio', '0000-00-00 00:00:00', '0000-00-00 00:00:00', 1),
(116, 2, 'Masterace Surf', '0000-00-00 00:00:00', '0000-00-00 00:00:00', 1),
(117, 2, 'Nadia', '0000-00-00 00:00:00', '0000-00-00 00:00:00', 1),
(118, 2, 'Noah', '0000-00-00 00:00:00', '0000-00-00 00:00:00', 1),
(119, 2, 'Opa', '0000-00-00 00:00:00', '0000-00-00 00:00:00', 1),
(120, 2, 'Origin', '0000-00-00 00:00:00', '0000-00-00 00:00:00', 1),
(121, 2, 'Passo', '0000-00-00 00:00:00', '0000-00-00 00:00:00', 1),
(122, 2, 'Passo Sette', '0000-00-00 00:00:00', '0000-00-00 00:00:00', 1),
(123, 2, 'Pixis Epoch', '0000-00-00 00:00:00', '0000-00-00 00:00:00', 1),
(124, 2, 'Pixis Mega', '0000-00-00 00:00:00', '0000-00-00 00:00:00', 1),
(125, 2, 'Pixis Space', '0000-00-00 00:00:00', '0000-00-00 00:00:00', 1),
(126, 2, 'Pixis Truck', '0000-00-00 00:00:00', '0000-00-00 00:00:00', 1),
(127, 2, 'Platz', '0000-00-00 00:00:00', '0000-00-00 00:00:00', 1),
(128, 2, 'Porte ', '0000-00-00 00:00:00', '0000-00-00 00:00:00', 1),
(129, 2, 'Premio', '0000-00-00 00:00:00', '0000-00-00 00:00:00', 1),
(130, 2, 'Prius', '0000-00-00 00:00:00', '0000-00-00 00:00:00', 1),
(131, 2, 'Prius PHV', '0000-00-00 00:00:00', '0000-00-00 00:00:00', 1),
(132, 2, 'Prius a', '0000-00-00 00:00:00', '0000-00-00 00:00:00', 1),
(133, 2, 'Probox', '0000-00-00 00:00:00', '0000-00-00 00:00:00', 1),
(134, 2, 'Probox Van', '0000-00-00 00:00:00', '0000-00-00 00:00:00', 1),
(135, 2, 'Progres', '0000-00-00 00:00:00', '0000-00-00 00:00:00', 1),
(136, 2, 'Pronard', '0000-00-00 00:00:00', '0000-00-00 00:00:00', 1),
(137, 2, 'Publica', '0000-00-00 00:00:00', '0000-00-00 00:00:00', 1),
(138, 2, 'QuickDelivery van', '0000-00-00 00:00:00', '0000-00-00 00:00:00', 1),
(139, 2, 'RAV4', '0000-00-00 00:00:00', '0000-00-00 00:00:00', 1),
(140, 2, 'Ractis', '0000-00-00 00:00:00', '0000-00-00 00:00:00', 1),
(141, 2, 'Raum', '0000-00-00 00:00:00', '0000-00-00 00:00:00', 1),
(142, 2, 'Regius Van', '0000-00-00 00:00:00', '0000-00-00 00:00:00', 1),
(143, 2, 'Regius ace Commuter', '0000-00-00 00:00:00', '0000-00-00 00:00:00', 1),
(144, 2, 'Regius ace Van', '0000-00-00 00:00:00', '0000-00-00 00:00:00', 1),
(145, 2, 'Rush', '0000-00-00 00:00:00', '0000-00-00 00:00:00', 1),
(146, 2, 'SAI ', '0000-00-00 00:00:00', '0000-00-00 00:00:00', 1),
(147, 2, 'Scepter ', '0000-00-00 00:00:00', '0000-00-00 00:00:00', 1),
(148, 2, 'Scepter Wagon', '0000-00-00 00:00:00', '0000-00-00 00:00:00', 1),
(149, 2, 'Sera', '0000-00-00 00:00:00', '0000-00-00 00:00:00', 1),
(150, 2, 'Sienta', '0000-00-00 00:00:00', '0000-00-00 00:00:00', 1),
(151, 2, 'Soarer', '0000-00-00 00:00:00', '0000-00-00 00:00:00', 1),
(152, 2, 'Spade', '0000-00-00 00:00:00', '0000-00-00 00:00:00', 1),
(153, 2, 'Sparky ', '0000-00-00 00:00:00', '0000-00-00 00:00:00', 1),
(154, 2, 'Sprinter', '0000-00-00 00:00:00', '0000-00-00 00:00:00', 1),
(155, 2, 'Sprinter Carib', '0000-00-00 00:00:00', '0000-00-00 00:00:00', 1),
(156, 2, 'Sprinter Marino', '0000-00-00 00:00:00', '0000-00-00 00:00:00', 1),
(157, 2, 'Sprinter Trueno', '0000-00-00 00:00:00', '0000-00-00 00:00:00', 1),
(158, 2, 'Sprinter Van', '0000-00-00 00:00:00', '0000-00-00 00:00:00', 1),
(159, 2, 'Sprinter Wagon', '0000-00-00 00:00:00', '0000-00-00 00:00:00', 1),
(160, 2, 'Starlet', '0000-00-00 00:00:00', '0000-00-00 00:00:00', 1),
(161, 2, 'Succeed', '0000-00-00 00:00:00', '0000-00-00 00:00:00', 1),
(162, 2, 'Succeed Van', '0000-00-00 00:00:00', '0000-00-00 00:00:00', 1),
(163, 2, 'Supra', '0000-00-00 00:00:00', '0000-00-00 00:00:00', 1),
(164, 2, 'Tercel', '0000-00-00 00:00:00', '0000-00-00 00:00:00', 1),
(165, 2, 'Touring Hiace', '0000-00-00 00:00:00', '0000-00-00 00:00:00', 1),
(166, 2, 'Town ace Noah', '0000-00-00 00:00:00', '0000-00-00 00:00:00', 1),
(167, 2, 'Townace Truck', '0000-00-00 00:00:00', '0000-00-00 00:00:00', 1),
(168, 2, 'Townace Van', '0000-00-00 00:00:00', '0000-00-00 00:00:00', 1),
(169, 2, 'Townace Wagon', '0000-00-00 00:00:00', '0000-00-00 00:00:00', 1),
(170, 2, 'Toyoace', '0000-00-00 00:00:00', '0000-00-00 00:00:00', 1),
(171, 2, 'Toyota', '0000-00-00 00:00:00', '0000-00-00 00:00:00', 1),
(172, 2, 'Toyota Forklift', '0000-00-00 00:00:00', '0000-00-00 00:00:00', 1),
(173, 2, 'Toyota Shovelloader', '0000-00-00 00:00:00', '0000-00-00 00:00:00', 1),
(174, 2, 'Toyota Vanguard', '0000-00-00 00:00:00', '0000-00-00 00:00:00', 1),
(175, 2, 'Vellfire', '0000-00-00 00:00:00', '0000-00-00 00:00:00', 1),
(176, 2, 'Verossa', '0000-00-00 00:00:00', '0000-00-00 00:00:00', 1),
(177, 2, 'Vista ', '0000-00-00 00:00:00', '0000-00-00 00:00:00', 1),
(178, 2, 'Vista Ardeo', '0000-00-00 00:00:00', '0000-00-00 00:00:00', 1),
(179, 2, 'Vitz', '0000-00-00 00:00:00', '0000-00-00 00:00:00', 1),
(180, 2, 'Voltz', '0000-00-00 00:00:00', '0000-00-00 00:00:00', 1),
(181, 2, 'Voxy', '0000-00-00 00:00:00', '0000-00-00 00:00:00', 1),
(182, 2, 'WILL CYPHA', '0000-00-00 00:00:00', '0000-00-00 00:00:00', 1),
(183, 2, 'WILL VS', '0000-00-00 00:00:00', '0000-00-00 00:00:00', 1),
(184, 2, 'WiLL Vi', '0000-00-00 00:00:00', '0000-00-00 00:00:00', 1),
(185, 2, 'Windom', '0000-00-00 00:00:00', '0000-00-00 00:00:00', 1),
(186, 2, 'Wish', '0000-00-00 00:00:00', '0000-00-00 00:00:00', 1),
(187, 2, 'bB', '0000-00-00 00:00:00', '0000-00-00 00:00:00', 1),
(188, 2, 'IQ', '0000-00-00 00:00:00', '0000-00-00 00:00:00', 1),
(189, 3, '180SX', '0000-00-00 00:00:00', '0000-00-00 00:00:00', 1),
(190, 3, 'AD Van', '0000-00-00 00:00:00', '0000-00-00 00:00:00', 1),
(191, 3, 'AD Wagon', '0000-00-00 00:00:00', '0000-00-00 00:00:00', 1),
(192, 3, 'Atlas', '0000-00-00 00:00:00', '0000-00-00 00:00:00', 1),
(193, 3, 'Avenir Cargo', '0000-00-00 00:00:00', '0000-00-00 00:00:00', 1),
(194, 3, 'Avenir Wagon', '0000-00-00 00:00:00', '0000-00-00 00:00:00', 1),
(195, 3, 'Bassara', '0000-00-00 00:00:00', '0000-00-00 00:00:00', 1),
(196, 3, 'Be-1', '0000-00-00 00:00:00', '0000-00-00 00:00:00', 1),
(197, 3, 'Big Thumb', '0000-00-00 00:00:00', '0000-00-00 00:00:00', 1),
(198, 3, 'Bluebird', '0000-00-00 00:00:00', '0000-00-00 00:00:00', 1),
(199, 3, 'Bluebird Sylphy', '0000-00-00 00:00:00', '0000-00-00 00:00:00', 1),
(200, 3, 'Caravan Bus', '0000-00-00 00:00:00', '0000-00-00 00:00:00', 1),
(201, 3, 'Caravan Coach', '0000-00-00 00:00:00', '0000-00-00 00:00:00', 1),
(202, 3, 'Caravan Van', '0000-00-00 00:00:00', '0000-00-00 00:00:00', 1),
(203, 3, 'Cedric', '0000-00-00 00:00:00', '0000-00-00 00:00:00', 1),
(204, 3, 'Cedric Van', '0000-00-00 00:00:00', '0000-00-00 00:00:00', 1),
(205, 3, 'Cedric Wagon', '0000-00-00 00:00:00', '0000-00-00 00:00:00', 1),
(206, 3, 'Cefiro ', '0000-00-00 00:00:00', '0000-00-00 00:00:00', 1),
(207, 3, 'Cefiro Wagon', '0000-00-00 00:00:00', '0000-00-00 00:00:00', 1),
(208, 3, 'Cherry', '0000-00-00 00:00:00', '0000-00-00 00:00:00', 1),
(209, 3, 'Cima', '0000-00-00 00:00:00', '0000-00-00 00:00:00', 1),
(210, 3, 'Civilian', '0000-00-00 00:00:00', '0000-00-00 00:00:00', 1),
(211, 3, 'Clipper', '0000-00-00 00:00:00', '0000-00-00 00:00:00', 1),
(212, 3, 'Clipper Rio', '0000-00-00 00:00:00', '0000-00-00 00:00:00', 1),
(213, 3, 'Clipper Truck', '0000-00-00 00:00:00', '0000-00-00 00:00:00', 1),
(214, 3, 'Clipper Van', '0000-00-00 00:00:00', '0000-00-00 00:00:00', 1),
(215, 3, 'Condor', '0000-00-00 00:00:00', '0000-00-00 00:00:00', 1),
(216, 3, 'Crue', '0000-00-00 00:00:00', '0000-00-00 00:00:00', 1),
(217, 3, 'Cube', '0000-00-00 00:00:00', '0000-00-00 00:00:00', 1),
(218, 3, 'Cube Cubic', '0000-00-00 00:00:00', '0000-00-00 00:00:00', 1),
(219, 3, 'DATSUN Pickup', '0000-00-00 00:00:00', '0000-00-00 00:00:00', 1),
(220, 3, ' DAYZ', '0000-00-00 00:00:00', '0000-00-00 00:00:00', 1),
(221, 3, 'DAYZ Roox', '0000-00-00 00:00:00', '0000-00-00 00:00:00', 1),
(222, 3, 'Datsun', '0000-00-00 00:00:00', '0000-00-00 00:00:00', 1),
(223, 3, 'Dualis', '0000-00-00 00:00:00', '0000-00-00 00:00:00', 1),
(224, 3, 'Elgrand', '0000-00-00 00:00:00', '0000-00-00 00:00:00', 1),
(225, 3, ' Exa', '0000-00-00 00:00:00', '0000-00-00 00:00:00', 1),
(226, 3, 'Expert', '0000-00-00 00:00:00', '0000-00-00 00:00:00', 1),
(227, 3, 'Fairlady', '0000-00-00 00:00:00', '0000-00-00 00:00:00', 1),
(228, 3, 'Fairlady Z', '0000-00-00 00:00:00', '0000-00-00 00:00:00', 1),
(229, 3, 'Figaro', '0000-00-00 00:00:00', '0000-00-00 00:00:00', 1),
(230, 3, 'Fuga', '0000-00-00 00:00:00', '0000-00-00 00:00:00', 1),
(231, 3, 'GT-R', '0000-00-00 00:00:00', '0000-00-00 00:00:00', 1),
(232, 3, 'Gloria', '0000-00-00 00:00:00', '0000-00-00 00:00:00', 1),
(233, 3, 'Gloria Van', '0000-00-00 00:00:00', '0000-00-00 00:00:00', 1),
(234, 3, 'Gloria Wagon', '0000-00-00 00:00:00', '0000-00-00 00:00:00', 1),
(235, 3, 'Homy Conch', '0000-00-00 00:00:00', '0000-00-00 00:00:00', 1),
(236, 3, 'Homy Van', '0000-00-00 00:00:00', '0000-00-00 00:00:00', 1),
(237, 3, 'Homy Van', '0000-00-00 00:00:00', '0000-00-00 00:00:00', 1),
(238, 3, 'Infiniti', '0000-00-00 00:00:00', '0000-00-00 00:00:00', 1),
(239, 3, 'Infiniti Q45', '0000-00-00 00:00:00', '0000-00-00 00:00:00', 1),
(240, 3, 'Juke', '0000-00-00 00:00:00', '0000-00-00 00:00:00', 1),
(241, 3, 'KIX', '0000-00-00 00:00:00', '0000-00-00 00:00:00', 1),
(242, 3, 'Lafesta', '0000-00-00 00:00:00', '0000-00-00 00:00:00', 1),
(243, 3, 'Langlay', '0000-00-00 00:00:00', '0000-00-00 00:00:00', 1),
(244, 3, 'Largo', '0000-00-00 00:00:00', '0000-00-00 00:00:00', 1),
(245, 3, 'Latio', '0000-00-00 00:00:00', '0000-00-00 00:00:00', 1),
(246, 3, 'Laurel', '0000-00-00 00:00:00', '0000-00-00 00:00:00', 1),
(247, 3, 'Leaf', '0000-00-00 00:00:00', '0000-00-00 00:00:00', 1),
(248, 3, 'Leopard', '0000-00-00 00:00:00', '0000-00-00 00:00:00', 1),
(249, 3, 'Leopard J.Ferie', '0000-00-00 00:00:00', '0000-00-00 00:00:00', 1),
(250, 3, 'Liberty', '0000-00-00 00:00:00', '0000-00-00 00:00:00', 1),
(251, 3, 'March', '0000-00-00 00:00:00', '0000-00-00 00:00:00', 1),
(252, 3, 'Maxima', '0000-00-00 00:00:00', '0000-00-00 00:00:00', 1),
(253, 3, 'Micra', '0000-00-00 00:00:00', '0000-00-00 00:00:00', 1),
(254, 3, 'Mistral', '0000-00-00 00:00:00', '0000-00-00 00:00:00', 1),
(255, 3, 'Moco', '0000-00-00 00:00:00', '0000-00-00 00:00:00', 1),
(256, 3, 'Murano', '0000-00-00 00:00:00', '0000-00-00 00:00:00', 1),
(257, 3, 'NV200', '0000-00-00 00:00:00', '0000-00-00 00:00:00', 1),
(258, 3, 'Nissan', '0000-00-00 00:00:00', '0000-00-00 00:00:00', 1),
(259, 3, 'Nissan Bus', '0000-00-00 00:00:00', '0000-00-00 00:00:00', 1),
(260, 3, 'Nissan Forklift', '0000-00-00 00:00:00', '0000-00-00 00:00:00', 1),
(261, 3, 'Nissan Truck', '0000-00-00 00:00:00', '0000-00-00 00:00:00', 1),
(262, 3, 'Note', '0000-00-00 00:00:00', '0000-00-00 00:00:00', 1),
(263, 3, 'Otti', '0000-00-00 00:00:00', '0000-00-00 00:00:00', 1),
(264, 3, 'Pao ', '0000-00-00 00:00:00', '0000-00-00 00:00:00', 1),
(265, 3, 'Pino', '0000-00-00 00:00:00', '0000-00-00 00:00:00', 1),
(266, 3, 'Prairie', '0000-00-00 00:00:00', '0000-00-00 00:00:00', 1),
(267, 3, 'Presage', '0000-00-00 00:00:00', '0000-00-00 00:00:00', 1),
(268, 3, 'Presea', '0000-00-00 00:00:00', '0000-00-00 00:00:00', 1),
(269, 3, 'President', '0000-00-00 00:00:00', '0000-00-00 00:00:00', 1),
(270, 3, 'Primera', '0000-00-00 00:00:00', '0000-00-00 00:00:00', 1),
(271, 3, 'Primera Camino', '0000-00-00 00:00:00', '0000-00-00 00:00:00', 1),
(272, 3, 'Primera Camino Wagon', '0000-00-00 00:00:00', '0000-00-00 00:00:00', 1),
(273, 3, 'Primera Wagon', '0000-00-00 00:00:00', '0000-00-00 00:00:00', 1),
(274, 3, 'Pulsar', '0000-00-00 00:00:00', '0000-00-00 00:00:00', 1),
(275, 3, 'Pulsar Series', '0000-00-00 00:00:00', '0000-00-00 00:00:00', 1),
(276, 3, 'Quon', '0000-00-00 00:00:00', '0000-00-00 00:00:00', 1),
(277, 3, 'Rasheen', '0000-00-00 00:00:00', '0000-00-00 00:00:00', 1),
(278, 3, 'Rnessa', '0000-00-00 00:00:00', '0000-00-00 00:00:00', 1),
(279, 3, 'Roox', '0000-00-00 00:00:00', '0000-00-00 00:00:00', 1),
(280, 3, 'Safari ', '0000-00-00 00:00:00', '0000-00-00 00:00:00', 1),
(281, 3, 'Safari Truck', '0000-00-00 00:00:00', '0000-00-00 00:00:00', 1),
(282, 3, 'Safari Van', '0000-00-00 00:00:00', '0000-00-00 00:00:00', 1),
(283, 3, 'Santana', '0000-00-00 00:00:00', '0000-00-00 00:00:00', 1),
(284, 3, 'Scargo', '0000-00-00 00:00:00', '0000-00-00 00:00:00', 1),
(285, 3, 'Serena', '0000-00-00 00:00:00', '0000-00-00 00:00:00', 1),
(286, 3, ' Serena Cargo', '0000-00-00 00:00:00', '0000-00-00 00:00:00', 1),
(287, 3, ' Silvia', '0000-00-00 00:00:00', '0000-00-00 00:00:00', 1),
(288, 3, 'Skyline', '0000-00-00 00:00:00', '0000-00-00 00:00:00', 1),
(289, 3, 'Skyline Coupe', '0000-00-00 00:00:00', '0000-00-00 00:00:00', 1),
(290, 3, 'Skyline CrossOver', '0000-00-00 00:00:00', '0000-00-00 00:00:00', 1),
(291, 3, 'Stagea', '0000-00-00 00:00:00', '0000-00-00 00:00:00', 1),
(292, 3, 'Sunny', '0000-00-00 00:00:00', '0000-00-00 00:00:00', 1),
(293, 3, 'Sunny California ', '0000-00-00 00:00:00', '0000-00-00 00:00:00', 1),
(294, 3, 'Sunny Lucino', '0000-00-00 00:00:00', '0000-00-00 00:00:00', 1),
(295, 3, 'Sunny Truck', '0000-00-00 00:00:00', '0000-00-00 00:00:00', 1),
(296, 3, 'Teana', '0000-00-00 00:00:00', '0000-00-00 00:00:00', 1),
(297, 3, 'Terrano', '0000-00-00 00:00:00', '0000-00-00 00:00:00', 1),
(298, 3, 'Terrano Regulus', '0000-00-00 00:00:00', '0000-00-00 00:00:00', 1),
(299, 3, 'Tiida', '0000-00-00 00:00:00', '0000-00-00 00:00:00', 1),
(300, 3, 'Tiida Latio', '0000-00-00 00:00:00', '0000-00-00 00:00:00', 1),
(301, 3, ' Tino', '0000-00-00 00:00:00', '0000-00-00 00:00:00', 1),
(302, 3, 'UD', '0000-00-00 00:00:00', '0000-00-00 00:00:00', 1),
(303, 3, 'UD Bus', '0000-00-00 00:00:00', '0000-00-00 00:00:00', 1),
(304, 3, 'Vanette Truck', '0000-00-00 00:00:00', '0000-00-00 00:00:00', 1),
(305, 3, 'Vanette Van', '0000-00-00 00:00:00', '0000-00-00 00:00:00', 1),
(306, 3, 'Wingroad', '0000-00-00 00:00:00', '0000-00-00 00:00:00', 1),
(307, 3, 'X-Trail', '0000-00-00 00:00:00', '0000-00-00 00:00:00', 1),
(308, 4, 'Accord', '0000-00-00 00:00:00', '0000-00-00 00:00:00', 1),
(309, 4, 'Accord Coupe', '0000-00-00 00:00:00', '0000-00-00 00:00:00', 1),
(310, 4, 'Accord Wagon', '0000-00-00 00:00:00', '0000-00-00 00:00:00', 1),
(311, 4, 'Acty Streat', '0000-00-00 00:00:00', '0000-00-00 00:00:00', 1),
(312, 4, 'Acty Truck', '0000-00-00 00:00:00', '0000-00-00 00:00:00', 1),
(313, 4, 'Acty Van', '0000-00-00 00:00:00', '0000-00-00 00:00:00', 1),
(314, 4, 'Acura', '0000-00-00 00:00:00', '0000-00-00 00:00:00', 1),
(315, 4, 'Airwave', '0000-00-00 00:00:00', '0000-00-00 00:00:00', 1),
(316, 4, 'Ascot', '0000-00-00 00:00:00', '0000-00-00 00:00:00', 1),
(317, 4, 'Ascot Innova', '0000-00-00 00:00:00', '0000-00-00 00:00:00', 1),
(318, 4, 'Avancier', '0000-00-00 00:00:00', '0000-00-00 00:00:00', 1),
(319, 4, 'Beat', '0000-00-00 00:00:00', '0000-00-00 00:00:00', 1),
(320, 4, 'CR-V', '0000-00-00 00:00:00', '0000-00-00 00:00:00', 1),
(321, 4, 'CR-X', '0000-00-00 00:00:00', '0000-00-00 00:00:00', 1),
(322, 4, 'CR-X delSol', '0000-00-00 00:00:00', '0000-00-00 00:00:00', 1),
(323, 4, 'CR-Z', '0000-00-00 00:00:00', '0000-00-00 00:00:00', 1),
(324, 4, 'City', '0000-00-00 00:00:00', '0000-00-00 00:00:00', 1),
(325, 4, 'Civic', '0000-00-00 00:00:00', '0000-00-00 00:00:00', 1),
(326, 4, 'Civic Coupe', '0000-00-00 00:00:00', '0000-00-00 00:00:00', 1),
(327, 4, 'Civic Ferio', '0000-00-00 00:00:00', '0000-00-00 00:00:00', 1),
(328, 4, 'Civic Hybrid', '0000-00-00 00:00:00', '0000-00-00 00:00:00', 1),
(329, 4, 'Civic Shuttle', '0000-00-00 00:00:00', '0000-00-00 00:00:00', 1),
(330, 4, 'Concerto', '0000-00-00 00:00:00', '0000-00-00 00:00:00', 1),
(331, 4, 'Crossroad', '0000-00-00 00:00:00', '0000-00-00 00:00:00', 1),
(332, 4, 'Domani', '0000-00-00 00:00:00', '0000-00-00 00:00:00', 1),
(333, 4, 'Edix', '0000-00-00 00:00:00', '0000-00-00 00:00:00', 1),
(334, 4, 'ElemenT', '0000-00-00 00:00:00', '0000-00-00 00:00:00', 1),
(335, 4, 'Elysion', '0000-00-00 00:00:00', '0000-00-00 00:00:00', 1),
(336, 4, 'Fit', '0000-00-00 00:00:00', '0000-00-00 00:00:00', 1),
(337, 4, 'Fit Shuttle', '0000-00-00 00:00:00', '0000-00-00 00:00:00', 1),
(338, 4, 'Freed', '0000-00-00 00:00:00', '0000-00-00 00:00:00', 1),
(339, 4, 'Freed Spike', '0000-00-00 00:00:00', '0000-00-00 00:00:00', 1),
(340, 4, 'Grace', '0000-00-00 00:00:00', '0000-00-00 00:00:00', 1),
(341, 4, 'HR-V', '0000-00-00 00:00:00', '0000-00-00 00:00:00', 1),
(342, 4, 'Honda', '0000-00-00 00:00:00', '0000-00-00 00:00:00', 1),
(343, 4, 'Honda', '0000-00-00 00:00:00', '0000-00-00 00:00:00', 1),
(344, 4, 'Horizon', '0000-00-00 00:00:00', '0000-00-00 00:00:00', 1),
(345, 4, 'Insight', '0000-00-00 00:00:00', '0000-00-00 00:00:00', 1),
(346, 4, 'Inspire', '0000-00-00 00:00:00', '0000-00-00 00:00:00', 1),
(347, 4, 'Integra', '0000-00-00 00:00:00', '0000-00-00 00:00:00', 1),
(348, 4, 'Integra SJ', '0000-00-00 00:00:00', '0000-00-00 00:00:00', 1),
(349, 4, 'jade', '0000-00-00 00:00:00', '0000-00-00 00:00:00', 1),
(350, 4, 'Lagreat', '0000-00-00 00:00:00', '0000-00-00 00:00:00', 1),
(351, 4, 'Legend', '0000-00-00 00:00:00', '0000-00-00 00:00:00', 1),
(352, 4, 'Life', '0000-00-00 00:00:00', '0000-00-00 00:00:00', 1),
(353, 4, 'Life Dunk', '0000-00-00 00:00:00', '0000-00-00 00:00:00', 1),
(354, 4, 'Logo', '0000-00-00 00:00:00', '0000-00-00 00:00:00', 1),
(355, 4, 'MDX', '0000-00-00 00:00:00', '0000-00-00 00:00:00', 1),
(356, 4, 'Mobilio', '0000-00-00 00:00:00', '0000-00-00 00:00:00', 1),
(357, 4, 'N BOX', '0000-00-00 00:00:00', '0000-00-00 00:00:00', 1),
(358, 4, 'N BOX +', '0000-00-00 00:00:00', '0000-00-00 00:00:00', 1),
(359, 4, 'N BOX SLASH', '0000-00-00 00:00:00', '0000-00-00 00:00:00', 1),
(360, 4, 'N ONE', '0000-00-00 00:00:00', '0000-00-00 00:00:00', 1),
(361, 4, 'N WGN', '0000-00-00 00:00:00', '0000-00-00 00:00:00', 1),
(362, 4, 'N360', '0000-00-00 00:00:00', '0000-00-00 00:00:00', 1),
(363, 4, 'NSX', '0000-00-00 00:00:00', '0000-00-00 00:00:00', 1),
(364, 4, 'Odyssey', '0000-00-00 00:00:00', '0000-00-00 00:00:00', 1),
(365, 4, 'Orthia', '0000-00-00 00:00:00', '0000-00-00 00:00:00', 1),
(366, 4, 'Partner', '0000-00-00 00:00:00', '0000-00-00 00:00:00', 1),
(367, 4, 'Prelude', '0000-00-00 00:00:00', '0000-00-00 00:00:00', 1),
(368, 4, ' Rafarlgar', '0000-00-00 00:00:00', '0000-00-00 00:00:00', 1),
(369, 4, 'S-MX', '0000-00-00 00:00:00', '0000-00-00 00:00:00', 1),
(370, 4, 'S2000', '0000-00-00 00:00:00', '0000-00-00 00:00:00', 1),
(371, 4, 'S660', '0000-00-00 00:00:00', '0000-00-00 00:00:00', 1),
(372, 4, 'Saber', '0000-00-00 00:00:00', '0000-00-00 00:00:00', 1),
(373, 4, 'Spike', '0000-00-00 00:00:00', '0000-00-00 00:00:00', 1),
(374, 4, 'Step-Van', '0000-00-00 00:00:00', '0000-00-00 00:00:00', 1),
(375, 4, ' Stepwgn', '0000-00-00 00:00:00', '0000-00-00 00:00:00', 1),
(376, 4, 'Stream', '0000-00-00 00:00:00', '0000-00-00 00:00:00', 1),
(377, 4, 'Thats', '0000-00-00 00:00:00', '0000-00-00 00:00:00', 1),
(378, 4, 'Today', '0000-00-00 00:00:00', '0000-00-00 00:00:00', 1),
(379, 4, 'Today Associe', '0000-00-00 00:00:00', '0000-00-00 00:00:00', 1),
(380, 4, 'Today Van', '0000-00-00 00:00:00', '0000-00-00 00:00:00', 1),
(381, 4, 'Torneo', '0000-00-00 00:00:00', '0000-00-00 00:00:00', 1),
(382, 4, 'US Accord', '0000-00-00 00:00:00', '0000-00-00 00:00:00', 1),
(383, 4, 'US Accord Wagon', '0000-00-00 00:00:00', '0000-00-00 00:00:00', 1),
(384, 4, 'VEZEL', '0000-00-00 00:00:00', '0000-00-00 00:00:00', 1),
(385, 4, 'Vamos', '0000-00-00 00:00:00', '0000-00-00 00:00:00', 1),
(386, 4, ' Vigor', '0000-00-00 00:00:00', '0000-00-00 00:00:00', 1),
(387, 4, 'Z', '0000-00-00 00:00:00', '0000-00-00 00:00:00', 1),
(388, 4, 'Zest', '0000-00-00 00:00:00', '0000-00-00 00:00:00', 1),
(389, 5, 'Aero Midi', '0000-00-00 00:00:00', '0000-00-00 00:00:00', 1),
(390, 5, 'Aero Quenn', '0000-00-00 00:00:00', '0000-00-00 00:00:00', 1),
(391, 5, 'Airtrek', '0000-00-00 00:00:00', '0000-00-00 00:00:00', 1),
(392, 5, 'Canter', '0000-00-00 00:00:00', '0000-00-00 00:00:00', 1),
(393, 5, 'Canter Guts', '0000-00-00 00:00:00', '0000-00-00 00:00:00', 1),
(394, 5, 'Carisma', '0000-00-00 00:00:00', '0000-00-00 00:00:00', 1),
(395, 5, 'Challenger', '0000-00-00 00:00:00', '0000-00-00 00:00:00', 1),
(396, 5, 'Chariot', '0000-00-00 00:00:00', '0000-00-00 00:00:00', 1),
(397, 5, 'Chariot Grandis', '0000-00-00 00:00:00', '0000-00-00 00:00:00', 1),
(398, 5, 'Colt', '0000-00-00 00:00:00', '0000-00-00 00:00:00', 1),
(399, 5, 'Colt Plus', '0000-00-00 00:00:00', '0000-00-00 00:00:00', 1),
(400, 5, 'Debonair', '0000-00-00 00:00:00', '0000-00-00 00:00:00', 1),
(401, 5, 'Delica D2', '0000-00-00 00:00:00', '0000-00-00 00:00:00', 1),
(402, 5, 'Delica D3', '0000-00-00 00:00:00', '0000-00-00 00:00:00', 1),
(403, 5, 'Delica D5', '0000-00-00 00:00:00', '0000-00-00 00:00:00', 1),
(404, 5, 'Delica Space Gear', '0000-00-00 00:00:00', '0000-00-00 00:00:00', 1),
(405, 5, 'Delica Truck', '0000-00-00 00:00:00', '0000-00-00 00:00:00', 1),
(406, 5, 'Delica van', '0000-00-00 00:00:00', '0000-00-00 00:00:00', 1),
(407, 5, 'Delica Wagon', '0000-00-00 00:00:00', '0000-00-00 00:00:00', 1),
(408, 5, 'Diamante', '0000-00-00 00:00:00', '0000-00-00 00:00:00', 1),
(409, 5, 'Diamante Wagon', '0000-00-00 00:00:00', '0000-00-00 00:00:00', 1),
(410, 5, 'Dignity', '0000-00-00 00:00:00', '0000-00-00 00:00:00', 1),
(411, 5, 'Dingo', '0000-00-00 00:00:00', '0000-00-00 00:00:00', 1),
(412, 5, 'Dion', '0000-00-00 00:00:00', '0000-00-00 00:00:00', 1),
(413, 5, 'Eclipse', '0000-00-00 00:00:00', '0000-00-00 00:00:00', 1),
(414, 5, 'Eterna', '0000-00-00 00:00:00', '0000-00-00 00:00:00', 1),
(415, 5, 'FTO', '0000-00-00 00:00:00', '0000-00-00 00:00:00', 1),
(416, 5, 'Fuso Bus    ', '0000-00-00 00:00:00', '0000-00-00 00:00:00', 1),
(417, 5, 'Fuso Fighter', '0000-00-00 00:00:00', '0000-00-00 00:00:00', 1),
(418, 5, 'Fuso Truck', '0000-00-00 00:00:00', '0000-00-00 00:00:00', 1),
(419, 5, 'GTO', '0000-00-00 00:00:00', '0000-00-00 00:00:00', 1),
(420, 5, 'Galant', '0000-00-00 00:00:00', '0000-00-00 00:00:00', 1),
(421, 5, 'Galant Fortis', '0000-00-00 00:00:00', '0000-00-00 00:00:00', 1),
(422, 5, 'Grandis', '0000-00-00 00:00:00', '0000-00-00 00:00:00', 1),
(423, 5, 'Great ', '0000-00-00 00:00:00', '0000-00-00 00:00:00', 1),
(424, 5, 'Jeep', '0000-00-00 00:00:00', '0000-00-00 00:00:00', 1),
(425, 5, 'Lancer', '0000-00-00 00:00:00', '0000-00-00 00:00:00', 1),
(426, 5, 'Lancer Cedia', '0000-00-00 00:00:00', '0000-00-00 00:00:00', 1),
(427, 5, 'Lancer Cedia Wagon', '0000-00-00 00:00:00', '0000-00-00 00:00:00', 1),
(428, 5, 'Lancer Van', '0000-00-00 00:00:00', '0000-00-00 00:00:00', 1),
(429, 5, 'Lancer Wagon', '0000-00-00 00:00:00', '0000-00-00 00:00:00', 1),
(430, 5, 'Legnum', '0000-00-00 00:00:00', '0000-00-00 00:00:00', 1),
(431, 5, 'Libero', '0000-00-00 00:00:00', '0000-00-00 00:00:00', 1),
(432, 5, 'Libero Cargo', '0000-00-00 00:00:00', '0000-00-00 00:00:00', 1),
(433, 5, 'Minica', '0000-00-00 00:00:00', '0000-00-00 00:00:00', 1),
(434, 5, 'Minica Van', '0000-00-00 00:00:00', '0000-00-00 00:00:00', 1),
(435, 5, 'Minicab Miev', '0000-00-00 00:00:00', '0000-00-00 00:00:00', 1),
(436, 5, 'Minicab Truck', '0000-00-00 00:00:00', '0000-00-00 00:00:00', 1),
(437, 5, 'Minicab Van', '0000-00-00 00:00:00', '0000-00-00 00:00:00', 1),
(438, 5, 'Minika Toppo', '0000-00-00 00:00:00', '0000-00-00 00:00:00', 1),
(439, 5, 'Minika Toppo Van', '0000-00-00 00:00:00', '0000-00-00 00:00:00', 1),
(440, 5, 'Miniyon', '0000-00-00 00:00:00', '0000-00-00 00:00:00', 1),
(441, 5, 'Mirage', '0000-00-00 00:00:00', '0000-00-00 00:00:00', 1),
(442, 5, 'Mirage Asti', '0000-00-00 00:00:00', '0000-00-00 00:00:00', 1),
(443, 5, 'Mitubishi', '0000-00-00 00:00:00', '0000-00-00 00:00:00', 1),
(444, 5, 'Mitubishi Bus ', '0000-00-00 00:00:00', '0000-00-00 00:00:00', 1),
(445, 5, 'Mitubishi Forklift', '0000-00-00 00:00:00', '0000-00-00 00:00:00', 1),
(446, 5, 'Mitubishi Wheeloader', '0000-00-00 00:00:00', '0000-00-00 00:00:00', 1),
(447, 5, 'Mitubishi Yumbo', '0000-00-00 00:00:00', '0000-00-00 00:00:00', 1),
(448, 5, 'Outlander', '0000-00-00 00:00:00', '0000-00-00 00:00:00', 1),
(449, 5, 'Outlander PHEV', '0000-00-00 00:00:00', '0000-00-00 00:00:00', 1),
(450, 5, 'Panero', '0000-00-00 00:00:00', '0000-00-00 00:00:00', 1),
(451, 5, 'Pajero Jr', '0000-00-00 00:00:00', '0000-00-00 00:00:00', 1),
(452, 5, 'Pajero io', '0000-00-00 00:00:00', '0000-00-00 00:00:00', 1),
(453, 5, 'Pajero min', '0000-00-00 00:00:00', '0000-00-00 00:00:00', 1),
(454, 5, 'Proudia ', '0000-00-00 00:00:00', '0000-00-00 00:00:00', 1),
(455, 5, 'RVR', '0000-00-00 00:00:00', '0000-00-00 00:00:00', 1),
(456, 5, 'Rosa', '0000-00-00 00:00:00', '0000-00-00 00:00:00', 1),
(457, 5, 'Starion', '0000-00-00 00:00:00', '0000-00-00 00:00:00', 1),
(458, 5, 'Strada', '0000-00-00 00:00:00', '0000-00-00 00:00:00', 1),
(459, 5, 'Super Great', '0000-00-00 00:00:00', '0000-00-00 00:00:00', 1),
(460, 5, 'Toppo', '0000-00-00 00:00:00', '0000-00-00 00:00:00', 1),
(461, 5, 'Toppo BJ', '0000-00-00 00:00:00', '0000-00-00 00:00:00', 1),
(462, 5, 'Toppo BJ Van', '0000-00-00 00:00:00', '0000-00-00 00:00:00', 1),
(463, 5, 'Toppo BJ Wide', '0000-00-00 00:00:00', '0000-00-00 00:00:00', 1),
(464, 5, 'Town Box', '0000-00-00 00:00:00', '0000-00-00 00:00:00', 1),
(465, 5, 'Town Box Wide', '0000-00-00 00:00:00', '0000-00-00 00:00:00', 1),
(466, 5, 'Triton', '0000-00-00 00:00:00', '0000-00-00 00:00:00', 1),
(467, 5, 'EK Active ', '0000-00-00 00:00:00', '0000-00-00 00:00:00', 1),
(468, 5, 'EK Classy', '0000-00-00 00:00:00', '0000-00-00 00:00:00', 1),
(469, 5, 'EK Custom', '0000-00-00 00:00:00', '0000-00-00 00:00:00', 1),
(470, 5, 'EK Space', '0000-00-00 00:00:00', '0000-00-00 00:00:00', 1),
(471, 5, 'EK Sports', '0000-00-00 00:00:00', '0000-00-00 00:00:00', 1),
(472, 5, 'EK Wagon', '0000-00-00 00:00:00', '0000-00-00 00:00:00', 1),
(473, 5, 'I', '0000-00-00 00:00:00', '0000-00-00 00:00:00', 1),
(474, 5, 'I-meive', '0000-00-00 00:00:00', '0000-00-00 00:00:00', 1),
(475, 13, 'AZ Offroad', '0000-00-00 00:00:00', '0000-00-00 00:00:00', 1),
(476, 13, 'AZ Wagon', '0000-00-00 00:00:00', '0000-00-00 00:00:00', 1),
(477, 13, 'AZ-1', '0000-00-00 00:00:00', '0000-00-00 00:00:00', 1),
(478, 13, 'Atenza Sedan', '0000-00-00 00:00:00', '0000-00-00 00:00:00', 1),
(479, 13, 'Atenza Sports', '0000-00-00 00:00:00', '0000-00-00 00:00:00', 1),
(480, 13, 'Atenza Wagon', '0000-00-00 00:00:00', '0000-00-00 00:00:00', 1),
(481, 13, 'Axela', '0000-00-00 00:00:00', '0000-00-00 00:00:00', 1),
(482, 13, 'Biante', '0000-00-00 00:00:00', '0000-00-00 00:00:00', 1),
(483, 13, 'Bongo Brawny AFT', '0000-00-00 00:00:00', '0000-00-00 00:00:00', 1),
(484, 13, 'Bongo Brawny Truck', '0000-00-00 00:00:00', '0000-00-00 00:00:00', 1),
(485, 13, 'Bongo Brawny Van', '0000-00-00 00:00:00', '0000-00-00 00:00:00', 1),
(486, 13, 'Bongo Brawny Wagon', '0000-00-00 00:00:00', '0000-00-00 00:00:00', 1),
(487, 13, 'Bongo Friendee', '0000-00-00 00:00:00', '0000-00-00 00:00:00', 1),
(488, 13, 'Bongo Truck', '0000-00-00 00:00:00', '0000-00-00 00:00:00', 1),
(489, 13, 'Bongo Van', '0000-00-00 00:00:00', '0000-00-00 00:00:00', 1),
(490, 13, 'Bongo Wagon', '0000-00-00 00:00:00', '0000-00-00 00:00:00', 1),
(491, 13, 'CX-3', '0000-00-00 00:00:00', '0000-00-00 00:00:00', 1),
(492, 13, 'CX-5', '0000-00-00 00:00:00', '0000-00-00 00:00:00', 1),
(493, 13, 'CX-7', '0000-00-00 00:00:00', '0000-00-00 00:00:00', 1),
(494, 13, 'Capella', '0000-00-00 00:00:00', '0000-00-00 00:00:00', 1),
(495, 13, 'Capella Cargo', '0000-00-00 00:00:00', '0000-00-00 00:00:00', 1),
(496, 13, 'Capella Wagon', '0000-00-00 00:00:00', '0000-00-00 00:00:00', 1),
(497, 13, 'Carol', '0000-00-00 00:00:00', '0000-00-00 00:00:00', 1),
(498, 13, 'Chante', '0000-00-00 00:00:00', '0000-00-00 00:00:00', 1),
(499, 13, 'Cosmo', '0000-00-00 00:00:00', '0000-00-00 00:00:00', 1),
(500, 13, 'Cronos', '0000-00-00 00:00:00', '0000-00-00 00:00:00', 1),
(501, 13, 'Demio', '0000-00-00 00:00:00', '0000-00-00 00:00:00', 1),
(502, 13, 'Eunos 500', '0000-00-00 00:00:00', '0000-00-00 00:00:00', 1),
(503, 13, 'Eunos 800 ', '0000-00-00 00:00:00', '0000-00-00 00:00:00', 1),
(504, 13, 'Eunos Cargo', '0000-00-00 00:00:00', '0000-00-00 00:00:00', 1),
(505, 13, 'Eunos Cosmo', '0000-00-00 00:00:00', '0000-00-00 00:00:00', 1),
(506, 13, 'Eunos Presso', '0000-00-00 00:00:00', '0000-00-00 00:00:00', 1),
(507, 13, 'Familia', '0000-00-00 00:00:00', '0000-00-00 00:00:00', 1),
(508, 13, 'Familia S Wagon', '0000-00-00 00:00:00', '0000-00-00 00:00:00', 1),
(509, 13, 'Familia Van', '0000-00-00 00:00:00', '0000-00-00 00:00:00', 1),
(510, 13, 'Familia Wagon', '0000-00-00 00:00:00', '0000-00-00 00:00:00', 1),
(511, 13, 'Flair', '0000-00-00 00:00:00', '0000-00-00 00:00:00', 1),
(512, 13, 'Flair Wagon', '0000-00-00 00:00:00', '0000-00-00 00:00:00', 1),
(513, 13, 'Lantis', '0000-00-00 00:00:00', '0000-00-00 00:00:00', 1),
(514, 13, 'Laputa', '0000-00-00 00:00:00', '0000-00-00 00:00:00', 1),
(515, 13, 'Luce', '0000-00-00 00:00:00', '0000-00-00 00:00:00', 1),
(516, 13, 'MPV ', '0000-00-00 00:00:00', '0000-00-00 00:00:00', 1),
(517, 13, 'MS-8 ', '0000-00-00 00:00:00', '0000-00-00 00:00:00', 1),
(518, 13, 'MS-9', '0000-00-00 00:00:00', '0000-00-00 00:00:00', 1),
(519, 13, 'Mazda ', '0000-00-00 00:00:00', '0000-00-00 00:00:00', 1),
(520, 13, 'Millenia', '0000-00-00 00:00:00', '0000-00-00 00:00:00', 1),
(521, 13, 'Porter-Cab', '0000-00-00 00:00:00', '0000-00-00 00:00:00', 1),
(522, 13, 'Premacy', '0000-00-00 00:00:00', '0000-00-00 00:00:00', 1),
(523, 13, 'Proceed', '0000-00-00 00:00:00', '0000-00-00 00:00:00', 1),
(524, 13, 'Proceed Levante', '0000-00-00 00:00:00', '0000-00-00 00:00:00', 1),
(525, 13, 'Proceed Marvie', '0000-00-00 00:00:00', '0000-00-00 00:00:00', 1),
(526, 13, 'RX-7', '0000-00-00 00:00:00', '0000-00-00 00:00:00', 1),
(527, 13, 'RX-8', '0000-00-00 00:00:00', '0000-00-00 00:00:00', 1),
(528, 13, 'Revue', '0000-00-00 00:00:00', '0000-00-00 00:00:00', 1),
(529, 13, 'Roadster', '0000-00-00 00:00:00', '0000-00-00 00:00:00', 1),
(530, 13, 'Scrum Truck', '0000-00-00 00:00:00', '0000-00-00 00:00:00', 1),
(531, 13, 'Scrum Van', '0000-00-00 00:00:00', '0000-00-00 00:00:00', 1),
(532, 13, 'Scrum Wagon', '0000-00-00 00:00:00', '0000-00-00 00:00:00', 1),
(533, 13, 'Sentia', '0000-00-00 00:00:00', '0000-00-00 00:00:00', 1),
(534, 13, 'Spiano', '0000-00-00 00:00:00', '0000-00-00 00:00:00', 1),
(535, 13, 'Titan', '0000-00-00 00:00:00', '0000-00-00 00:00:00', 1),
(536, 13, 'Tribute', '0000-00-00 00:00:00', '0000-00-00 00:00:00', 1),
(537, 13, 'VERISA', '0000-00-00 00:00:00', '0000-00-00 00:00:00', 1),
(538, 2, 'IST', '2016-07-25 08:37:05', '2016-07-25 07:37:05', 1),
(539, 2, 'RAV4', '2016-07-25 08:37:52', '2016-07-25 07:37:52', 1);

-- --------------------------------------------------------

--
-- Table structure for table `tbl_order_list`
--

CREATE TABLE IF NOT EXISTS `tbl_order_list` (
  `id` int(10) NOT NULL,
  `customer_id` int(10) NOT NULL,
  `car_id` int(10) NOT NULL,
  `country_id` int(10) NOT NULL,
  `port_id` int(10) NOT NULL,
  `status` int(2) NOT NULL,
  `created` timestamp NOT NULL DEFAULT CURRENT_TIMESTAMP ON UPDATE CURRENT_TIMESTAMP
) ENGINE=InnoDB AUTO_INCREMENT=10 DEFAULT CHARSET=latin1;

--
-- Dumping data for table `tbl_order_list`
--

INSERT INTO `tbl_order_list` (`id`, `customer_id`, `car_id`, `country_id`, `port_id`, `status`, `created`) VALUES
(1, 1, 6, 14, 104, 1, '2016-08-31 09:17:49'),
(2, 1, 7, 2, 19, 1, '2016-08-31 09:53:22'),
(3, 1, 194, 14, 105, 1, '2016-10-02 11:12:44'),
(4, 1, 1, 1, 3, 1, '2016-10-04 09:08:51'),
(5, 8, 1, 14, 107, 1, '2016-10-04 14:59:39'),
(6, 1, 195, 14, 105, 0, '2016-10-05 15:11:26'),
(7, 7, 33, 14, 105, 1, '2016-10-15 13:27:29'),
(8, 12, 33, 14, 105, 1, '2016-11-26 04:57:55'),
(9, 1, 172, 14, 105, 0, '2016-12-03 06:32:05');

-- --------------------------------------------------------

--
-- Table structure for table `tbl_product`
--

CREATE TABLE IF NOT EXISTS `tbl_product` (
  `product_id` int(10) NOT NULL,
  `make_id` int(10) NOT NULL,
  `model_id` int(10) NOT NULL,
  `category_id` int(10) NOT NULL,
  `manufacture_year` varchar(4) NOT NULL,
  `manufacture_month` varchar(15) NOT NULL,
  `price` varchar(15) NOT NULL,
  `desplacement` varchar(20) NOT NULL,
  `steering` varchar(20) NOT NULL,
  `condition` varchar(20) NOT NULL,
  `made_in` varchar(25) NOT NULL,
  `fuel` varchar(20) NOT NULL,
  `body_style_id` int(10) DEFAULT NULL,
  `engine_type_id` int(10) DEFAULT NULL,
  `door` varchar(20) NOT NULL,
  `drive_type` varchar(30) DEFAULT NULL,
  `vin` varchar(20) DEFAULT NULL,
  `Mileage` varchar(15) NOT NULL,
  `transmission_id` int(10) DEFAULT NULL,
  `no_of_passenger` varchar(25) NOT NULL,
  `dimension` varchar(200) NOT NULL,
  `total_dimension` varchar(10) DEFAULT '11.3',
  `width` varchar(10) DEFAULT NULL,
  `height` varchar(10) DEFAULT NULL,
  `length` varchar(10) DEFAULT NULL,
  `per_cubic_meter_price` varchar(10) DEFAULT NULL,
  `exterior_color` varchar(20) NOT NULL,
  `interior_color` varchar(20) NOT NULL,
  `expiry_date` date NOT NULL,
  `reference_no` varchar(20) NOT NULL,
  `options` text NOT NULL,
  `feature_image` varchar(30) NOT NULL,
  `seller_id` int(10) NOT NULL,
  `status` int(1) NOT NULL,
  `created` datetime NOT NULL,
  `modified` datetime NOT NULL
) ENGINE=InnoDB AUTO_INCREMENT=198 DEFAULT CHARSET=latin1;

--
-- Dumping data for table `tbl_product`
--

INSERT INTO `tbl_product` (`product_id`, `make_id`, `model_id`, `category_id`, `manufacture_year`, `manufacture_month`, `price`, `desplacement`, `steering`, `condition`, `made_in`, `fuel`, `body_style_id`, `engine_type_id`, `door`, `drive_type`, `vin`, `Mileage`, `transmission_id`, `no_of_passenger`, `dimension`, `total_dimension`, `width`, `height`, `length`, `per_cubic_meter_price`, `exterior_color`, `interior_color`, `expiry_date`, `reference_no`, `options`, `feature_image`, `seller_id`, `status`, `created`, `modified`) VALUES
(1, 2, 4, 1, '2002', 'January', '203600', '1500', 'Right', 'Used', '50', 'Gasoline/Petrol', 1, 1, '4', '2 While Drive', '00192', '98000', 1, '5', '455cm X 169cm X 147cm = 11.3', '11.3', '169', '147', '455', NULL, 'Silver', 'Silver', '2016-07-16', '00192', 'Driver Airbag/Anti-Lock Brakes/Power Steering/A/C:front/Power Windows', '13.JPG', 1, 0, '2016-08-23 04:56:37', '0000-00-00 00:00:00'),
(2, 2, 4, 1, '2002', 'July', '297560', '1500', 'Right', 'Used', '50', 'Gasoline/Petrol', 1, 1, '4', '2 While Drive', '00237', '164000', 1, '5', '455cm X 169cm X 147cm = 11.3', '11.3', '169', '147', '455', NULL, 'Silver', 'Silver', '2016-07-17', '00237', 'Driver Airbag/Anti-Lock Brakes/Power Steering/A/C:front/Power Windows', '14.JPG', 1, 0, '2016-08-23 05:00:08', '0000-00-00 00:00:00'),
(3, 2, 4, 1, '2002', 'August', '473000', '1500', 'Right', 'Used', '50', 'Gasoline/Petrol', 1, 1, '4', '2 While Drive', '00272', '130000', 1, '5', '455cm X 169cm X 147cm = 11.3', '11.3', '169', '147', '455', NULL, 'Red', 'Gray', '2016-07-17', '00272', 'Driver Airbag/Anti-Lock Brakes/Power Steering/A/C:front/Power Windows', '15.JPG', 1, 0, '2016-08-23 05:03:00', '0000-00-00 00:00:00'),
(4, 2, 129, 1, '2002', 'March', '319640', '1500', 'Right', 'Used', '50', 'Gasoline/Petrol', 2, 2, '4', '2 While Drive', '0080', '62000', 2, '5', '460cm X 169cm X 147cm = 11.43', '11.43', '169', '147', '460', NULL, 'White', 'Gray', '2016-07-17', '0080', 'Driver Airbag/Anti-Lock Brakes/Power Steering/A/C:front/Power Windows', '16.JPG', 1, 0, '2016-08-23 05:04:13', '0000-00-00 00:00:00'),
(5, 2, 129, 1, '2002', 'January', '332600', '1500', 'Right', 'Used', '50', 'Gasoline/Petrol', 2, 2, '4', '2 While Drive', '00303', '138000', 2, '5', '455cm X 169cm X 147cm = 11.3', '11.3', '169', '147', '455', NULL, 'White', 'Gray', '2016-07-19', '00303', 'Driver Airbag/Anti-Lock Brakes/Power Steering/A/C:front/Power Windows', '17.JPG', 1, 0, '2016-08-23 05:05:03', '0000-00-00 00:00:00'),
(6, 2, 129, 1, '2003', 'August', '278600', '1500', 'Right', 'Used', '50', 'Gasoline/Petrol', 2, 2, '4', '2 While Drive', '50156', '54000', 2, '5', '455cm X 169cm X 147cm = 11.3', '11.3', '169', '147', '455', NULL, 'Gray', 'Gray', '2016-07-13', '50156', 'Driver Airbag/Anti-Lock Brakes/Power Steering/A/C:front/Power Windows', '19.JPG', 1, 0, '2016-08-23 05:30:14', '0000-00-00 00:00:00'),
(7, 2, 129, 1, '2004', 'April', '332600', '1500', 'Right', 'Used', '50', 'Gasoline/Petrol', 2, 2, '4', '2 While Drive', '00596', '81000', 2, '5', '460cm X 169cm X 147cm = 11.43', '11.3', '169', '147', '460', NULL, 'White', 'Gray', '2016-07-17', '00596', 'Driver Airbag/Anti-Lock Brakes/Power Steering/A/C:front/Power Windows', '110.JPG', 1, 0, '2016-08-23 05:34:29', '0000-00-00 00:00:00'),
(8, 2, 129, 1, '2004', 'July', '321800', '1500', 'Right', 'Used', '50', 'Gasoline/Petrol', 2, 2, '4', '2 While Drive', '50263', '52000', 2, '5', '460cm X 169cm X 147cm = 11.43', '11.43', '169', '147', '460', NULL, 'Gray', 'Gray', '2016-07-13', '50263', 'Driver Airbag/Anti-Lock Brakes/Power Steering/A/C:front/Power Windows', '111.JPG', 1, 0, '2016-08-23 05:35:29', '0000-00-00 00:00:00'),
(9, 2, 129, 1, '2005', 'January', '397400', '1500', 'Right', 'Used', '50', 'Gasoline/Petrol', 2, 2, '4', '2 While Drive', '50393', '184000', 2, '5', '460cm X 169cm X 147cm = 11.43', '11.43', '169', '147', '460', NULL, 'White', 'Gray', '2016-07-17', '50393', 'Driver Airbag/Anti-Lock Brakes/Power Steering/A/C:front/Power Windows', '112.JPG', 1, 0, '2016-08-23 05:36:17', '0000-00-00 00:00:00'),
(10, 2, 4, 1, '2003', 'January', '257000', '1500', 'Right', 'Used', '50', 'Gasoline/Petrol', 1, 1, '4', '2 While Drive', '00364', '25000', 1, '5', '455cm X 169cm X 147cm = 11.3', '11.3', '169', '147', '455', NULL, 'Gray', 'Gray', '2016-07-17', '00464', 'Driver Airbag/Anti-Lock Brakes/Power Steering/A/C:front/Power Windows', '113.JPG', 1, 0, '2016-08-23 06:23:46', '0000-00-00 00:00:00'),
(11, 2, 4, 1, '2003', 'June', '286160', '1500', 'Right', 'Used', '50', 'Gasoline/Petrol', 1, 1, '4', '2 While Drive', '50104', '143000', 1, '5', '455cm X 169cm X 147cm = 11.3', '11.3', '169', '147', '455', NULL, 'Gray', 'Gray', '2016-07-17', '50104', 'Driver Airbag/Anti-Lock Brakes/Power Steering/A/C:front/Power Windows', '114.JPG', 1, 0, '2016-08-23 06:24:54', '0000-00-00 00:00:00'),
(12, 2, 4, 1, '2003', 'June', '275360', '1500', 'Right', 'Used', '50', 'Gasoline/Petrol', 1, 1, '4', '2 While Drive', '50118', '127000', 1, '5', '455cm X 169cm X 147cm = 11.3', '11.3', '169', '147', '455', NULL, 'Gray', 'Gray', '2016-07-17', '50118', 'Driver Airbag/Anti-Lock Brakes/Power Steering/A/C:front/Power Windows', '115.JPG', 1, 0, '2016-08-23 06:26:04', '0000-00-00 00:00:00'),
(13, 2, 4, 1, '2003', 'November', '233240', '1800', 'Right', 'Used', '50', 'Gasoline/Petrol', 1, 1, '4', '2 While Drive', '50208', '42000', 1, '5', '455cm X 169cm X 147cm = 11.3', '11.3', '169', '147', '455', NULL, 'Gray', 'Gray', '2016-07-08', '50208', 'Driver Airbag/Anti-Lock Brakes/Power Steering/A/C:front/Power Windows', '116.JPG', 1, 0, '2016-08-23 06:29:51', '0000-00-00 00:00:00'),
(14, 2, 4, 1, '2004', 'January', '341240', '1500', 'Right', 'Used', '50', 'Gasoline/Petrol', 1, 1, '4', '2 While Drive', '00526', '145000', 1, '5', '455cm X 169cm X 147cm = 11.3', '11.3', '169', '147', '455', NULL, 'White', 'Gray', '2016-07-17', '00526', 'Driver Airbag/Anti-Lock Brakes/Power Steering/A/C:front/Power Windows', '117.JPG', 1, 0, '2016-08-23 06:34:14', '0000-00-00 00:00:00'),
(15, 2, 4, 1, '2004', 'March', '278600', '1500', 'Right', 'Used', '50', 'Gasoline/Petrol', 1, 1, '4', '2 While Drive', '00564', '125000', 1, '5', '455cm X 169cm X 147cm = 11.3', '11.3', '169', '147', '455', NULL, 'Black', 'Any', '1970-01-01', '00564', 'Driver Airbag/Anti-Lock Brakes/Power Steering/A/C:front/Power Windows', '118.JPG', 1, 0, '2016-08-23 06:36:11', '0000-00-00 00:00:00'),
(16, 2, 4, 1, '2004', 'July', '348000', '1500', 'Right', 'Used', '50', 'Gasoline/Petrol', 1, 1, '4', '2 While Drive', '5024', '53000', 1, '5', '455cm X 169cm X 147cm = 11.3', '11.3', '169', '147', '455', NULL, 'Any', 'Gray', '2016-07-17', '5024', 'Driver Airbag/Anti-Lock Brakes/Power Steering/A/C:front/Power Windows', '115.JPG', 1, 0, '2016-07-24 06:41:12', '0000-00-00 00:00:00'),
(17, 2, 4, 1, '2004', 'January', '354200', '1500', 'Right', 'Used', '50', 'Gasoline/Petrol', 1, 1, '4', '2 While Drive', '50238', '90000', 1, '5', '455cm X 169cm X 147cm = 11.3', '11.3', '169', '147', '455', NULL, 'White', 'Gray', '2016-07-13', '50238', 'Driver Airbag/Anti-Lock Brakes/Power Steering/A/C:front/Power Windows', '119.JPG', 1, 0, '2016-08-23 06:38:27', '0000-00-00 00:00:00'),
(18, 2, 4, 1, '2005', 'July', '438440', '1500', 'Right', 'Used', '50', 'Gasoline/Petrol', 1, 1, '4', '2 While Drive', '00778', '102000', 1, '5', '455cm X 169cm X 147cm = 11.3', '11.3', '169', '147', '455', NULL, 'White', 'Gray', '2016-06-07', '00778', 'Driver Airbag/Anti-Lock Brakes/Power Steering/A/C:front/Power Windows', '18.JPG', 1, 0, '2016-08-23 06:39:36', '0000-00-00 00:00:00'),
(19, 2, 4, 1, '2005', 'January', '246200', '2000', 'Right', 'Used', '50', 'Gasoline/Petrol', 1, 1, '4', '2 While Drive', '00203', '810000', 1, '5', '455cm X 169cm X 147cm = 11.3', '11.3', '169', '147', '455', NULL, 'White', 'Gray', '2016-07-06', '00203', 'Driver Airbag/Anti-Lock Brakes/Power Steering/A/C:front/Power Windows', '19.JPG', 1, 0, '2016-08-23 06:40:54', '0000-00-00 00:00:00'),
(20, 2, 4, 1, '2005', 'October', '559400', '1800', 'Right', 'Used', '50', 'Gasoline/Petrol', 1, 1, '4', '2 While Drive', '0014', '41000', 1, '5', '456cm X 169cm X 148cm = 11.41', '11.41', '169', '148', '456', NULL, 'Silver', 'Gray', '2016-07-17', '0014', 'Driver Airbag/Anti-Lock Brakes/Power Steering/A/C:front/Power Windows', '110.JPG', 1, 0, '2016-08-23 06:43:26', '0000-00-00 00:00:00'),
(21, 2, 4, 1, '2005', 'June', '332600', '1800', 'Right', 'Used', '50', 'Gasoline/Petrol', 1, 1, '4', '2 While Drive', '00299', '73000', 1, '5', '455cm X 169cm X 147cm = 11.3', '11.3', '169', '147', '455', NULL, 'Silver', 'Gray', '2016-07-13', '00299', 'Driver Airbag/Anti-Lock Brakes/Power Steering/A/C:front/Power Windows', '111.JPG', 1, 0, '2016-08-23 07:28:33', '0000-00-00 00:00:00'),
(22, 2, 4, 1, '2005', 'January', '316400', '1500', 'Right', 'Used', '50', 'Gasoline/Petrol', 1, 1, '4', '2 While Drive', '00733', '29000', 1, '5', '455cm X 169cm X 147cm = 11.3', '11.3', '169', '147', '455', NULL, 'Silver', 'Gray', '2016-07-13', '00733', 'Driver Airbag/Anti-Lock Brakes/Power Steering/A/C:front/Power Windows', '112.JPG', 1, 0, '2016-08-23 07:29:45', '0000-00-00 00:00:00'),
(23, 2, 4, 1, '2005', 'January', '203000', '1500', 'Right', 'Used', '50', 'Gasoline/Petrol', 1, 1, '4', '2 While Drive', '50384', '121000', 1, '5', '455cm X 169cm X 147cm = 11.3', '11.3', '169', '147', '455', NULL, 'White', 'Gray', '2016-07-07', '50384', 'Driver Airbag/Anti-Lock Brakes/Power Steering/A/C:front/Power Windows', '113.JPG', 1, 0, '2016-08-23 07:31:23', '0000-00-00 00:00:00'),
(24, 2, 4, 1, '2005', 'January', '462200', '1800', 'Right', 'Used', '50', 'Gasoline/Petrol', 1, 1, '4', '2 While Drive', '01086', '1000', 1, '5', '455cm X 169cm X 147cm = 11.3', '11.3', '169', '147', '455', NULL, 'White', 'Gray', '2016-07-13', '01086', 'Driver Airbag/Anti-Lock Brakes/Power Steering/A/C:front/Power Windows', '114.JPG', 1, 0, '2016-08-23 07:33:19', '0000-00-00 00:00:00'),
(25, 2, 88, 2, '2005', 'December', '4631000', '4500', 'Right', 'Used', '50', 'Gasoline/Petrol', 4, 3, '5', '4 While Drive', '0028', '122000', 4, '5', '***cm X ***cm X ***cm = 0', '11.3', '***', '***', '***', NULL, 'Black', 'Gray', '2016-07-25', '0028', 'Airbag conductor/ABS/Direction assist/System de navigation / GPS/Vitrines critiques/Jantes en aluminium', '120.JPG', 1, 0, '2016-08-23 07:42:21', '0000-00-00 00:00:00'),
(26, 2, 88, 2, '2005', 'July', '3173000', '4200', 'Right', 'Used', '50', 'Gasoline/Petrol', 4, 3, '5', '4 While Drive', '00277', '183000', 4, '5', '***cm X ***cm X ***cm = 0', '11.3', '***', '***', '***', NULL, 'Silver', 'Gray', '2016-07-25', '', 'Airbag conductor/ABS/Direction assist/System de navigation / GPS/Vitrines critiques/Jantes en aluminium', '121.JPG', 1, 0, '2016-08-23 07:40:42', '0000-00-00 00:00:00'),
(27, 2, 4, 1, '2014', 'January', '1531400', '1500', 'Right', 'Used', '50', 'Gasoline/Petrol', 1, 4, '4', '2 While Drive', '3141', '2000', 1, '5', '460cm X 169cm X 148cm = 11.51', '11.51', '169', '148', '460', NULL, 'Silver', 'Gray', '2016-07-08', '3141', 'Driver Airbag/Anti-Lock Brakes/Power Steering/A/C:front/Power Windows', '116.JPG', 1, 0, '2016-08-23 07:46:58', '0000-00-00 00:00:00'),
(28, 2, 4, 1, '2014', 'January', '1715000', '1500', 'Right', 'Used', '50', 'Gasoline/Petrol', 1, 4, '4', '2 While Drive', '3145', '1000', 1, '5', '455cm X 169cm X 147cm = 11.3', '11.3', '169', '147', '455', NULL, 'White', 'Gray', '2016-07-25', '3145', 'Driver Airbag/Anti-Lock Brakes/Power Steering/A/C:front/Power Windows', '117.JPG', 1, 0, '2016-08-23 07:48:09', '0000-00-00 00:00:00'),
(29, 2, 538, 1, '2002', 'May', '181400', '1300', 'Right', 'Used', '50', 'Gasoline/Petrol', 5, 5, '4', '2 While Drive', '00074', '114000', 5, '5', '393cm X 170cm X 154cm = 10.29', '10.29', '170', '154', '393', NULL, 'Red', 'Gray', '2016-07-20', '00074', 'Driver Airbag/Anti-Lock Brakes/Power Steering/A/C:front/Power Windows', '122.JPG', 1, 0, '2016-08-23 07:49:48', '0000-00-00 00:00:00'),
(30, 2, 538, 1, '2002', 'January', '133880', '1300', 'Right', 'Used', '50', 'Gasoline/Petrol', 5, 5, '5', '2 While Drive', '00209', '73000', 5, '5', '393cm X 170cm X 154cm = 10.29', '10.29', '170', '154', '393', NULL, 'Blue', 'Gray', '2016-07-11', '00209', 'Driver Airbag/Anti-Lock Brakes/Power Steering/A/C:front/Power Windows', '123.JPG', 1, 0, '2016-08-23 07:51:05', '0000-00-00 00:00:00'),
(31, 2, 538, 1, '2002', 'January', '142520', '1300', 'Right', 'New', '50', 'Gasoline/Petrol', 5, 5, '5', '2 While Drive', '00267', '134000', 5, '5', '393cm X 170cm X 154cm = 10.29', '10.29', '170', '154', '393', NULL, 'Blue', 'Gray', '2016-07-23', '00267', 'Driver Airbag/Anti-Lock Brakes/Power Steering/A/C:front/Power Windows', '124.JPG', 1, 0, '2016-08-23 08:23:11', '0000-00-00 00:00:00'),
(32, 2, 538, 1, '2002', 'January', '155480', '1300', 'Right', 'Used', '50', 'Gasoline/Petrol', 5, 5, '5', '2 While Drive', '00470', '125000', 5, '5', '393cm X 170cm X 154cm = 10.29', '10.29', '170', '154', '393', NULL, 'Silver', 'Gray', '2016-07-02', '00470', 'Driver Airbag/Anti-Lock Brakes/Power Steering/A/C:front/Power Windows', '125.JPG', 1, 0, '2016-08-23 08:24:56', '0000-00-00 00:00:00'),
(33, 2, 538, 1, '2002', 'October', '152240', '1300', 'Right', 'Used', '50', 'Gasoline/Petrol', 5, 5, '5', '2 While Drive', '00496', '80000', 5, '5', '393cm X 170cm X 154cm = 10.29', '10.29', '170', '154', '393', NULL, 'Off White', 'Gray', '2016-07-06', '00496', 'Driver Airbag/Anti-Lock Brakes/Power Steering/A/C:front/Power Windows', '126.JPG', 1, 0, '2016-08-23 08:39:51', '0000-00-00 00:00:00'),
(34, 2, 538, 1, '2002', 'January', '143600', '1300', 'Right', 'Used', '50', 'Gasoline/Petrol', 5, 5, '5', '2 While Drive', '00515', '84000', 5, '5', '393cm X 170cm X 154cm = 10.29', '10.29', '170', '154', '393', NULL, 'Silver', 'Gray', '2016-07-04', '00515', 'Driver Airbag/Anti-Lock Brakes/Power Steering/A/C:front/Power Windows', '127.JPG', 1, 0, '2016-08-23 08:40:43', '0000-00-00 00:00:00'),
(35, 2, 538, 1, '2002', 'January', '140360', '1300', 'Right', 'Used', '50', 'Gasoline/Petrol', 5, 5, '5', '2 While Drive', '00522', '69000', 5, '5', '393cm X 170cm X 154cm = 10.29', '10.29', '170', '154', '393', NULL, 'Red', 'Gray', '2016-07-11', '00522', 'Driver Airbag/Anti-Lock Brakes/Power Steering/A/C:front/Power Windows', '128.JPG', 1, 0, '2016-08-23 08:41:31', '0000-00-00 00:00:00'),
(36, 2, 538, 1, '2002', 'December', '131720', '1300', 'Right', 'Used', '50', 'Gasoline/Petrol', 5, 5, '5', '2 While Drive', '00599', '111000', 5, '5', '393cm X 170cm X 154cm = 10.29', '10.29', '170', '154', '393', NULL, 'Silver', 'Gray', '2016-07-06', '00599', 'Driver Airbag/Anti-Lock Brakes/Power Steering/A/C:front/Power Windows', '129.JPG', 1, 0, '2016-08-23 08:42:10', '0000-00-00 00:00:00'),
(37, 2, 538, 1, '2002', 'December', '114440', '1300', 'Right', 'Used', '50', 'Gasoline/Petrol', 5, 5, '5', '2 While Drive', '00619', '56000', 5, '5', '393cm X 170cm X 154cm = 10.29', '10.29', '170', '154', '393', NULL, 'White', 'Gray', '2016-07-06', '00619', 'Driver Airbag/Anti-Lock Brakes/Power Steering/A/C:front/Power Windows', '130.JPG', 1, 0, '2016-08-23 08:42:54', '0000-00-00 00:00:00'),
(38, 2, 538, 1, '2002', 'December', '1114440', '1300', 'Right', 'Used', '50', 'Gasoline/Petrol', 5, 5, '5', '2 While Drive', '00619', '56000', 5, '5', '393cm X 170cm X 154cm = 10.29', '10.29', '170', '154', '393', NULL, 'White', 'Gray', '2016-07-06', '00619', 'Driver Airbag/Anti-Lock Brakes/Power Steering/A/C:front/Power Windows', '131.JPG', 1, 0, '2016-08-23 08:44:20', '0000-00-00 00:00:00'),
(39, 2, 538, 1, '2003', 'April', '138200', '1300', 'Right', 'Used', '50', 'Gasoline/Petrol', 5, 5, '5', '2 While Drive', '00881', '87000', 5, '5', '393cm X 170cm X 154cm = 10.29', '10.29', '170', '154', '393', NULL, 'White', 'Gray', '2016-07-11', '00881', 'Driver Airbag/Anti-Lock Brakes/Power Steering/A/C:front/Power Windows', '132.JPG', 1, 0, '2016-08-23 08:45:37', '0000-00-00 00:00:00'),
(40, 2, 538, 1, '2003', 'May', '129560', '1300', 'Right', 'Used', '50', 'Gasoline/Petrol', 5, 5, '5', '2 While Drive', '00883', '30000', 6, '5', '393cm X 170cm X 154cm = 10.29', '10.29', '170', '154', '393', NULL, 'Yellow', 'Gray', '2016-07-19', '00883', 'Driver Airbag/Anti-Lock Brakes/Power Steering/A/C:front/Power Windows', '133.JPG', 1, 0, '2016-08-23 08:47:16', '0000-00-00 00:00:00'),
(41, 2, 538, 1, '2003', 'June', '159800', '1300', 'Right', 'Used', '50', 'Gasoline/Petrol', 5, 5, '5', '2 While Drive', '00908', '121000', 6, '5', '393cm X 170cm X 154cm = 10.29', '10.29', '170', '154', '393', NULL, 'Silver', 'Gray', '2016-11-12', '00908', 'Driver Airbag/Anti-Lock Brakes/Power Steering/A/C:front/Power Windows', '134.JPG', 1, 0, '2016-08-23 10:15:47', '0000-00-00 00:00:00'),
(42, 2, 538, 1, '2003', 'June', '132800', '1300', 'Right', 'Used', '50', 'Gasoline/Petrol', 5, 5, '5', '2 While Drive', '01018', '145000', 5, '5', '393cm X 170cm X 154cm = 10.29', '10.29', '170', '154', '393', NULL, 'Blue', 'Gray', '2016-07-06', '01018', 'Driver Airbag/Anti-Lock Brakes/Power Steering/A/C:front/Power Windows', '150.JPG', 1, 0, '2016-08-23 10:20:31', '0000-00-00 00:00:00'),
(43, 2, 538, 1, '2003', 'June', '136040', '1300', 'Right', 'Used', '50', 'Gasoline/Petrol', 5, 5, '5', '2 While Drive', '01020', '93000', 5, '5', '393cm X 170cm X 154cm = 10.29', '10.29', '170', '154', '393', NULL, 'Yellow', 'Gray', '2016-07-13', '01020', 'Driver Airbag/Anti-Lock Brakes/Power Steering/A/C:front/Power Windows', '135.JPG', 1, 0, '2016-08-23 10:21:21', '0000-00-00 00:00:00'),
(44, 2, 538, 1, '2003', 'July', '176000', '1300', 'Right', 'Used', '50', 'Gasoline/Petrol', 5, 5, '5', '2 While Drive', '01053', '120000', 5, '5', '393cm X 170cm X 154cm = 10.29', '10.29', '170', '154', '393', NULL, 'Black', 'Gray', '2016-07-20', '01053', 'Driver Airbag/Anti-Lock Brakes/Power Steering/A/C:front/Power Windows', '136.JPG', 1, 0, '2016-08-23 10:22:27', '0000-00-00 00:00:00'),
(45, 2, 538, 1, '2003', 'July', '87440', '1300', 'Right', 'Used', '50', 'Gasoline/Petrol', 5, 5, '5', '2 While Drive', '01080', '115000', 5, '5', '393cm X 170cm X 154cm = 10.29', '10.29', '170', '154', '393', NULL, 'White', 'Gray', '2016-07-11', '01080', 'Driver Airbag/Anti-Lock Brakes/Power Steering/A/C:front/Power Windows', '137.JPG', 1, 0, '2016-08-23 10:25:13', '0000-00-00 00:00:00'),
(46, 2, 538, 1, '2003', 'July', '172760', '1300', 'Right', 'Used', '50', 'Gasoline/Petrol', 5, 5, '5', '2 While Drive', '01075', '137000', 5, '5', '393cm X 170cm X 154cm = 10.29', '10.29', '170', '154', '393', NULL, 'Black', 'Gray', '2016-07-20', '01075', 'Driver Airbag/Anti-Lock Brakes/Power Steering/A/C:front/Power Windows', '138.JPG', 1, 0, '2016-08-23 10:26:04', '0000-00-00 00:00:00'),
(47, 2, 538, 1, '2003', 'November', '128480', '1300', 'Right', 'Used', '50', 'Gasoline/Petrol', 5, 5, '5', '2 While Drive', '01188', '46000', 5, '5', '393cm X 170cm X 154cm = 10.29', '10.29', '170', '154', '393', NULL, 'Red', 'Gray', '2016-07-06', '01188', 'Driver Airbag/Anti-Lock Brakes/Power Steering/A/C:front/Power Windows', '139.JPG', 1, 0, '2016-08-23 10:27:10', '0000-00-00 00:00:00'),
(48, 2, 538, 1, '2003', 'January', '163040', '1300', 'Right', 'Used', '50', 'Gasoline/Petrol', 5, 5, '5', '2 While Drive', '01118', '96000', 5, '5', '393cm X 170cm X 154cm = 10.29', '10.29', '170', '154', '393', NULL, 'Black', 'Gray', '2016-07-04', '01118', 'Driver Airbag/Anti-Lock Brakes/Power Steering/A/C:front/Power Windows', '140.JPG', 1, 0, '2016-08-23 10:27:56', '0000-00-00 00:00:00'),
(49, 2, 538, 1, '2003', 'December', '151160', '1300', 'Right', 'Used', '50', 'Gasoline/Petrol', 5, 5, '5', '2 While Drive', '01348', '237000', 5, '5', '393cm X 170cm X 154cm = 10.29', '10.29', '170', '154', '393', NULL, 'Blue', 'Gray', '2016-07-12', '01348', 'Driver Airbag/Anti-Lock Brakes/Power Steering/A/C:front/Power Windows', '151.JPG', 1, 0, '2016-08-23 10:28:39', '0000-00-00 00:00:00'),
(50, 2, 538, 1, '2004', 'January', '126320', '1300', 'Right', 'Used', '50', 'Gasoline/Petrol', 5, 5, '5', '2 While Drive', '01324', '110000', 5, '5', '393cm X 170cm X 154cm = 10.29', '10.29', '170', '154', '393', NULL, 'White', 'Gray', '2016-07-18', '01324', 'Driver Airbag/Anti-Lock Brakes/Power Steering/A/C:front/Power Windows', '142.JPG', 1, 0, '2016-08-23 10:29:25', '0000-00-00 00:00:00'),
(51, 2, 538, 1, '2004', 'January', '235400', '1300', 'Right', 'Used', '50', 'Gasoline/Petrol', 5, 5, '5', '2 While Drive', '01498', '77000', 5, '5', '393cm X 170cm X 154cm = 10.29', '10.29', '170', '154', '393', NULL, 'Black', 'Gray', '2016-07-16', '01498', 'Driver Airbag/Anti-Lock Brakes/Power Steering/A/C:front/Power Windows', '143.JPG', 1, 0, '2016-08-23 10:31:14', '0000-00-00 00:00:00'),
(52, 2, 538, 1, '2004', 'March', '52880', '1300', 'Right', 'Used', '50', 'Gasoline/Petrol', 5, 5, '5', '2 While Drive', '01553', '69000', 5, '5', '393cm X 170cm X 154cm = 10.29', '10.29', '170', '154', '393', NULL, 'White', 'Gray', '2016-07-25', '01553', 'Driver Airbag/Anti-Lock Brakes/Power Steering/A/C:front/Power Windows', '144.JPG', 1, 0, '2016-08-23 10:32:06', '0000-00-00 00:00:00'),
(53, 2, 538, 1, '2004', 'January', '186800', '1300', 'Right', 'Used', '50', 'Gasoline/Petrol', 5, 5, '5', '2 While Drive', '01599', '65000', 5, '5', '393cm X 170cm X 154cm = 10.29', '10.29', '170', '154', '393', NULL, 'Red', 'Gray', '2016-07-25', '01599', 'Driver Airbag/Anti-Lock Brakes/Power Steering/A/C:front/Power Windows', '145.JPG', 1, 0, '2016-08-23 10:33:34', '0000-00-00 00:00:00'),
(54, 2, 538, 1, '2004', 'January', '141440', '1300', 'Right', 'Used', '50', 'Gasoline/Petrol', 5, 5, '5', '2 While Drive', '01604', '118000', 5, '5', '393cm X 170cm X 154cm = 10.29', '10.29', '170', '154', '393', NULL, 'Silver', 'Gray', '2016-07-07', '01604', 'Driver Airbag/Anti-Lock Brakes/Power Steering/A/C:front/Power Windows', '146.JPG', 1, 0, '2016-08-23 10:34:18', '0000-00-00 00:00:00'),
(55, 2, 538, 1, '2004', 'January', '181400', '1300', 'Right', 'Used', '50', 'Gasoline/Petrol', 5, 5, '5', '2 While Drive', '01669', '32000', 5, '5', '393cm X 170cm X 154cm = 10.29', '10.29', '170', '154', '393', NULL, 'Gray', 'Gray', '2016-07-11', '01669', 'Driver Airbag/Anti-Lock Brakes/Power Steering/A/C:front/Power Windows', '147.JPG', 1, 0, '2016-08-23 10:35:06', '0000-00-00 00:00:00'),
(56, 2, 538, 1, '2004', 'January', '164120', '1300', 'Right', 'Used', '50', 'Gasoline/Petrol', 5, 5, '5', '2 While Drive', '01682', '124000', 5, '5', '393cm X 170cm X 154cm = 10.29', '10.29', '170', '154', '393', NULL, 'Gray', 'Gray', '2016-07-12', '01682', 'Driver Airbag/Anti-Lock Brakes/Power Steering/A/C:front/Power Windows', '148.JPG', 1, 0, '2016-08-23 10:35:51', '0000-00-00 00:00:00'),
(57, 2, 538, 1, '2004', 'January', '186800', '1300', 'Right', 'Used', '50', 'Gasoline/Petrol', 5, 5, '5', '2 While Drive', '01728', '123000', 5, '5', '393cm X 170cm X 147cm = 9.82', '9.82', '170', '147', '393', NULL, 'Gray', 'Gray', '2016-07-21', '01728', 'Driver Airbag/Anti-Lock Brakes/Power Steering/A/C:front/Power Windows', '149.JPG', 1, 0, '2016-08-23 10:36:50', '0000-00-00 00:00:00'),
(58, 2, 538, 1, '2004', 'August', '168440', '1300', 'Right', 'Used', '50', 'Gasoline/Petrol', 5, 5, '5', '2 While Drive', '01753', '125000', 5, '5', '393cm X 170cm X 154cm = 10.29', '10.29', '170', '154', '393', NULL, 'Black', 'Gray', '2016-07-13', '01753', 'Driver Airbag/Anti-Lock Brakes/Power Steering/A/C:front/Power Windows', '152.JPG', 1, 0, '2016-08-23 10:38:04', '0000-00-00 00:00:00'),
(59, 2, 538, 1, '2004', 'December', '130000', '1300', 'Right', 'Used', '50', 'Gasoline/Petrol', 5, 5, '5', '2 While Drive', '01960', '78000', 5, '5', '393cm X 170cm X 148cm = 9.89', '9.89', '170', '148', '393', NULL, 'Blue', 'Gray', '2016-07-26', '01960', 'Driver Airbag/Anti-Lock Brakes/Power Steering/A/C:front/Power Windows', '153.JPG', 1, 0, '2016-07-28 07:36:18', '0000-00-00 00:00:00'),
(60, 2, 538, 1, '2005', 'January', '156560', '1300', 'Right', 'Used', '50', 'Gasoline/Petrol', 5, 5, '5', '2 While Drive', '02107', '86000', 5, '5', '393cm X 170cm X 154cm = 10.29', '10.29', '170', '154', '393', NULL, 'Red', 'Gray', '2016-07-14', '02107', 'Driver Airbag/Anti-Lock Brakes/Power Steering/A/C:front/Power Windows', '154.JPG', 1, 0, '2016-08-23 10:38:45', '0000-00-00 00:00:00'),
(61, 2, 538, 1, '2005', 'April', '181400', '1300', 'Right', 'Used', '50', 'Gasoline/Petrol', 5, 5, '5', '2 While Drive', '02122', '82000', 5, '5', '393cm X 170cm X 154cm = 10.29', '10.29', '170', '154', '393', NULL, 'Gray', 'Gray', '2016-07-07', '02122', 'Driver Airbag/Anti-Lock Brakes/Power Steering/A/C:front/Power Windows', '155.JPG', 1, 0, '2016-08-23 10:39:56', '0000-00-00 00:00:00'),
(62, 2, 538, 1, '2005', 'June', '102560', '1300', 'Right', 'Used', '50', 'Gasoline/Petrol', 5, 5, '5', '2 While Drive', '02126', '125000', 5, '5', '393cm X 170cm X 154cm = 10.29', '10.29', '170', '154', '393', NULL, 'Black', 'Gray', '2016-07-14', '02126', 'Driver Airbag/Anti-Lock Brakes/Power Steering/A/C:front/Power Windows', '156.JPG', 1, 0, '2016-08-23 10:40:38', '0000-00-00 00:00:00'),
(63, 2, 538, 1, '2005', 'January', '183560', '1300', 'Right', 'Used', '50', 'Gasoline/Petrol', 5, 5, '5', '2 While Drive', '02182', '52000', 5, '5', '393cm X 170cm X 154cm = 10.29', '10.29', '170', '154', '393', NULL, 'Gray', 'Gray', '2016-07-13', '02182', 'Driver Airbag/Anti-Lock Brakes/Power Steering/A/C:front/Power Windows', '157.JPG', 1, 0, '2016-08-23 10:42:11', '0000-00-00 00:00:00'),
(64, 2, 538, 1, '2005', 'June', '174920', '1300', 'Right', 'Used', '50', 'Gasoline/Petrol', 5, 5, '5', '2 While Drive', '02193', '54000', 5, '5', '393cm X 170cm X 154cm = 10.29', '10.29', '170', '154', '393', NULL, 'Blue', 'Gray', '2016-07-08', '02193', 'Driver Airbag/Anti-Lock Brakes/Power Steering/A/C:front/Power Windows', '158.JPG', 1, 0, '2016-08-23 10:43:11', '0000-00-00 00:00:00'),
(65, 2, 538, 1, '2005', 'June', '149000', '1300', 'Right', 'Used', '50', 'Gasoline/Petrol', 5, 5, '5', '2 While Drive', '02216', '80000', 5, '5', '393cm X 170cm X 154cm = 10.29', '10.29', '170', '154', '393', NULL, 'White', 'Gray', '2016-07-06', '02216', 'Driver Airbag/Anti-Lock Brakes/Power Steering/A/C:front/Power Windows', '159.JPG', 1, 0, '2016-08-23 10:44:09', '0000-00-00 00:00:00'),
(66, 2, 538, 1, '2005', 'January', '153320', '1300', 'Right', 'Used', '50', 'Gasoline/Petrol', 5, 5, '5', '2 While Drive', '02241', '187000', 5, '5', '393cm X 170cm X 154cm = 10.29', '10.29', '170', '154', '393', NULL, 'Gray', 'Gray', '2016-07-18', '02241', 'Driver Airbag/Anti-Lock Brakes/Power Steering/A/C:front/Power Windows', '160.JPG', 1, 0, '2016-08-23 10:45:11', '0000-00-00 00:00:00'),
(67, 2, 538, 1, '2005', 'August', '179240', '0', 'Right', 'Used', '50', 'Gasoline/Petrol', 5, 5, '5', '2 While Drive', '02245', '83000', 5, '5', '393cm X 170cm X 154cm = 10.29', '10.29', '170', '154', '393', NULL, 'Black', 'Gray', '2016-07-19', '02245', 'Driver Airbag/Anti-Lock Brakes/Power Steering/A/C:front/Power Windows', '161.JPG', 1, 0, '2016-08-23 10:46:26', '0000-00-00 00:00:00'),
(68, 2, 538, 1, '2005', 'January', '173840', '1300', 'Right', 'Used', '50', 'Gasoline/Petrol', 5, 5, '5', '2 While Drive', '02302', '112000', 5, '5', '393cm X 170cm X 154cm = 10.29', '10.29', '170', '154', '393', NULL, 'Silver', 'Gray', '2016-07-27', '02302', 'Driver Airbag/Anti-Lock Brakes/Power Steering/A/C:front/Power Windows', '162.JPG', 1, 0, '2016-08-23 10:47:35', '0000-00-00 00:00:00'),
(69, 2, 538, 1, '2005', 'October', '105800', '1300', 'Right', 'Used', '50', 'Gasoline/Petrol', 5, 5, '5', '2 While Drive', '02319', '109000', 5, '5', '393cm X 170cm X 154cm = 10.29', '10.29', '170', '154', '393', NULL, 'Silver', 'Gray', '2016-07-26', '02319', 'Driver Airbag/Anti-Lock Brakes/Power Steering/A/C:front/Power Windows', '163.JPG', 1, 0, '2016-08-23 10:48:27', '0000-00-00 00:00:00'),
(70, 2, 4, 1, '2002', 'January', '139280', '1500', 'Right', 'Used', '50', 'Gasoline/Petrol', 1, 4, '5', '2 While Drive', '00043', '720000', 1, '5', '455cm X 169cm X 147cm = 11.3', '11.3', '169', '147', '455', NULL, 'Blue', 'Gray', '2016-07-26', '00043', 'Driver Airbag/Anti-Lock Brakes/Power Steering/A/C:front/Power Windows', '164.JPG', 1, 0, '2016-08-23 10:49:04', '0000-00-00 00:00:00'),
(71, 2, 4, 1, '2002', 'January', '143600', '1500', 'Right', 'Used', '50', 'Gasoline/Petrol', 1, 4, '5', '2 While Drive', '00181', '81000', 1, '5', '455cm X 169cm X 148cm = 11.38', '11.38', '169', '148', '455', NULL, 'Silver', 'Gray', '2016-07-20', '00181', 'Driver Airbag/Anti-Lock Brakes/Power Steering/A/C:front/Power Windows', '165.JPG', 1, 0, '2016-08-24 06:05:48', '0000-00-00 00:00:00'),
(72, 2, 4, 1, '2002', 'January', '193280', '1500', 'Right', 'Used', '50', 'Gasoline/Petrol', 1, 4, '5', '2 While Drive', '00223', '116000', 1, '5', '455cm X 169cm X 147cm = 11.3', '11.3', '169', '147', '455', NULL, 'Blue', 'Gray', '2016-07-16', '00223', 'Driver Airbag/Anti-Lock Brakes/Power Steering/A/C:front/Power Windows', '166.JPG', 1, 0, '2016-08-24 06:06:45', '0000-00-00 00:00:00'),
(73, 2, 4, 1, '2002', 'January', '219200', '1500', 'Right', 'Used', '50', 'Gasoline/Petrol', 1, 4, '5', '2 While Drive', '00321', '54', 1, '5', '455cm X 169cm X 147cm = 11.3', '11.3', '169', '147', '455', NULL, 'Silver', 'Gray', '2016-07-20', '00321', 'Driver Airbag/Anti-Lock Brakes/Power Steering/A/C:front/Power Windows', '20160731120459000000.JPG', 1, 0, '2016-08-24 06:07:32', '0000-00-00 00:00:00'),
(74, 2, 4, 1, '2002', 'October', '143600', '1500', 'Right', 'Used', '50', 'Gasoline/Petrol', 1, 1, '5', '2 While Drive', '00121', '81000', 1, '5', '455cm X 169cm X 154cm = 11.84', '11.84', '169', '154', '455', NULL, 'White', 'Gray', '2016-07-21', '00121', 'Driver Airbag/Anti-Lock Brakes/Power Steering/A/C:front/Power Windows', '168.JPG', 1, 0, '2016-08-24 06:09:18', '0000-00-00 00:00:00'),
(75, 2, 4, 1, '2002', 'January', '197600', '1500', 'Right', 'Used', '50', 'Gasoline/Petrol', 1, 4, '5', '2 While Drive', '00149', '57000', 1, '5', '455cm X 170cm X 154cm = 11.91', '11.91', '170', '154', '455', NULL, 'Silver', 'Gray', '2016-07-09', '00149', 'Driver Airbag/Anti-Lock Brakes/Power Steering/A/C:front/Power Windows', '169.JPG', 1, 0, '2016-08-24 06:10:07', '0000-00-00 00:00:00'),
(76, 2, 4, 1, '2002', 'January', '187880', '1500', 'Right', 'Used', '50', 'Gasoline/Petrol', 1, 4, '5', '2 While Drive', '00237', '164000', 1, '5', '455cm X 170cm X 154cm = 11.91', '11.91', '170', '154', '455', NULL, 'White', 'Gray', '2016-07-19', '00237', 'Driver Airbag/Anti-Lock Brakes/Power Steering/A/C:front/Power Windows', '170.JPG', 1, 0, '2016-08-24 06:17:01', '0000-00-00 00:00:00'),
(77, 2, 4, 1, '2003', 'January', '257000', '1500', 'Right', 'Used', '50', 'Gasoline/Petrol', 1, 4, '5', '2 While Drive', '00364', '25000', 1, '5', '455cm X 170cm X 154cm = 11.91', '11.91', '170', '154', '455', NULL, 'Silver', 'Gray', '2016-07-17', '00364', 'Driver Airbag/Anti-Lock Brakes/Power Steering/A/C:front/Power Windows', '20160731105827000000.JPG', 1, 0, '2016-08-24 06:18:23', '0000-00-00 00:00:00'),
(78, 2, 4, 1, '2003', 'January', '158720', '1500', 'Right', 'Used', '50', 'Gasoline/Petrol', 1, 1, '5', '2 While Drive', '00388', '110000', 1, '5', '455cm X 170cm X 154cm = 11.91', '11.91', '170', '154', '455', NULL, 'Silver', 'Gray', '2016-07-29', '00388', 'Driver Airbag/Anti-Lock Brakes/Power Steering/A/C:front/Power Windows', '20160731111307000000.JPG', 1, 0, '2016-08-24 06:20:33', '0000-00-00 00:00:00'),
(79, 2, 4, 1, '2003', 'January', '180320', '1500', 'Right', 'Used', '50', 'Gasoline/Petrol', 1, 1, '5', '2 While Drive', '00396', '157000', 1, '5', '455cm X 170cm X 154cm = 11.91', '11.91', '170', '154', '455', NULL, 'White', 'Gray', '2016-07-19', '00396', 'Driver Airbag/Anti-Lock Brakes/Power Steering/A/C:front/Power Windows', '20160731111745000000.JPG', 1, 0, '2016-08-24 06:21:31', '0000-00-00 00:00:00'),
(80, 2, 4, 1, '2003', 'January', '239720', '1500', 'Right', 'Used', '50', 'Gasoline/Petrol', 1, 1, '5', '2 While Drive', '00456', '124000', 1, '5', '455cm X 170cm X 154cm = 11.91', '11.91', '170', '154', '455', NULL, 'Red', 'Gray', '2016-07-14', '00456', 'Driver Airbag/Anti-Lock Brakes/Power Steering/A/C:front/Power Windows', '20160731112933000000.JPG', 1, 0, '2016-08-24 06:22:15', '0000-00-00 00:00:00'),
(81, 2, 4, 1, '2003', 'June', '286160', '1500', 'Right', 'Used', '50', 'Gasoline/Petrol', 1, 1, '5', '2 While Drive', '50104', '143000', 1, '5', '455cm X 170cm X 154cm = 11.91', '11.91', '170', '154', '455', NULL, 'Silver', 'Gray', '2016-07-17', '50104', 'Driver Airbag/Anti-Lock Brakes/Power Steering/A/C:front/Power Windows', '20160731113436000000.JPG', 1, 0, '2016-08-24 06:23:37', '0000-00-00 00:00:00'),
(82, 2, 4, 1, '2003', 'January', '147000', '1500', 'Right', 'Used', '50', 'Gasoline/Petrol', 0, 1, '5', '2 While Drive', '50111', '47000', 1, '5', '455cm X 170cm X 154cm = 11.91', '11.91', '170', '154', '455', NULL, 'Silver', 'Gray', '2016-07-27', '50111', 'Driver Airbag/Anti-Lock Brakes/Power Steering/A/C:front/Power Windows', '20160731114031000000.JPG', 1, 0, '2016-07-31 11:40:31', '0000-00-00 00:00:00'),
(83, 2, 4, 1, '2003', 'January', '139280', '1300', 'Right', 'Used', '50', 'Gasoline/Petrol', 1, 1, '5', '2 While Drive', '50133', '219000', 1, '5', '455cm X 170cm X 154cm = 11.91', '11.91', '170', '154', '455', NULL, 'White', 'Gray', '2016-07-26', '50133', 'Driver Airbag/Anti-Lock Brakes/Power Steering/A/C:front/Power Windows', '20160731120406000000.JPG', 1, 0, '2016-08-24 06:26:52', '0000-00-00 00:00:00'),
(84, 2, 4, 1, '2004', 'March', '122000', '1500', 'Right', 'Used', '50', 'Gasoline/Petrol', 1, 1, '5', '2 While Drive', '00526', '165000', 1, '5', '455cm X 170cm X 154cm = 11.91', '11.91', '170', '154', '455', NULL, 'White', 'Gray', '2016-08-14', '00526', 'Driver Airbag/Anti-Lock Brakes/Power Steering/A/C:front/Power Windows', '20160802101111000000.JPG', 1, 0, '2016-08-24 06:27:43', '0000-00-00 00:00:00'),
(85, 2, 4, 1, '2004', 'June', '186800', '1500', 'Right', 'Used', '50', 'Gasoline/Petrol', 1, 1, '5', '2 While Drive', '00547', '139000', 1, '5', '455cm X 170cm X 154cm = 11.91', '11.91', '170', '154', '455', NULL, 'Red', 'Gray', '2016-08-19', '00547', 'Driver Airbag/Anti-Lock Brakes/Power Steering/A/C:front/Power Windows', '20160802101733000000.JPG', 1, 0, '2016-08-24 06:28:53', '0000-00-00 00:00:00'),
(86, 2, 4, 1, '2016', 'January', '246200', '1500', 'Right', 'Used', '50', 'Gasoline/Petrol', 1, 1, '5', '2 While Drive', '00564', '126000', 1, '5', '455cm X 170cm X 154cm = 11.91', '11.91', '170', '154', '455', NULL, 'Black', 'Gray', '2016-07-28', '00564', 'Driver Airbag/Anti-Lock Brakes/Power Steering/A/C:front/Power Windows', '20160802102607000000.JPG', 1, 0, '2016-08-24 06:29:52', '0000-00-00 00:00:00'),
(88, 2, 4, 1, '2004', 'October', '225680', '1500', 'Right', 'Used', '50', 'Gasoline/Petrol', 1, 1, '5', '2 While Drive', '00668', '170000', 1, '5', '455cm X 170cm X 154cm = 11.91', '11.91', '170', '154', '455', NULL, 'Silver', 'Gray', '2016-07-28', '00668', 'Driver Airbag/Anti-Lock Brakes/Power Steering/A/C:front/Power Windows', '20160802105702000000.JPG', 1, 0, '2016-08-24 06:30:40', '0000-00-00 00:00:00'),
(89, 2, 4, 1, '2004', 'January', '151160', '1500', 'Right', 'Used', '50', 'Gasoline/Petrol', 1, 1, '5', '2 While Drive', '50188', '88000', 1, '5', '455cm X 170cm X 154cm = 11.91', '11.91', '170', '154', '455', NULL, 'Silver', 'Gray', '2016-07-25', '50188', 'Driver Airbag/Anti-Lock Brakes/Power Steering/A/C:front/Power Windows', '20160802111747000000.JPG', 1, 0, '2016-08-24 06:31:34', '0000-00-00 00:00:00'),
(90, 2, 4, 1, '2005', 'August', '265640', '1500', 'Right', 'Used', '50', 'Gasoline/Petrol', 1, 1, '5', '2 While Drive', '50374', '255000', 1, '5', '455cm X 170cm X 154cm = 11.91', '11.91', '170', '154', '455', NULL, 'Blue', 'Gray', '2016-07-27', '50374', 'Driver Airbag/Anti-Lock Brakes/Power Steering/A/C:front/Power Windows', '20160802114250000000.JPG', 1, 0, '2016-08-24 06:32:25', '0000-00-00 00:00:00'),
(91, 2, 4, 1, '2005', 'January', '125240', '0', 'Right', 'Used', '50', 'Gasoline/Petrol', 1, 1, '5', '2 While Drive', '50384', '261000', 1, '5', '455cm X 170cm X 154cm = 11.91', '11.91', '170', '154', '455', NULL, 'White', 'Gray', '2016-07-21', '50384', 'Driver Airbag/Anti-Lock Brakes/Power Steering/A/C:front/Power Windows', '20160802115539000000.JPG', 1, 0, '2016-08-24 06:33:26', '0000-00-00 00:00:00'),
(92, 2, 129, 1, '2002', 'January', '177080', '1500', 'Right', 'Used', '50', 'Gasoline/Petrol', 2, 2, '5', '2 While Drive', '00020', '169000', 2, '5', '460cm X 170cm X 148cm = 11.57', '11.57', '170', '148', '460', NULL, 'White', 'Gray', '2016-07-19', '00020', 'Driver Airbag/Anti-Lock Brakes/Power Steering/A/C:front/Power Windows', '20160804100837000000.JPG', 1, 0, '2016-08-24 06:36:10', '0000-00-00 00:00:00'),
(93, 2, 129, 1, '2002', 'January', '181400', '1500', 'Right', 'Used', '50', 'Gasoline/Petrol', 2, 2, '5', '2 While Drive', '00029', '69000', 2, '5', '460cm X 170cm X 148cm = 11.57', '11.57', '170', '148', '460', NULL, 'Silver', 'Gray', '2016-07-13', '00029', 'Driver Airbag/Anti-Lock Brakes/Power Steering/A/C:front/Power Windows', '20160804101333000000.JPG', 1, 0, '2016-08-24 06:37:37', '0000-00-00 00:00:00'),
(94, 2, 129, 1, '2002', 'January', '194360', '1500', 'Right', 'Used', '50', 'Gasoline/Petrol', 2, 2, '5', '2 While Drive', '00048', '37000', 2, '5', '460cm X 170cm X 148cm = 11.57', '11.57', '170', '148', '460', NULL, 'Silver', 'Gray', '2016-08-11', '00048', 'Driver Airbag/Anti-Lock Brakes/Power Steering/A/C:front/Power Windows', '20160804102405000000.JPG', 1, 0, '2016-08-24 06:38:29', '0000-00-00 00:00:00'),
(95, 2, 129, 1, '2002', 'January', '197600', '1500', 'Right', 'Used', '50', 'Gasoline/Petrol', 2, 2, '5', '2 While Drive', '00134', '119000', 2, '5', '460cm X 170cm X 148cm = 11.57', '11.57', '170', '148', '460', NULL, 'Silver', 'Gray', '2016-07-20', '00134', 'Driver Airbag/Anti-Lock Brakes/Power Steering/A/C:front/Power Windows', '20160804103219000000.JPG', 1, 0, '2016-08-24 06:39:25', '0000-00-00 00:00:00'),
(96, 2, 129, 1, '2002', 'January', '230000', '1500', 'Right', 'Used', '50', 'Gasoline/Petrol', 2, 2, '5', '2 While Drive', '00185', '173000', 2, '5', '460cm X 170cm X 148cm = 11.57', '11.57', '170', '148', '460', NULL, 'Black', 'Gray', '2016-07-13', '00185', 'Driver Airbag/Anti-Lock Brakes/Power Steering/A/C:front/Power Windows', '20160804103837000000.JPG', 1, 0, '2016-08-24 06:40:41', '0000-00-00 00:00:00'),
(97, 2, 129, 1, '2002', 'July', '116600', '1500', 'Right', 'Used', '50', 'Gasoline/Petrol', 2, 2, '5', '2 While Drive', '00265', '117000', 2, '5', '460cm X 170cm X 148cm = 11.57', '11.57', '170', '148', '460', NULL, 'Silver', 'Gray', '2016-08-02', '00265', 'Driver Airbag/Anti-Lock Brakes/Power Steering/A/C:front/Power Windows', '20160804105152000000.JPG', 1, 0, '2016-08-24 06:41:59', '0000-00-00 00:00:00'),
(98, 2, 129, 1, '2003', 'November', '148000', '1500', 'Right', 'Used', '50', 'Gasoline/Petrol', 0, 2, '5', '2 While Drive', '00470', '85000', 2, '5', '460cm X 170cm X 148cm = 11.57', '11.57', '170', '148', '460', NULL, 'Gold', 'Gray', '2016-07-12', '00470', 'Driver Airbag/Anti-Lock Brakes/Power Steering/A/C:front/Power Windows', '20160804105826000000.JPG', 1, 0, '2016-08-04 10:58:26', '0000-00-00 00:00:00'),
(99, 2, 129, 1, '2003', 'November', '164120', '1500', 'Right', 'Used', '50', 'Gasoline/Petrol', 2, 2, '5', '2 While Drive', '00491', '169000', 2, '5', '460cm X 170cm X 148cm = 11.57', '11.57', '170', '148', '460', NULL, 'Silver', 'Gray', '2016-07-28', '00491', 'Driver Airbag/Anti-Lock Brakes/Power Steering/A/C:front/Power Windows', '20160804110224000000.JPG', 1, 0, '2016-08-24 06:43:43', '0000-00-00 00:00:00'),
(100, 2, 129, 1, '2003', 'January', '213800', '1500', 'Right', 'Used', '50', 'Gasoline/Petrol', 2, 2, '5', '2 While Drive', '50137', '77000', 2, '5', '460cm X 170cm X 148cm = 11.57', '11.57', '170', '148', '460', NULL, 'White', 'Gray', '2016-07-16', '50137', 'Driver Airbag/Anti-Lock Brakes/Power Steering/A/C:front/Power Windows', '20160804110638000000.JPG', 1, 0, '2016-08-24 06:44:36', '0000-00-00 00:00:00'),
(101, 2, 129, 1, '2003', 'July', '215960', '1500', 'Right', 'Used', '50', 'Gasoline/Petrol', 2, 2, '5', '2 While Drive', '50144', '42000', 2, '5', '460cm X 170cm X 148cm = 11.57', '11.57', '170', '148', '460', NULL, 'Silver', 'Gray', '2016-07-19', '50144', 'Driver Airbag/Anti-Lock Brakes/Power Steering/A/C:front/Power Windows', '20160804111038000000.JPG', 1, 0, '2016-08-24 06:45:25', '0000-00-00 00:00:00'),
(102, 2, 129, 1, '2003', 'January', '220280', '1500', 'Right', 'Used', '50', 'Gasoline/Petrol', 2, 2, '5', '2 While Drive', '50154', '92000', 2, '5', '460cm X 170cm X 148cm = 11.57', '11.57', '170', '148', '460', NULL, 'White', 'Gray', '2016-07-30', '50154', 'Driver Airbag/Anti-Lock Brakes/Power Steering/A/C:front/Power Windows', '20160804111343000000.JPG', 1, 0, '2016-08-24 08:01:48', '0000-00-00 00:00:00'),
(103, 2, 129, 1, '2003', 'January', '451400', '1500', 'Right', 'Used', '50', 'Gasoline/Petrol', 2, 2, '5', '2 While Drive', '50159', '332000', 2, '5', '460cm X 170cm X 148cm = 11.57', '11.57', '170', '148', '460', NULL, 'Silver', 'Gray', '2016-07-11', '50159', 'Driver Airbag/Anti-Lock Brakes/Power Steering/A/C:front/Power Windows', '20160804111807000000.JPG', 1, 0, '2016-08-24 08:02:38', '0000-00-00 00:00:00'),
(104, 2, 129, 1, '2003', 'September', '183560', '1500', 'Right', 'Used', '50', 'Gasoline/Petrol', 2, 2, '5', '2 While Drive', '50178', '111000', 2, '5', '460cm X 170cm X 148cm = 11.57', '11.57', '170', '148', '460', NULL, 'White', 'Gray', '2016-07-19', '50178', 'Driver Airbag/Anti-Lock Brakes/Power Steering/A/C:front/Power Windows', '20160804112143000000.JPG', 1, 0, '2016-08-24 08:03:38', '0000-00-00 00:00:00'),
(105, 2, 129, 1, '2003', 'January', '195440', '1500', 'Right', 'Used', '50', 'Gasoline/Petrol', 2, 2, '5', '2 While Drive', '50188', '75000', 2, '5', '460cm X 170cm X 148cm = 11.57', '11.57', '170', '148', '460', NULL, 'Silver', 'Gray', '2016-07-20', '50188', 'Driver Airbag/Anti-Lock Brakes/Power Steering/A/C:front/Power Windows', '20160804112512000000.JPG', 1, 0, '2016-08-24 08:07:58', '0000-00-00 00:00:00'),
(106, 2, 129, 1, '2003', 'January', '197600', '1500', 'Right', 'Used', '50', 'Gasoline/Petrol', 2, 2, '5', '2 While Drive', '50196', '83000', 2, '5', '460cm X 170cm X 148cm = 11.57', '11.57', '170', '148', '460', NULL, 'Silver', 'Gray', '2016-07-21', '50196', 'Driver Airbag/Anti-Lock Brakes/Power Steering/A/C:front/Power Windows', '20160804112801000000.JPG', 1, 0, '2016-08-24 08:09:46', '0000-00-00 00:00:00'),
(107, 2, 129, 1, '2004', 'January', '153000', '1500', 'Right', 'Used', '50', 'Gasoline/Petrol', 0, 2, '5', '2 While Drive', '00531', '76000', 2, '5', '460cm X 170cm X 148cm = 11.57', '11.57', '170', '148', '460', NULL, 'Silver', 'Gray', '2016-07-30', '00531', 'Driver Airbag/Anti-Lock Brakes/Power Steering/A/C:front/Power Windows', '20160804113515000000.JPG', 1, 0, '2016-08-04 11:35:15', '0000-00-00 00:00:00'),
(108, 2, 129, 1, '2004', 'April', '332600', '1500', 'Right', 'Used', '50', 'Gasoline/Petrol', 2, 2, '5', '2 While Drive', '00596', '810000', 2, '5', '460cm X 170cm X 148cm = 11.57', '11.57', '170', '148', '460', NULL, 'White', 'Gray', '2016-07-17', '00596', 'Driver Airbag/Anti-Lock Brakes/Power Steering/A/C:front/Power Windows', '20160804113929000000.JPG', 1, 0, '2016-08-24 08:31:24', '0000-00-00 00:00:00'),
(109, 2, 129, 1, '2004', 'January', '214880', '1500', 'Right', 'Used', '50', 'Gasoline/Petrol', 2, 2, '5', '2 While Drive', '00654', '69000', 2, '5', '460cm X 170cm X 148cm = 11.57', '11.57', '170', '148', '460', NULL, 'Silver', 'Gray', '2016-07-30', '00654', 'Driver Airbag/Anti-Lock Brakes/Power Steering/A/C:front/Power Windows', '20160804114330000000.JPG', 1, 0, '2016-08-24 08:32:44', '0000-00-00 00:00:00'),
(110, 2, 129, 1, '2004', 'September', '198680', '1500', 'Right', 'Used', '50', 'Gasoline/Petrol', 2, 2, '5', '2 While Drive', '00662', '86000', 2, '5', '460cm X 170cm X 148cm = 11.57', '11.57', '170', '148', '460', NULL, 'White', 'Gray', '2016-07-13', '00662', 'Driver Airbag/Anti-Lock Brakes/Power Steering/A/C:front/Power Windows', '20160804114633000000.JPG', 1, 0, '2016-08-24 08:33:30', '0000-00-00 00:00:00'),
(111, 2, 129, 1, '2004', 'December', '209480', '1500', 'Right', 'Used', '50', 'Gasoline/Petrol', 2, 2, '5', '2 While Drive', '00688', '50000', 2, '5', '460cm X 170cm X 148cm = 11.57', '11.57', '170', '148', '460', NULL, 'White', 'Gray', '2016-07-12', '00688', 'Driver Airbag/Anti-Lock Brakes/Power Steering/A/C:front/Power Windows', '20160804114940000000.JPG', 1, 0, '2016-08-24 08:34:26', '0000-00-00 00:00:00'),
(112, 2, 129, 1, '2004', 'July', '321800', '1500', 'Right', 'Used', '50', 'Gasoline/Petrol', 2, 2, '5', '2 While Drive', '50263', '52000', 2, '5', '460cm X 170cm X 148cm = 11.57', '11.57', '170', '148', '460', NULL, 'Silver', 'Gray', '2016-07-13', '50263', 'Driver Airbag/Anti-Lock Brakes/Power Steering/A/C:front/Power Windows', '20160804115332000000.JPG', 1, 0, '2016-08-24 08:37:16', '0000-00-00 00:00:00'),
(113, 2, 129, 1, '2005', 'October', '190040', '1500', 'Right', 'Used', '50', 'Gasoline/Petrol', 2, 2, '5', '2 While Drive', '50281', '45000', 2, '5', '460cm X 170cm X 148cm = 11.57', '11.57', '170', '148', '460', NULL, 'Silver', 'Gray', '2016-06-08', '50281', 'Driver Airbag/Anti-Lock Brakes/Power Steering/A/C:front/Power Windows', '20160804115714000000.JPG', 1, 0, '2016-08-24 08:38:08', '0000-00-00 00:00:00'),
(114, 2, 129, 1, '2004', 'January', '171680', '1500', 'Right', 'Used', '50', 'Gasoline/Petrol', 2, 2, '5', '2 While Drive', '50295', '294000', 2, '5', '460cm X 170cm X 148cm = 11.57', '11.57', '170', '148', '460', NULL, 'Silver', 'Gray', '2016-07-21', '50295', 'Driver Airbag/Anti-Lock Brakes/Power Steering/A/C:front/Power Windows', '20160804120028000000.JPG', 1, 0, '2016-08-24 08:39:17', '0000-00-00 00:00:00'),
(115, 2, 129, 1, '2005', 'January', '301280', '1500', 'Right', 'Used', '50', 'Gasoline/Petrol', 2, 2, '5', '2 While Drive', '00751', '61000', 2, '5', '460cm X 170cm X 148cm = 11.57', '11.57', '170', '148', '460', NULL, 'White', 'Gray', '2016-07-19', '00751', 'Driver Airbag/Anti-Lock Brakes/Power Steering/A/C:front/Power Windows', '20160804120441000000.JPG', 1, 0, '2016-08-24 08:40:35', '0000-00-00 00:00:00'),
(116, 2, 129, 1, '2005', 'January', '223520', '1500', 'Right', 'Used', '50', 'Gasoline/Petrol', 2, 2, '5', '2 While Drive', '50370', '93000', 2, '5', '460cm X 170cm X 148cm = 11.57', '11.57', '170', '148', '460', NULL, 'Silver', 'Gray', '2016-07-26', '50370', 'Driver Airbag/Anti-Lock Brakes/Power Steering/A/C:front/Power Windows', '20160804120917000000.JPG', 1, 0, '2016-08-24 08:41:54', '0000-00-00 00:00:00'),
(117, 2, 129, 1, '2005', 'September', '231080', '1500', 'Right', 'Used', '50', 'Gasoline/Petrol', 2, 2, '5', '2 While Drive', '50382', '86000', 2, '5', '460cm X 170cm X 148cm = 11.57', '11.57', '170', '148', '460', NULL, 'Silver', 'Gray', '2016-07-13', '50382', 'Driver Airbag/Anti-Lock Brakes/Power Steering/A/C:front/Power Windows', '20160804121230000000.JPG', 1, 0, '2016-08-24 08:43:20', '0000-00-00 00:00:00'),
(118, 2, 129, 1, '2005', 'September', '221360', '1500', 'Right', 'Used', '50', 'Gasoline/Petrol', 2, 2, '5', '2 While Drive', '50383', '114000', 2, '5', '460cm X 170cm X 148cm = 11.57', '11.57', '170', '148', '460', NULL, 'Silver', 'Gray', '2016-07-13', '50383', 'Driver Airbag/Anti-Lock Brakes/Power Steering/A/C:front/Power Windows', '20160804121532000000.JPG', 1, 0, '2016-08-24 08:44:18', '0000-00-00 00:00:00'),
(119, 2, 539, 8, '2000', 'January', '219200', '2000', 'Right', 'Used', '50', 'Gasoline/Petrol', 6, 6, '5', '4 While Drive', '00020', '139000', 8, '5', '416cm X 179cm X 171cm = 12.73', '12.73', '179', '171', '416', NULL, 'Red', 'Gray', '2016-07-21', '', 'KEY LESS ENTRY ALLOY RIMS CD PLAYER ROOF RAILS REAR SPOILER 4WD SPARE TYRE ON BACK DOOR DIGITAL METER ABS W-AIR BAG POWER MIRROR AUTO DOOR LOCK REAR WINDOW WIPER GENUINE WINDOW VISOR FOG LAMP TILT STEERING....', '20160807095834000000.JPG', 1, 0, '2016-08-24 08:45:03', '0000-00-00 00:00:00'),
(120, 2, 539, 8, '2001', 'January', '186800', '2000', 'Right', 'Used', '50', 'Gasoline/Petrol', 6, 6, '5', '4 While Drive', '00217', '275000', 8, '5', '416cm X 179cm X 171cm = 12.73', '12.73', '179', '171', '416', NULL, 'Red', 'Gray', '2016-06-14', '00217', 'KEY LESS ENTRY ALLOY RIMS CD PLAYER ROOF RAILS REAR SPOILER 4WD SPARE TYRE ON BACK DOOR DIGITAL METER ABS W-AIR BAG POWER MIRROR AUTO DOOR LOCK REAR WINDOW WIPER GENUINE WINDOW VISOR FOG LAMP TILT STEERING....', '20160807101043000000.JPG', 1, 0, '2016-08-24 08:45:46', '0000-00-00 00:00:00'),
(121, 2, 539, 8, '2001', 'January', '241880', '2000', 'Right', 'Used', '50', 'Gasoline/Petrol', 6, 6, '5', '4 While Drive', '00224', '133000', 8, '5', '416cm X 179cm X 171cm = 12.73', '12.73', '179', '171', '416', NULL, 'Red', 'Gray', '2016-07-18', '00224', 'KEY LESS ENTRY ALLOY RIMS CD PLAYER ROOF RAILS REAR SPOILER 4WD SPARE TYRE ON BACK DOOR DIGITAL METER ABS W-AIR BAG POWER MIRROR AUTO DOOR LOCK REAR WINDOW WIPER GENUINE WINDOW VISOR FOG LAMP TILT STEERING....', '20160807104646000000.JPG', 1, 0, '2016-08-24 08:46:39', '0000-00-00 00:00:00'),
(122, 2, 539, 8, '2001', 'January', '160880', '2000', 'Right', 'Used', '50', 'Gasoline/Petrol', 6, 6, '5', '4 While Drive', '00272', '109000', 8, '5', '416cm X 179cm X 171cm = 12.73', '12.73', '179', '171', '416', NULL, 'Silver', 'Gray', '2016-08-05', '00272', 'KEY LESS ENTRY ALLOY RIMS CD PLAYER ROOF RAILS REAR SPOILER 4WD SPARE TYRE ON BACK DOOR DIGITAL METER ABS W-AIR BAG POWER MIRROR AUTO DOOR LOCK REAR WINDOW WIPER GENUINE WINDOW VISOR FOG LAMP TILT STEERING....', '20160807105355000000.JPG', 1, 0, '2016-08-24 08:49:51', '0000-00-00 00:00:00'),
(123, 2, 539, 8, '2001', 'January', '259160', '2000', 'Right', 'Used', '50', 'Gasoline/Petrol', 6, 7, '5', '4 While Drive', '00762', '158000', 8, '5', '416cm X 179cm X 171cm = 12.73', '12.73', '179', '171', '416', NULL, 'Blue', 'Gray', '2016-08-15', '00762', 'KEY LESS ENTRY ALLOY RIMS CD PLAYER ROOF RAILS REAR SPOILER 4WD SPARE TYRE ON BACK DOOR DIGITAL METER ABS W-AIR BAG POWER MIRROR AUTO DOOR LOCK REAR WINDOW WIPER GENUINE WINDOW VISOR FOG LAMP TILT STEERING....', '20160807105915000000.JPG', 1, 0, '2016-08-24 08:51:30', '0000-00-00 00:00:00');
INSERT INTO `tbl_product` (`product_id`, `make_id`, `model_id`, `category_id`, `manufacture_year`, `manufacture_month`, `price`, `desplacement`, `steering`, `condition`, `made_in`, `fuel`, `body_style_id`, `engine_type_id`, `door`, `drive_type`, `vin`, `Mileage`, `transmission_id`, `no_of_passenger`, `dimension`, `total_dimension`, `width`, `height`, `length`, `per_cubic_meter_price`, `exterior_color`, `interior_color`, `expiry_date`, `reference_no`, `options`, `feature_image`, `seller_id`, `status`, `created`, `modified`) VALUES
(124, 2, 539, 8, '2001', 'January', '289400', '2000', 'Right', 'Used', '50', 'Gasoline/Petrol', 6, 7, '5', '4 While Drive', '00804', '99000', 8, '5', '416cm X 179cm X 171cm = 12.73', '12.73', '179', '171', '416', NULL, 'White', 'Gray', '2016-08-06', '00804', 'KEY LESS ENTRY ALLOY RIMS CD PLAYER ROOF RAILS REAR SPOILER 4WD SPARE TYRE ON BACK DOOR DIGITAL METER ABS W-AIR BAG POWER MIRROR AUTO DOOR LOCK REAR WINDOW WIPER GENUINE WINDOW VISOR FOG LAMP TILT STEERING....', '20160807110248000000.JPG', 1, 0, '2016-08-24 08:52:25', '0000-00-00 00:00:00'),
(125, 2, 539, 8, '2001', 'January', '249440', '2000', 'Right', 'Used', '50', 'Gasoline/Petrol', 6, 7, '5', '4 While Drive', '01161', '127000', 8, '5', '416cm X 179cm X 171cm = 12.73', '12.73', '179', '171', '416', NULL, 'White', 'Gray', '2016-07-23', '01161', 'KEY LESS ENTRY ALLOY RIMS CD PLAYER ROOF RAILS REAR SPOILER 4WD SPARE TYRE ON BACK DOOR DIGITAL METER ABS W-AIR BAG POWER MIRROR AUTO DOOR LOCK REAR WINDOW WIPER GENUINE WINDOW VISOR FOG LAMP TILT STEERING....', '20160807110705000000.JPG', 1, 0, '2016-08-24 08:56:44', '0000-00-00 00:00:00'),
(126, 2, 539, 8, '2001', 'January', '281840', '2000', 'Right', 'Used', '50', 'Gasoline/Petrol', 7, 7, '5', '4 While Drive', '01173', '130000', 8, '5', '416cm X 179cm X 171cm = 12.73', '12.73', '179', '171', '416', NULL, 'Black', 'Gray', '2016-07-16', '01173', 'KEY LESS ENTRY ALLOY RIMS CD PLAYER ROOF RAILS REAR SPOILER 4WD SPARE TYRE ON BACK DOOR DIGITAL METER ABS W-AIR BAG POWER MIRROR AUTO DOOR LOCK REAR WINDOW WIPER GENUINE WINDOW VISOR FOG LAMP TILT STEERING....', '20160807111108000000.JPG', 1, 0, '2016-08-24 08:59:29', '0000-00-00 00:00:00'),
(127, 2, 539, 8, '2001', 'January', '259160', '2000', 'Right', 'Used', '50', 'Gasoline/Petrol', 6, 7, '5', '4 While Drive', '01327', '151000', 8, '5', '416cm X 179cm X 171cm = 12.73', '12.73', '179', '171', '416', NULL, 'Silver', 'Gray', '2016-07-29', '01327', 'KEY LESS ENTRY ALLOY RIMS CD PLAYER ROOF RAILS REAR SPOILER 4WD SPARE TYRE ON BACK DOOR DIGITAL METER ABS W-AIR BAG POWER MIRROR AUTO DOOR LOCK REAR WINDOW WIPER GENUINE WINDOW VISOR FOG LAMP TILT STEERING....', '20160807111449000000.JPG', 1, 0, '2016-08-24 09:03:16', '0000-00-00 00:00:00'),
(128, 2, 539, 8, '2002', 'January', '249120', '2000', 'Right', 'Used', '50', 'Gasoline/Petrol', 6, 6, '5', '4 While Drive', '00014', '97000', 8, '5', '416cm X 179cm X 171cm = 12.73', '12.73', '179', '171', '416', NULL, 'White', 'Gray', '2016-07-20', '00014', 'KEY LESS ENTRY ALLOY RIMS CD PLAYER ROOF RAILS REAR SPOILER 4WD SPARE TYRE ON BACK DOOR DIGITAL METER ABS W-AIR BAG POWER MIRROR AUTO DOOR LOCK REAR WINDOW WIPER GENUINE WINDOW VISOR FOG LAMP TILT STEERING....', '20160808064255000000.JPG', 1, 0, '2016-08-24 09:04:10', '0000-00-00 00:00:00'),
(129, 2, 539, 8, '2002', 'January', '273200', '2000', 'Right', 'Used', '50', 'Gasoline/Petrol', 6, 7, '5', '4 While Drive', '01607', '232000', 8, '5', '416cm X 179cm X 171cm = 12.73', '12.73', '179', '171', '416', NULL, 'Green', 'Gray', '2016-07-23', '01607', 'KEY LESS ENTRY ALLOY RIMS CD PLAYER ROOF RAILS REAR SPOILER 4WD SPARE TYRE ON BACK DOOR DIGITAL METER ABS W-AIR BAG POWER MIRROR AUTO DOOR LOCK REAR WINDOW WIPER GENUINE WINDOW VISOR FOG LAMP TILT STEERING....', '20160808064903000000.JPG', 1, 0, '2016-08-24 09:05:00', '0000-00-00 00:00:00'),
(130, 2, 539, 8, '2002', 'January', '242960', '2000', 'Right', 'Used', '50', 'Gasoline/Petrol', 6, 7, '5', '4 While Drive', '01677', '134000', 8, '5', '416cm X 179cm X 171cm = 12.73', '12.73', '179', '171', '416', NULL, 'White', 'Gray', '2016-07-30', '01677', 'KEY LESS ENTRY ALLOY RIMS CD PLAYER ROOF RAILS REAR SPOILER 4WD SPARE TYRE ON BACK DOOR DIGITAL METER ABS W-AIR BAG POWER MIRROR AUTO DOOR LOCK REAR WINDOW WIPER GENUINE WINDOW VISOR FOG LAMP TILT STEERING....', '20160808065611000000.JPG', 1, 0, '2016-08-24 09:06:39', '0000-00-00 00:00:00'),
(131, 2, 539, 8, '2002', 'January', '284000', '2000', 'Right', 'Used', '50', 'Gasoline/Petrol', 6, 7, '5', '4 While Drive', '01870', '111000', 8, '5', '416cm X 179cm X 171cm = 12.73', '12.73', '179', '171', '416', NULL, 'White', 'Gray', '2016-07-27', '01870', 'KEY LESS ENTRY ALLOY RIMS CD PLAYER ROOF RAILS REAR SPOILER 4WD SPARE TYRE ON BACK DOOR DIGITAL METER ABS W-AIR BAG POWER MIRROR AUTO DOOR LOCK REAR WINDOW WIPER GENUINE WINDOW VISOR FOG LAMP TILT STEERING....', '20160808105824000000.JPG', 1, 0, '2016-08-24 09:07:30', '0000-00-00 00:00:00'),
(132, 2, 539, 8, '2002', 'January', '255920', '2000', 'Right', 'Used', '50', 'Gasoline/Petrol', 6, 7, '5', '4 While Drive', '01904', '217000', 8, '5', '416cm X 179cm X 171cm = 12.73', '12.73', '179', '171', '416', NULL, 'White', 'Gray', '2016-07-23', '01904', 'KEY LESS ENTRY ALLOY RIMS CD PLAYER ROOF RAILS REAR SPOILER 4WD SPARE TYRE ON BACK DOOR DIGITAL METER ABS W-AIR BAG POWER MIRROR AUTO DOOR LOCK REAR WINDOW WIPER GENUINE WINDOW VISOR FOG LAMP TILT STEERING....', '20160808110431000000.JPG', 1, 0, '2016-08-24 09:08:45', '0000-00-00 00:00:00'),
(133, 2, 539, 8, '2002', 'January', '321800', '2000', 'Right', 'Used', '50', 'Gasoline/Petrol', 6, 7, '5', '4 While Drive', '02175', '60000', 8, '5', '416cm X 179cm X 171cm = 12.73', '12.73', '179', '171', '416', NULL, 'Green', 'Gray', '2016-07-23', '02175', 'KEY LESS ENTRY ALLOY RIMS CD PLAYER ROOF RAILS REAR SPOILER 4WD SPARE TYRE ON BACK DOOR DIGITAL METER ABS W-AIR BAG POWER MIRROR AUTO DOOR LOCK REAR WINDOW WIPER GENUINE WINDOW VISOR FOG LAMP TILT STEERING....', '20160808110829000000.JPG', 1, 0, '2016-08-24 09:09:39', '0000-00-00 00:00:00'),
(134, 2, 539, 8, '2003', 'January', '343400', '2000', 'Right', 'Used', '50', 'Gasoline/Petrol', 6, 7, '5', '4 While Drive', '00440', '29000', 8, '5', '416cm X 179cm X 171cm = 12.73', '12.73', '179', '171', '416', NULL, 'Gold', 'Gray', '2016-08-02', '00440', 'KEY LESS ENTRY ALLOY RIMS CD PLAYER ROOF RAILS REAR SPOILER 4WD SPARE TYRE ON BACK DOOR DIGITAL METER ABS W-AIR BAG POWER MIRROR AUTO DOOR LOCK REAR WINDOW WIPER GENUINE WINDOW VISOR FOG LAMP TILT STEERING....', '20160808112355000000.JPG', 1, 0, '2016-08-24 09:10:34', '0000-00-00 00:00:00'),
(135, 2, 539, 8, '2003', 'January', '263480', '2000', 'Right', 'Used', '50', 'Gasoline/Petrol', 6, 6, '5', '4 While Drive', '00480', '126000', 8, '5', '416cm X 179cm X 171cm = 12.73', '12.73', '179', '171', '416', NULL, 'Blue', 'Gray', '2016-07-23', '00480', 'KEY LESS ENTRY ALLOY RIMS CD PLAYER ROOF RAILS REAR SPOILER 4WD SPARE TYRE ON BACK DOOR DIGITAL METER ABS W-AIR BAG POWER MIRROR AUTO DOOR LOCK REAR WINDOW WIPER GENUINE WINDOW VISOR FOG LAMP TILT STEERING....', '20160808112913000000.JPG', 1, 0, '2016-08-24 09:11:40', '0000-00-00 00:00:00'),
(136, 2, 539, 8, '2003', 'January', '232160', '2000', 'Right', 'Used', '50', 'Gasoline/Petrol', 6, 6, '5', '4 While Drive', '00518', '142000', 7, '5', '416cm X 179cm X 171cm = 12.73', '12.73', '179', '171', '416', NULL, 'Silver', 'Gray', '2016-07-29', '00518', 'KEY LESS ENTRY ALLOY RIMS CD PLAYER ROOF RAILS REAR SPOILER 4WD SPARE TYRE ON BACK DOOR DIGITAL METER ABS W-AIR BAG POWER MIRROR AUTO DOOR LOCK REAR WINDOW WIPER GENUINE WINDOW VISOR FOG LAMP TILT STEERING....', '20160808113443000000.JPG', 1, 0, '2016-08-24 09:12:33', '0000-00-00 00:00:00'),
(137, 2, 539, 8, '2003', 'March', '304520', '2000', 'Right', 'Used', '50', 'Gasoline/Petrol', 6, 7, '5', '4 While Drive', '02381', '90000', 7, '5', '416cm X 179cm X 171cm = 12.73', '12.73', '179', '171', '416', NULL, 'Silver', 'Gray', '2016-07-19', '02381', 'KEY LESS ENTRY ALLOY RIMS CD PLAYER ROOF RAILS REAR SPOILER 4WD SPARE TYRE ON BACK DOOR DIGITAL METER ABS W-AIR BAG POWER MIRROR AUTO DOOR LOCK REAR WINDOW WIPER GENUINE WINDOW VISOR FOG LAMP TILT STEERING....', '20160808113949000000.JPG', 1, 0, '2016-08-24 09:13:52', '0000-00-00 00:00:00'),
(138, 2, 539, 8, '2003', 'June', '223520', '2000', 'Right', 'Used', '50', 'Gasoline/Petrol', 6, 7, '5', '4 While Drive', '02546', '147000', 7, '5', '416cm X 179cm X 171cm = 12.73', '12.73', '179', '171', '416', NULL, 'White', 'Gray', '2016-07-26', '02546', 'KEY LESS ENTRY ALLOY RIMS CD PLAYER ROOF RAILS REAR SPOILER 4WD SPARE TYRE ON BACK DOOR DIGITAL METER ABS W-AIR BAG POWER MIRROR AUTO DOOR LOCK REAR WINDOW WIPER GENUINE WINDOW VISOR FOG LAMP TILT STEERING....', '20160808114357000000.JPG', 1, 0, '2016-08-24 09:14:49', '0000-00-00 00:00:00'),
(139, 2, 539, 8, '2003', 'January', '343400', '2000', 'Right', 'Used', '50', 'Gasoline/Petrol', 6, 7, '5', '4 While Drive', '02635', '89000', 7, '5', '416cm X 179cm X 171cm = 12.73', '12.73', '179', '171', '416', NULL, 'White', 'Gray', '2016-07-15', '02635', 'KEY LESS ENTRY ALLOY RIMS CD PLAYER ROOF RAILS REAR SPOILER 4WD SPARE TYRE ON BACK DOOR DIGITAL METER ABS W-AIR BAG POWER MIRROR AUTO DOOR LOCK REAR WINDOW WIPER GENUINE WINDOW VISOR FOG LAMP TILT STEERING....', '20160808114808000000.JPG', 1, 0, '2016-08-24 09:15:33', '0000-00-00 00:00:00'),
(140, 2, 539, 8, '2003', 'January', '174920', '2000', 'Right', 'Used', '50', 'Gasoline/Petrol', 6, 7, '5', '4 While Drive', '02649', '66000', 7, '5', '416cm X 179cm X 171cm = 12.73', '12.73', '179', '171', '416', NULL, 'Silver', 'Gray', '2016-07-18', '02649', 'KEY LESS ENTRY ALLOY RIMS CD PLAYER ROOF RAILS REAR SPOILER 4WD SPARE TYRE ON BACK DOOR DIGITAL METER ABS W-AIR BAG POWER MIRROR AUTO DOOR LOCK REAR WINDOW WIPER GENUINE WINDOW VISOR FOG LAMP TILT STEERING....', '20160808115211000000.JPG', 1, 0, '2016-08-24 09:16:26', '0000-00-00 00:00:00'),
(141, 2, 539, 8, '2003', 'January', '240800', '2000', 'Right', 'Used', '50', 'Gasoline/Petrol', 6, 7, '5', '4 While Drive', '02727', '284000', 7, '5', '416cm X 179cm X 171cm = 12.73', '12.73', '179', '171', '416', NULL, 'Black', 'Gray', '2016-08-01', '02727', 'KEY LESS ENTRY ALLOY RIMS CD PLAYER ROOF RAILS REAR SPOILER 4WD SPARE TYRE ON BACK DOOR DIGITAL METER ABS W-AIR BAG POWER MIRROR AUTO DOOR LOCK REAR WINDOW WIPER GENUINE WINDOW VISOR FOG LAMP TILT STEERING....', '20160808115620000000.JPG', 1, 0, '2016-08-24 09:17:20', '0000-00-00 00:00:00'),
(142, 2, 539, 8, '2003', 'January', '258080', '2000', 'Right', 'Used', '50', 'Gasoline/Petrol', 6, 7, '5', '4 While Drive', '02730', '158000', 7, '5', '456cm X 179cm X 171cm = 13.96', '13.96', '179', '171', '456', NULL, 'Silver', 'Gray', '2016-07-19', '02730', 'KEY LESS ENTRY ALLOY RIMS CD PLAYER ROOF RAILS REAR SPOILER 4WD SPARE TYRE ON BACK DOOR DIGITAL METER ABS W-AIR BAG POWER MIRROR AUTO DOOR LOCK REAR WINDOW WIPER GENUINE WINDOW VISOR FOG LAMP TILT STEERING....', '20160808115948000000.JPG', 1, 0, '2016-08-24 09:46:38', '0000-00-00 00:00:00'),
(143, 2, 539, 8, '2003', 'January', '271040', '2000', 'Right', 'Used', '50', 'Gasoline/Petrol', 6, 7, '5', '4 While Drive', '02736', '154000', 7, '5', '416cm X 179cm X 171cm = 12.73', '12.73', '179', '171', '416', NULL, 'Silver', 'Gray', '2016-07-25', '02736', 'KEY LESS ENTRY ALLOY RIMS CD PLAYER ROOF RAILS REAR SPOILER 4WD SPARE TYRE ON BACK DOOR DIGITAL METER ABS W-AIR BAG POWER MIRROR AUTO DOOR LOCK REAR WINDOW WIPER GENUINE WINDOW VISOR FOG LAMP TILT STEERING....', '20160808120326000000.JPG', 1, 0, '2016-08-24 09:47:36', '0000-00-00 00:00:00'),
(144, 2, 539, 8, '2003', 'December', '273200', '2000', 'Right', 'Used', '50', 'Gasoline/Petrol', 6, 7, '5', '4 While Drive', '02781', '226000', 7, '5', '416cm X 179cm X 171cm = 12.73', '12.73', '179', '171', '416', NULL, 'Blue', 'Gray', '2016-07-16', '02781', 'KEY LESS ENTRY ALLOY RIMS CD PLAYER ROOF RAILS REAR SPOILER 4WD SPARE TYRE ON BACK DOOR DIGITAL METER ABS W-AIR BAG POWER MIRROR AUTO DOOR LOCK REAR WINDOW WIPER GENUINE WINDOW VISOR FOG LAMP TILT STEERING....', '20160808120650000000.JPG', 1, 0, '2016-08-24 09:48:23', '0000-00-00 00:00:00'),
(145, 2, 539, 8, '2004', 'January', '259160', '2000', 'Right', 'Used', '50', 'Gasoline/Petrol', 6, 7, '5', '2 While Drive', '02893', '140000', 7, '5', '416cm X 179cm X 171cm = 12.73', '12.73', '179', '171', '416', NULL, 'Black', 'Gray', '2016-07-14', '02893', 'KEY LESS ENTRY ALLOY RIMS CD PLAYER ROOF RAILS REAR SPOILER 4WD SPARE TYRE ON BACK DOOR DIGITAL METER ABS W-AIR BAG POWER MIRROR AUTO DOOR LOCK REAR WINDOW WIPER GENUINE WINDOW VISOR FOG LAMP TILT STEERING....', '20160809083128000000.JPG', 1, 0, '2016-08-24 09:49:06', '0000-00-00 00:00:00'),
(146, 2, 539, 8, '2004', 'July', '207320', '2000', 'Right', 'Used', '50', 'Gasoline/Petrol', 6, 7, '5', '4 While Drive', '02959', '234000', 7, '5', '456cm X 179cm X 171cm = 13.96', '13.96', '179', '171', '456', NULL, 'Silver', 'Gray', '2016-07-19', '02959', 'KEY LESS ENTRY ALLOY RIMS CD PLAYER ROOF RAILS REAR SPOILER 4WD SPARE TYRE ON BACK DOOR DIGITAL METER ABS W-AIR BAG POWER MIRROR AUTO DOOR LOCK REAR WINDOW WIPER GENUINE WINDOW VISOR FOG LAMP TILT STEERING....', '20160809083508000000.JPG', 1, 0, '2016-08-24 09:49:46', '0000-00-00 00:00:00'),
(147, 2, 539, 8, '2004', 'January', '375800', '2000', 'Right', 'Used', '50', 'Gasoline/Petrol', 6, 7, '5', '4 While Drive', '0306200', '47000', 7, '5', '416cm X 179cm X 171cm = 12.73', '12.73', '179', '171', '416', NULL, 'Gray', 'Gray', '2016-08-01', '0306200', 'KEY LESS ENTRY ALLOY RIMS CD PLAYER ROOF RAILS REAR SPOILER 4WD SPARE TYRE ON BACK DOOR DIGITAL METER ABS W-AIR BAG POWER MIRROR AUTO DOOR LOCK REAR WINDOW WIPER GENUINE WINDOW VISOR FOG LAMP TILT STEERING....', '20160809085431000000.JPG', 1, 0, '2016-08-24 09:50:36', '0000-00-00 00:00:00'),
(148, 2, 539, 8, '2004', 'January', '543200', '2000', 'Right', 'Used', '50', 'Gasoline/Petrol', 6, 7, '5', '4 While Drive', '02962', '76000', 7, '5', '416cm X 179cm X 171cm = 12.73', '12.73', '179', '171', '416', NULL, 'White', 'Gray', '2016-08-06', '02962', 'KEY LESS ENTRY ALLOY RIMS CD PLAYER ROOF RAILS REAR SPOILER 4WD SPARE TYRE ON BACK DOOR DIGITAL METER ABS W-AIR BAG POWER MIRROR AUTO DOOR LOCK REAR WINDOW WIPER GENUINE WINDOW VISOR FOG LAMP TILT STEERING....', '20160809090132000000.JPG', 1, 0, '2016-08-24 09:51:22', '0000-00-00 00:00:00'),
(149, 2, 539, 8, '2005', 'January', '373640', '2000', 'Right', 'Used', '50', 'Gasoline/Petrol', 6, 6, '5', '4 While Drive', '50069', '122000', 7, '5', '416cm X 179cm X 171cm = 12.73', '12.73', '179', '171', '416', NULL, 'White', 'Gray', '2016-07-20', '50069', 'KEY LESS ENTRY ALLOY RIMS CD PLAYER ROOF RAILS REAR SPOILER 4WD SPARE TYRE ON BACK DOOR DIGITAL METER ABS W-AIR BAG POWER MIRROR AUTO DOOR LOCK REAR WINDOW WIPER GENUINE WINDOW VISOR FOG LAMP TILT STEERING....', '20160809093556000000.JPG', 1, 0, '2016-08-24 09:52:06', '0000-00-00 00:00:00'),
(150, 2, 539, 8, '2005', 'September', '341240', '2000', 'Right', 'Used', '50', 'Gasoline/Petrol', 6, 6, '5', '4 While Drive', '50082', '138000', 7, '5', '416cm X 179cm X 171cm = 12.73', '12.73', '179', '171', '416', NULL, 'White', 'Gray', '2016-07-14', '50082', 'KEY LESS ENTRY ALLOY RIMS CD PLAYER ROOF RAILS REAR SPOILER 4WD SPARE TYRE ON BACK DOOR DIGITAL METER ABS W-AIR BAG POWER MIRROR AUTO DOOR LOCK REAR WINDOW WIPER GENUINE WINDOW VISOR FOG LAMP TILT STEERING....', '20160809095911000000.JPG', 1, 0, '2016-08-24 09:52:47', '0000-00-00 00:00:00'),
(151, 2, 539, 8, '2005', 'October', '382280', '2000', 'Right', 'Used', '50', 'Gasoline/Petrol', 6, 6, '5', '4 While Drive', '50085', '100000', 7, '5', '416cm X 179cm X 171cm = 12.73', '12.73', '179', '171', '416', NULL, 'Black', 'Gray', '2016-07-16', '50085', 'KEY LESS ENTRY ALLOY RIMS CD PLAYER ROOF RAILS REAR SPOILER 4WD SPARE TYRE ON BACK DOOR DIGITAL METER ABS W-AIR BAG POWER MIRROR AUTO DOOR LOCK REAR WINDOW WIPER GENUINE WINDOW VISOR FOG LAMP TILT STEERING....', '20160809100516000000.JPG', 1, 0, '2016-08-24 09:53:28', '0000-00-00 00:00:00'),
(152, 2, 539, 8, '2005', 'January', '215960', '2000', 'Right', 'Used', '50', 'Gasoline/Petrol', 6, 7, '5', '4 While Drive', '50101', '241000', 7, '5', '416cm X 179cm X 171cm = 12.73', '12.73', '179', '171', '416', NULL, 'Black', 'Gray', '2016-07-19', '50101', 'KEY LESS ENTRY ALLOY RIMS CD PLAYER ROOF RAILS REAR SPOILER 4WD SPARE TYRE ON BACK DOOR DIGITAL METER ABS W-AIR BAG POWER MIRROR AUTO DOOR LOCK REAR WINDOW WIPER GENUINE WINDOW VISOR FOG LAMP TILT STEERING....', '20160809101115000000.JPG', 1, 0, '2016-08-24 10:29:11', '0000-00-00 00:00:00'),
(153, 2, 539, 8, '2005', 'June', '235400', '2000', 'Right', 'Used', '50', 'Gasoline/Petrol', 6, 7, '5', '4 While Drive', '50158', '307000', 7, '5', '416cm X 179cm X 171cm = 12.73', '12.73', '179', '171', '416', NULL, 'White', 'Gray', '2016-08-06', '50158', 'KEY LESS ENTRY ALLOY RIMS CD PLAYER ROOF RAILS REAR SPOILER 4WD SPARE TYRE ON BACK DOOR DIGITAL METER ABS W-AIR BAG POWER MIRROR AUTO DOOR LOCK REAR WINDOW WIPER GENUINE WINDOW VISOR FOG LAMP TILT STEERING....', '20160809102044000000.JPG', 1, 0, '2016-08-24 10:30:04', '0000-00-00 00:00:00'),
(154, 2, 539, 8, '2005', 'July', '278600', '2000', 'Right', 'Used', '50', 'Gasoline/Petrol', 6, 7, '5', '4 While Drive', '50165', '114000', 7, '5', '416cm X 179cm X 171cm = 12.73', '12.73', '179', '171', '416', NULL, 'Gray', 'Gray', '2016-08-04', '50165', 'KEY LESS ENTRY ALLOY RIMS CD PLAYER ROOF RAILS REAR SPOILER 4WD SPARE TYRE ON BACK DOOR DIGITAL METER ABS W-AIR BAG POWER MIRROR AUTO DOOR LOCK REAR WINDOW WIPER GENUINE WINDOW VISOR FOG LAMP TILT STEERING....', '20160809102704000000.JPG', 1, 0, '2016-08-24 10:31:12', '0000-00-00 00:00:00'),
(155, 2, 539, 8, '2005', 'July', '274280', '2000', 'Right', 'Used', '50', 'Gasoline/Petrol', 6, 7, '5', '4 While Drive', '50179', '98000', 7, '5', '416cm X 179cm X 171cm = 12.73', '12.73', '179', '171', '416', NULL, 'Black', 'Gray', '2016-08-02', '50179', 'KEY LESS ENTRY ALLOY RIMS CD PLAYER ROOF RAILS REAR SPOILER 4WD SPARE TYRE ON BACK DOOR DIGITAL METER ABS W-AIR BAG POWER MIRROR AUTO DOOR LOCK REAR WINDOW WIPER GENUINE WINDOW VISOR FOG LAMP TILT STEERING....', '20160809103145000000.JPG', 1, 0, '2016-08-24 10:32:12', '0000-00-00 00:00:00'),
(156, 2, 539, 8, '2005', 'November', '554000', '2000', 'Right', 'Used', '50', 'Gasoline/Petrol', 6, 7, '5', '4 While Drive', '50214', '64000', 7, '5', '416cm X 179cm X 171cm = 12.73', '12.73', '179', '171', '416', NULL, 'White', 'Gray', '2016-08-02', '50214', 'KEY LESS ENTRY ALLOY RIMS CD PLAYER ROOF RAILS REAR SPOILER 4WD SPARE TYRE ON BACK DOOR DIGITAL METER ABS W-AIR BAG POWER MIRROR AUTO DOOR LOCK REAR WINDOW WIPER GENUINE WINDOW VISOR FOG LAMP TILT STEERING....', '20160809103702000000.JPG', 1, 0, '2016-08-24 10:33:15', '0000-00-00 00:00:00'),
(157, 2, 539, 8, '2005', 'July', '331520', '2000', 'Right', 'Used', '50', 'Gasoline/Petrol', 6, 7, '5', '4 While Drive', '50181', '116000', 7, '5', '416cm X 179cm X 171cm = 12.73', '12.73', '179', '171', '416', NULL, 'Blue', 'Gray', '2016-07-19', '50181', 'KEY LESS ENTRY ALLOY RIMS CD PLAYER ROOF RAILS REAR SPOILER 4WD SPARE TYRE ON BACK DOOR DIGITAL METER ABS W-AIR BAG POWER MIRROR AUTO DOOR LOCK REAR WINDOW WIPER GENUINE WINDOW VISOR FOG LAMP TILT STEERING....', '20160809105816000000.JPG', 1, 0, '2016-08-24 10:34:13', '0000-00-00 00:00:00'),
(158, 2, 179, 1, '2000', 'January', '91760', '1300', 'Right', 'Used', '50', 'Gasoline/Petrol', 8, 8, '5', '2 While Drive', '00251', '102000', 11, '5', '375cm X 170cm X 152cm = 9.69', '9.69', '170', '152', '375', NULL, 'Blue', 'Gray', '2016-07-25', '00251', 'AC/PS/PW/ABS SYSTEM/DIGITAL METER/DOOR LOCK/KEY LESS ENTRY/AIR BAG SIDE AIRBAG/ CD PLAYER/CASSETTE PLAYER.', '20160811101601000000.JPG', 1, 0, '2016-08-24 10:36:23', '0000-00-00 00:00:00'),
(159, 2, 179, 1, '2000', 'March', '105800', '1300', 'Right', 'Used', '50', 'Gasoline/Petrol', 8, 8, '5', '2 While Drive', '00316', '64000', 12, '5', '375cm X 170cm X 152cm = 9.69', '9.69', '170', '152', '375', NULL, 'Blue', 'Gray', '2016-08-08', '00316', 'AC/PS/PW/ABS SYSTEM/DIGITAL METER/DOOR LOCK/KEY LESS ENTRY/AIR BAG SIDE AIRBAG/ CD PLAYER/CASSETTE PLAYER.', '20160811102047000000.JPG', 1, 0, '2016-08-24 10:37:42', '0000-00-00 00:00:00'),
(160, 2, 179, 1, '2000', 'January', '90680', '1300', 'Right', 'Used', '50', 'Gasoline/Petrol', 8, 8, '5', '2 While Drive', '00366', '154000', 11, '5', '375cm X 170cm X 152cm = 9.69', '9.69', '170', '152', '375', NULL, 'Green', 'Gray', '2016-07-21', '00366', 'AC/PS/PW/ABS SYSTEM/DIGITAL METER/DOOR LOCK/KEY LESS ENTRY/AIR BAG SIDE AIRBAG/ CD PLAYER/CASSETTE PLAYER.', '20160811102445000000.JPG', 1, 0, '2016-08-24 10:38:29', '0000-00-00 00:00:00'),
(161, 2, 179, 1, '2000', 'January', '73400', '1300', 'Right', 'Used', '50', 'Gasoline/Petrol', 8, 8, '5', '2 While Drive', '00455', '134000', 11, '5', '375cm X 170cm X 152cm = 9.69', '9.69', '170', '152', '375', NULL, 'Blue', 'Gray', '2016-07-20', '00455', 'AC/PS/PW/ABS SYSTEM/DIGITAL METER/DOOR LOCK/KEY LESS ENTRY/AIR BAG SIDE AIRBAG/ CD PLAYER/CASSETTE PLAYER.', '20160811102911000000.JPG', 1, 0, '2016-08-24 10:39:36', '0000-00-00 00:00:00'),
(162, 2, 179, 1, '2000', 'January', '80960', '1300', 'Right', 'Used', '50', 'Gasoline/Petrol', 8, 8, '5', '2 While Drive', '00461', '109000', 11, '5', '375cm X 170cm X 152cm = 9.69', '9.69', '170', '152', '375', NULL, 'Red', 'Gray', '2016-07-20', '00461', 'AC/PS/PW/ABS SYSTEM/DIGITAL METER/DOOR LOCK/KEY LESS ENTRY/AIR BAG SIDE AIRBAG/ CD PLAYER/CASSETTE PLAYER.', '20160811103258000000.JPG', 1, 0, '2016-08-24 10:25:32', '0000-00-00 00:00:00'),
(163, 2, 179, 1, '2000', 'January', '97160', '1300', 'Right', 'Used', '50', 'Gasoline/Petrol', 8, 8, '5', '2 While Drive', '00895', '92000', 11, '5', '375cm X 170cm X 152cm = 9.69', '9.69', '170', '152', '375', NULL, 'Blue', 'Gray', '2016-07-27', '00895', 'AC/PS/PW/ABS SYSTEM/DIGITAL METER/DOOR LOCK/KEY LESS ENTRY/AIR BAG SIDE AIRBAG/ CD PLAYER/CASSETTE PLAYER.', '20160811103721000000.JPG', 1, 0, '2016-08-24 10:40:45', '0000-00-00 00:00:00'),
(164, 2, 179, 1, '2000', 'January', '99320', '1300', 'Right', 'Used', '50', 'Gasoline/Petrol', 8, 8, '5', '2 While Drive', '30120', '48000', 11, '5', '375cm X 170cm X 152cm = 9.69', '9.69', '170', '152', '375', NULL, 'Silver', 'Gray', '2016-07-15', '30120', 'AC/PS/PW/ABS SYSTEM/DIGITAL METER/DOOR LOCK/KEY LESS ENTRY/AIR BAG SIDE AIRBAG/ CD PLAYER/CASSETTE PLAYER.', '20160811104140000000.JPG', 1, 0, '2016-08-24 10:41:29', '0000-00-00 00:00:00'),
(165, 2, 179, 1, '2000', 'January', '100400', '1300', 'Right', 'Used', '50', 'Gasoline/Petrol', 8, 8, '5', '2 While Drive', '30132', '100000', 11, '5', '375cm X 170cm X 152cm = 9.69', '9.69', '170', '152', '375', NULL, 'Black', 'Gray', '2016-08-08', '30132', 'AC/PS/PW/ABS SYSTEM/DIGITAL METER/DOOR LOCK/KEY LESS ENTRY/AIR BAG SIDE AIRBAG/ CD PLAYER/CASSETTE PLAYER.', '20160811104557000000.JPG', 1, 0, '2016-08-24 10:42:19', '0000-00-00 00:00:00'),
(166, 2, 179, 1, '2000', 'February', '132800', '1300', 'Right', 'Used', '50', 'Gasoline/Petrol', 8, 8, '5', '2 While Drive', '30137', '142000', 11, '5', '375cm X 170cm X 152cm = 9.69', '9.69', '170', '152', '375', NULL, 'Silver', 'Gray', '2016-07-30', '30137', 'AC/PS/PW/ABS SYSTEM/DIGITAL METER/DOOR LOCK/KEY LESS ENTRY/AIR BAG SIDE AIRBAG/ CD PLAYER/CASSETTE PLAYER.', '20160811104937000000.JPG', 1, 0, '2016-08-24 10:43:19', '0000-00-00 00:00:00'),
(167, 2, 179, 1, '2000', 'January', '73400', '1300', 'Right', 'Used', '50', 'Gasoline/Petrol', 8, 8, '5', '2 While Drive', '00896', '117000', 11, '5', '375cm X 170cm X 152cm = 9.69', '9.69', '170', '152', '375', NULL, 'Blue', 'Gray', '2016-08-01', '00896', 'AC/PS/PW/ABS SYSTEM/DIGITAL METER/DOOR LOCK/KEY LESS ENTRY/AIR BAG SIDE AIRBAG/ CD PLAYER/CASSETTE PLAYER.', '20160811105604000000.JPG', 1, 0, '2016-08-24 10:44:53', '0000-00-00 00:00:00'),
(168, 2, 179, 1, '2000', 'January', '78800', '1300', 'Right', 'Used', '50', 'Gasoline/Petrol', 8, 8, '5', '2 While Drive', '00877', '127000', 11, '5', '375cm X 170cm X 152cm = 9.69', '9.69', '170', '152', '375', NULL, 'Blue', 'Gray', '2016-07-21', '00877', 'AC/PS/PW/ABS SYSTEM/DIGITAL METER/DOOR LOCK/KEY LESS ENTRY/AIR BAG SIDE AIRBAG/ CD PLAYER/CASSETTE PLAYER.', '20160811110142000000.JPG', 1, 0, '2016-08-24 10:45:36', '0000-00-00 00:00:00'),
(169, 2, 179, 1, '2001', 'January', '129560', '1300', 'Right', 'Used', '50', 'Gasoline/Petrol', 8, 8, '5', '2 While Drive', '0098', '89000', 11, '5', '375cm X 170cm X 152cm = 9.69', '9.69', '170', '152', '375', NULL, 'Gray', 'Gray', '2016-07-30', '0098', 'AC/PS/PW/ABS SYSTEM/DIGITAL METER/DOOR LOCK/KEY LESS ENTRY/AIR BAG SIDE AIRBAG/ CD PLAYER/CASSETTE PLAYER.', '20160814072105000000.JPG', 1, 0, '2016-08-24 10:47:02', '0000-00-00 00:00:00'),
(170, 2, 179, 1, '2001', 'January', '139280', '1300', 'Right', 'Used', '50', 'Gasoline/Petrol', 8, 8, '5', '2 While Drive', '00934', '35000', 11, '5', '375cm X 170cm X 152cm = 9.69', '9.69', '170', '152', '375', NULL, 'Gray', 'Gray', '2016-07-29', '00934', 'AC/PS/PW/ABS SYSTEM/DIGITAL METER/DOOR LOCK/KEY LESS ENTRY/AIR BAG SIDE AIRBAG/ CD PLAYER/CASSETTE PLAYER.', '20160814072410000000.JPG', 1, 0, '2016-08-24 10:48:01', '0000-00-00 00:00:00'),
(171, 2, 179, 1, '2001', 'January', '109040', '1300', 'Right', 'Used', '50', 'Gasoline/Petrol', 8, 8, '5', '2 While Drive', '00934', '87000', 11, '5', '375cm X 170cm X 152cm = 9.69', '9.69', '170', '152', '375', NULL, 'White', 'Gray', '2016-07-22', '00987', 'AC/PS/PW/ABS SYSTEM/DIGITAL METER/DOOR LOCK/KEY LESS ENTRY/AIR BAG SIDE AIRBAG/ CD PLAYER/CASSETTE PLAYER.', '20160814072726000000.JPG', 1, 0, '2016-08-24 10:48:43', '0000-00-00 00:00:00'),
(172, 2, 179, 1, '2001', 'January', '105800', '1300', 'Right', 'Used', '50', 'Gasoline/Petrol', 8, 8, '5', '2 While Drive', '01013', '198000', 11, '5', '375cm X 170cm X 152cm = 9.69', '9.69', '170', '152', '375', NULL, 'Blue', 'Gray', '2016-08-05', '01013', 'AC/PS/PW/ABS SYSTEM/DIGITAL METER/DOOR LOCK/KEY LESS ENTRY/AIR BAG SIDE AIRBAG/ CD PLAYER/CASSETTE PLAYER.', '20160814074924000000.JPG', 1, 0, '2016-08-24 10:50:55', '0000-00-00 00:00:00'),
(173, 2, 179, 1, '2001', 'January', '79880', '1300', 'Right', 'Used', '50', 'Gasoline/Petrol', 8, 8, '5', '2 While Drive', '01049', '81000', 11, '5', '375cm X 170cm X 152cm = 9.69', '9.69', '170', '152', '375', NULL, 'Red', 'Gray', '2016-08-08', '01049', 'AC/PS/PW/ABS SYSTEM/DIGITAL METER/DOOR LOCK/KEY LESS ENTRY/AIR BAG SIDE AIRBAG/ CD PLAYER/CASSETTE PLAYER.', '20160814075503000000.JPG', 1, 0, '2016-08-24 10:51:36', '0000-00-00 00:00:00'),
(174, 2, 179, 1, '2001', 'January', '77720', '1300', 'Right', 'Used', '50', 'Gasoline/Petrol', 8, 8, '5', '2 While Drive', '01125', '53000', 11, '5', '375cm X 170cm X 152cm = 9.69', '9.69', '170', '152', '375', NULL, 'Silver', 'Gray', '2016-07-29', '01125', 'AC/PS/PW/ABS SYSTEM/DIGITAL METER/DOOR LOCK/KEY LESS ENTRY/AIR BAG SIDE AIRBAG/ CD PLAYER/CASSETTE PLAYER.', '20160814075900000000.JPG', 1, 0, '2016-08-24 10:52:27', '0000-00-00 00:00:00'),
(175, 2, 179, 1, '2001', 'January', '75560', '1300', 'Right', 'Used', '50', 'Gasoline/Petrol', 8, 8, '5', '2 While Drive', '01161', '88000', 11, '5', '375cm X 170cm X 152cm = 9.69', '9.69', '170', '152', '375', NULL, 'Silver', 'Gray', '2016-07-29', '01161', 'AC/PS/PW/ABS SYSTEM/DIGITAL METER/DOOR LOCK/KEY LESS ENTRY/AIR BAG SIDE AIRBAG/ CD PLAYER/CASSETTE PLAYER.', '20160814080317000000.JPG', 1, 0, '2016-08-24 10:53:59', '0000-00-00 00:00:00'),
(176, 2, 179, 1, '2001', 'January', '129560', '1300', 'Right', 'Used', '50', 'Gasoline/Petrol', 8, 8, '5', '2 While Drive', '01188', '116000', 11, '5', '375cm X 170cm X 152cm = 9.69', '9.69', '170', '152', '375', NULL, 'Blue', 'Gray', '2016-07-16', '01188', 'AC/PS/PW/ABS SYSTEM/DIGITAL METER/DOOR LOCK/KEY LESS ENTRY/AIR BAG SIDE AIRBAG/ CD PLAYER/CASSETTE PLAYER.', '20160814080647000000.JPG', 1, 0, '2016-08-24 10:54:45', '0000-00-00 00:00:00'),
(177, 2, 179, 1, '2001', 'January', '114440', '1300', 'Right', 'Used', '50', 'Gasoline/Petrol', 8, 8, '5', '2 While Drive', '01197', '82000', 11, '5', '375cm X 170cm X 152cm = 9.69', '9.69', '170', '152', '375', NULL, 'Silver', 'Gray', '2016-08-26', '01197', 'AC/PS/PW/ABS SYSTEM/DIGITAL METER/DOOR LOCK/KEY LESS ENTRY/AIR BAG SIDE AIRBAG/ CD PLAYER/CASSETTE PLAYER.', '20160814081048000000.JPG', 1, 0, '2016-08-24 10:55:42', '0000-00-00 00:00:00'),
(178, 2, 179, 1, '2001', 'January', '98240', '1300', 'Right', 'Used', '50', 'Gasoline/Petrol', 8, 8, '5', '2 While Drive', '01222', '122000', 11, '5', '375cm X 170cm X 152cm = 9.69', '9.69', '170', '152', '375', NULL, 'Blue', 'Gray', '2016-08-10', '01222', 'AC/PS/PW/ABS SYSTEM/DIGITAL METER/DOOR LOCK/KEY LESS ENTRY/AIR BAG SIDE AIRBAG/ CD PLAYER/CASSETTE PLAYER.', '20160814083817000000.JPG', 1, 0, '2016-08-24 10:56:28', '0000-00-00 00:00:00'),
(179, 2, 179, 1, '2001', 'August', '104720', '1300', 'Right', 'Used', '50', 'Gasoline/Petrol', 8, 8, '5', '2 While Drive', '01229', '16000', 11, '5', '375cm X 170cm X 152cm = 9.69', '9.69', '170', '152', '375', NULL, 'Green', 'Gray', '2016-08-03', '01229', 'AC/PS/PW/ABS SYSTEM/DIGITAL METER/DOOR LOCK/KEY LESS ENTRY/AIR BAG SIDE AIRBAG/ CD PLAYER/CASSETTE PLAYER.', '20160814084408000000.JPG', 1, 0, '2016-08-24 10:58:46', '0000-00-00 00:00:00'),
(180, 2, 179, 1, '2001', 'January', '122000', '1300', 'Right', 'Used', '50', 'Gasoline/Petrol', 8, 8, '5', '2 While Drive', '01243', '110000', 11, '5', '375cm X 170cm X 152cm = 9.69', '9.69', '170', '152', '375', NULL, 'Black', 'Gray', '2016-07-16', '01243', 'AC/PS/PW/ABS SYSTEM/DIGITAL METER/DOOR LOCK/KEY LESS ENTRY/AIR BAG SIDE AIRBAG/ CD PLAYER/CASSETTE PLAYER.', '20160814084817000000.JPG', 1, 0, '2016-08-24 10:59:27', '0000-00-00 00:00:00'),
(181, 2, 179, 1, '2001', 'January', '73400', '1300', 'Right', 'Used', '50', 'Gasoline/Petrol', 8, 8, '5', '2 While Drive', '01399', '79000', 11, '5', '375cm X 170cm X 152cm = 9.69', '9.69', '170', '152', '375', NULL, 'Green', 'Gray', '2016-08-08', '01399', 'AC/PS/PW/ABS SYSTEM/DIGITAL METER/DOOR LOCK/KEY LESS ENTRY/AIR BAG SIDE AIRBAG/ CD PLAYER/CASSETTE PLAYER.', '20160814085221000000.JPG', 1, 0, '2016-08-24 11:00:11', '0000-00-00 00:00:00'),
(182, 2, 179, 1, '2001', 'August', '112280', '1300', 'Right', 'Used', '50', 'Gasoline/Petrol', 8, 8, '5', '2 While Drive', '012229', '77000', 11, '5', '375cm X 170cm X 152cm = 9.69', '9.69', '170', '152', '375', NULL, 'Silver', 'Gray', '2016-07-28', '012229', 'AC/PS/PW/ABS SYSTEM/DIGITAL METER/DOOR LOCK/KEY LESS ENTRY/AIR BAG SIDE AIRBAG/ CD PLAYER/CASSETTE PLAYER.', '20160814085721000000.JPG', 1, 0, '2016-08-24 11:01:40', '0000-00-00 00:00:00'),
(183, 2, 179, 1, '2002', 'January', '86360', '1300', 'Right', 'Used', '50', 'Gasoline/Petrol', 8, 8, '5', '2 While Drive', '01435', '79000', 11, '5', '375cm X 170cm X 152cm = 9.69', '9.69', '170', '152', '375', NULL, 'Silver', 'Gray', '2016-08-06', '01435', 'AC/PS/PW/ABS SYSTEM/DIGITAL METER/DOOR LOCK/KEY LESS ENTRY/AIR BAG SIDE AIRBAG/ CD PLAYER/CASSETTE PLAYER.', '20160814091210000000.JPG', 1, 0, '2016-08-24 11:02:59', '0000-00-00 00:00:00'),
(184, 2, 179, 1, '2002', 'January', '113360', '1300', 'Right', 'Used', '50', 'Gasoline/Petrol', 8, 8, '5', '2 While Drive', '01587', '51000', 11, '5', '375cm X 170cm X 152cm = 9.69', '9.69', '170', '152', '375', NULL, 'Silver', 'Gray', '2016-08-06', '01587', 'AC/PS/PW/ABS SYSTEM/DIGITAL METER/DOOR LOCK/KEY LESS ENTRY/AIR BAG SIDE AIRBAG/ CD PLAYER/CASSETTE PLAYER.', '20160814103341000000.JPG', 1, 0, '2016-08-24 11:03:53', '0000-00-00 00:00:00'),
(185, 2, 179, 1, '2002', 'January', '155480', '1300', 'Right', 'Used', '50', 'Gasoline/Petrol', 8, 8, '5', '2 While Drive', '01626', '29000', 11, '5', '375cm X 170cm X 152cm = 9.69', '9.69', '170', '152', '375', NULL, 'Blue', 'Gray', '2016-07-23', '01626', 'AC/PS/PW/ABS SYSTEM/DIGITAL METER/DOOR LOCK/KEY LESS ENTRY/AIR BAG SIDE AIRBAG/ CD PLAYER/CASSETTE PLAYER.', '20160814104544000000.JPG', 1, 0, '2016-08-24 11:04:39', '0000-00-00 00:00:00'),
(186, 2, 179, 1, '2002', 'January', '111200', '1300', 'Right', 'Used', '50', 'Gasoline/Petrol', 8, 8, '5', '2 While Drive', '01634', '53000', 11, '5', '375cm X 170cm X 152cm = 9.69', '9.69', '170', '152', '375', NULL, 'Blue', 'Gray', '2016-07-28', '01634', 'AC/PS/PW/ABS SYSTEM/DIGITAL METER/DOOR LOCK/KEY LESS ENTRY/AIR BAG SIDE AIRBAG/ CD PLAYER/CASSETTE PLAYER.', '20160814104930000000.JPG', 1, 0, '2016-08-30 07:32:10', '0000-00-00 00:00:00'),
(187, 2, 179, 1, '2002', 'January', '96080', '1300', 'Right', 'Used', '50', 'Gasoline/Petrol', 8, 8, '5', '2 While Drive', '01636', '115000', 11, '5', '375cm X 170cm X 152cm = 9.69', '9.69', '170', '152', '375', NULL, 'Silver', 'Gray', '2016-07-19', '01636', 'KEY LESS ENTRY ALLOY RIMS CD PLAYER ROOF RAILS REAR SPOILER 4WD SPARE TYRE ON BACK DOOR DIGITAL METER ABS W-AIR BAG POWER MIRROR AUTO DOOR LOCK REAR WINDOW WIPER GENUINE WINDOW VISOR FOG LAMP TILT STEERING....', '20160814105331000000.JPG', 1, 0, '2016-08-24 11:06:01', '0000-00-00 00:00:00'),
(188, 2, 179, 1, '2002', 'January', '110120', '1300', 'Right', 'Used', '50', 'Gasoline/Petrol', 8, 8, '5', '2 While Drive', '01683', '74000', 11, '5', '375cm X 170cm X 152cm = 9.69', '9.69', '170', '152', '375', NULL, 'Silver', 'Gray', '2016-08-06', '01683', 'AC/PS/PW/ABS SYSTEM/DIGITAL METER/DOOR LOCK/KEY LESS ENTRY/AIR BAG SIDE AIRBAG/ CD PLAYER/CASSETTE PLAYER.', '20160814105736000000.JPG', 1, 0, '2016-08-24 11:07:16', '0000-00-00 00:00:00'),
(189, 2, 179, 1, '2002', 'January', '95000', '1300', 'Right', 'Used', '50', 'Gasoline/Petrol', 8, 8, '5', '2 While Drive', '01716', '78000', 11, '5', '375cm X 170cm X 152cm = 9.69', '9.69', '170', '152', '375', NULL, 'Silver', 'Gray', '2016-08-01', '01716', 'AC/PS/PW/ABS SYSTEM/DIGITAL METER/DOOR LOCK/KEY LESS ENTRY/AIR BAG SIDE AIRBAG/ CD PLAYER/CASSETTE PLAYER.', '20160814110048000000.JPG', 1, 0, '2016-08-24 11:08:11', '0000-00-00 00:00:00'),
(190, 2, 179, 1, '2002', 'January', '129560', '1300', 'Right', 'Used', '50', 'Gasoline/Petrol', 8, 8, '5', '2 While Drive', '31107', '96000', 11, '5', '375cm X 170cm X 152cm = 9.69', '9.69', '170', '152', '375', NULL, 'White', 'Gray', '2016-07-23', '31107', 'AC/PS/PW/ABS SYSTEM/DIGITAL METER/DOOR LOCK/KEY LESS ENTRY/AIR BAG SIDE AIRBAG/ CD PLAYER/CASSETTE PLAYER.', '20160814110430000000.JPG', 1, 0, '2016-08-24 11:09:25', '0000-00-00 00:00:00'),
(191, 2, 179, 1, '2001', 'January', '122000', '1300', 'Right', 'Used', '50', 'Gasoline/Petrol', 8, 8, '5', '2 While Drive', '01243', '110000', 11, '5', '375cm X 170cm X 152cm = 9.69', '9.69', '170', '152', '375', NULL, 'Black', 'Gray', '2016-07-16', '01243', 'AC/PS/PW/ABS SYSTEM/DIGITAL METER/DOOR LOCK/KEY LESS ENTRY/AIR BAG SIDE AIRBAG/ CD PLAYER/CASSETTE PLAYER.', '20160828105316000000.JPG', 1, 0, '2016-08-28 10:53:16', '0000-00-00 00:00:00'),
(192, 2, 179, 1, '2001', 'January', '122000', '1300', 'Right', 'Used', '50', 'Gasoline/Petrol', 8, 8, '5', '2 While Drive', '01409', '91000', 11, '5', '375cm X 170cm X 152cm = 9.69', '9.69', '170', '152', '375', NULL, 'Black', 'Gray', '2016-07-22', '01409', 'AC/PS/PW/ABS SYSTEM/DIGITAL METER/DOOR LOCK/KEY LESS ENTRY/AIR BAG SIDE AIRBAG/ CD PLAYER/CASSETTE PLAYER.', '20160828105620000000.JPG', 1, 0, '2016-08-28 10:56:20', '0000-00-00 00:00:00'),
(193, 2, 179, 1, '2002', 'January', '151160', '1300', 'Right', 'Used', '50', 'Gasoline/Petrol', 8, 8, '5', '2 While Drive', '01638', '36000', 11, '5', '375cm X 170cm X 152cm = 9.69', '9.69', '170', '152', '375', NULL, 'Blue', 'Gray', '2016-07-19', '01638', 'AC/PS/PW/ABS SYSTEM/DIGITAL METER/DOOR LOCK/KEY LESS ENTRY/AIR BAG SIDE AIRBAG/ CD PLAYER/CASSETTE PLAYER.', '20160828110924000000.JPG', 1, 0, '2016-08-28 11:09:24', '0000-00-00 00:00:00'),
(194, 2, 179, 1, '2003', 'January', '92000', '1300', 'Right', 'Used', '50', 'Gasoline/Petrol', 8, 8, '5', '2 While Drive', '01975', '65000', 11, '5', '375cm X 170cm X 152cm = 9.69', '9.69', '170', '152', '375', NULL, 'Silver', 'Gray', '2016-08-27', '01975', 'AC/PS/PW/ABS SYSTEM/DIGITAL METER/DOOR LOCK/KEY LESS ENTRY/AIR BAG SIDE AIRBAG/ CD PLAYER/CASSETTE PLAYER.', '20160830071106000000.JPG', 1, 0, '2016-08-30 07:11:06', '0000-00-00 00:00:00'),
(195, 2, 179, 1, '2003', 'January', '140360', '1300', 'Right', 'Used', '50', 'Gasoline/Petrol', 8, 8, '5', '2 While Drive', '01990', '196000', 11, '5', '375cm X 170cm X 152cm = 9.69', '9.69', '170', '152', '375', NULL, 'Red', 'Gray', '2016-08-18', '01990', 'AC/PS/PW/ABS SYSTEM/DIGITAL METER/DOOR LOCK/KEY LESS ENTRY/AIR BAG SIDE AIRBAG/ CD PLAYER/CASSETTE PLAYER.', '20160830071540000000.JPG', 1, 0, '2016-08-30 07:15:40', '0000-00-00 00:00:00'),
(196, 2, 179, 1, '2003', 'January', '93920', '1300', 'Right', 'Used', '50', 'Gasoline/Petrol', 8, 8, '5', '2 While Drive', '02025', '167000', 11, '5', '375cm X 170cm X 152cm = 9.69', '9.69', '170', '152', '375', NULL, 'Blue', 'Gray', '2016-08-26', '02025', 'AC/PS/PW/ABS SYSTEM/DIGITAL METER/DOOR LOCK/KEY LESS ENTRY/AIR BAG SIDE AIRBAG/ CD PLAYER/CASSETTE PLAYER.', '20160830072234000000.JPG', 1, 0, '2016-08-30 07:22:34', '0000-00-00 00:00:00'),
(197, 2, 179, 1, '2004', 'January', '196520', '1300', 'Right', 'Used', '50', 'Gasoline/Petrol', 8, 8, '5', '2 While Drive', '02188', '88000', 11, '5', '375cm X 170cm X 152cm = 9.69', '9.69', '170', '152', '375', NULL, 'Silver', 'Gray', '2016-08-09', '', 'AC/PS/PW/ABS SYSTEM/DIGITAL METER/DOOR LOCK/KEY LESS ENTRY/AIR BAG SIDE AIRBAG/ CD PLAYER/CASSETTE PLAYER.', '20160830072721000000.JPG', 1, 0, '2016-08-30 07:27:21', '0000-00-00 00:00:00');

-- --------------------------------------------------------

--
-- Table structure for table `tbl_product_old`
--

CREATE TABLE IF NOT EXISTS `tbl_product_old` (
  `product_id` int(10) NOT NULL,
  `make_id` int(10) NOT NULL,
  `model_id` int(10) NOT NULL,
  `category_id` int(10) NOT NULL,
  `manufacture_year` varchar(4) NOT NULL,
  `manufacture_month` varchar(15) NOT NULL,
  `price` varchar(15) NOT NULL,
  `desplacement` varchar(20) NOT NULL,
  `steering` varchar(20) NOT NULL,
  `condition` varchar(20) NOT NULL,
  `made_in` varchar(25) NOT NULL,
  `fuel` varchar(20) NOT NULL,
  `body_style` varchar(255) NOT NULL,
  `door` varchar(20) NOT NULL,
  `drive_type` varchar(20) DEFAULT NULL,
  `vin` varchar(20) DEFAULT NULL,
  `Mileage` varchar(15) NOT NULL,
  `transmission` varchar(25) NOT NULL,
  `no_of_passenger` varchar(10) NOT NULL,
  `dimension` varchar(200) NOT NULL,
  `exterior_color` varchar(20) NOT NULL,
  `interior_color` varchar(20) NOT NULL,
  `expiry_date` date NOT NULL,
  `reference_no` varchar(20) NOT NULL,
  `options` text NOT NULL,
  `feature_image` varchar(30) NOT NULL,
  `seller_id` int(10) NOT NULL,
  `status` int(1) NOT NULL,
  `created` datetime NOT NULL,
  `modified` datetime NOT NULL
) ENGINE=InnoDB AUTO_INCREMENT=4 DEFAULT CHARSET=latin1;

--
-- Dumping data for table `tbl_product_old`
--

INSERT INTO `tbl_product_old` (`product_id`, `make_id`, `model_id`, `category_id`, `manufacture_year`, `manufacture_month`, `price`, `desplacement`, `steering`, `condition`, `made_in`, `fuel`, `body_style`, `door`, `drive_type`, `vin`, `Mileage`, `transmission`, `no_of_passenger`, `dimension`, `exterior_color`, `interior_color`, `expiry_date`, `reference_no`, `options`, `feature_image`, `seller_id`, `status`, `created`, `modified`) VALUES
(1, 1, 1, 1, '2015', 'December', '1000000', '2600 cc', 'Left', 'New Car', 'Japan', 'Gasoline/Petrol', 'Medium Station Wogan', '5', NULL, NULL, '150,024 km', 'Automatic', '4', '3M x 5M', '0', 'White', '0000-00-00', 'RM-58545', '2', '1.jpg', 0, 0, '2015-12-20 07:21:27', '0000-00-00 00:00:00'),
(2, 1, 1, 1, '2013', 'July', '500000', '1500 cc', 'Right', 'New Car', 'Japan', 'Gasoline/Petrol', 'Medium Station Wogan', '5', NULL, NULL, '100,024 km', 'Manual', '4', '3M x 5M', '0', 'White', '2015-12-22', 'RM-585456', '1', '11.jpg', 0, 0, '2015-12-20 07:44:39', '0000-00-00 00:00:00'),
(3, 2, 70, 2, '2013', 'January', '29500', '2800 cc', 'Right', 'New', 'Japan', 'Gasoline/Petrol', 'Sadan', '5', '2 While Drive', 'WEESASSAFD', '40000 KM', 'Automatic', '5', '488 mc X 494mc', 'White', 'White', '2017-02-17', 'EZ 48848744', 'FM Radio, Automatic,', '13.jpg', 0, 0, '2016-02-27 07:21:59', '0000-00-00 00:00:00');

-- --------------------------------------------------------

--
-- Table structure for table `tbl_transmission`
--

CREATE TABLE IF NOT EXISTS `tbl_transmission` (
  `id` int(10) NOT NULL,
  `transmission` varchar(100) DEFAULT NULL,
  `make_id` int(10) DEFAULT NULL,
  `model_id` int(10) DEFAULT NULL,
  `remarks` varchar(200) DEFAULT NULL,
  `created_by` int(10) DEFAULT NULL,
  `modified_by` int(10) DEFAULT NULL,
  `created` datetime DEFAULT NULL,
  `modified` timestamp NOT NULL DEFAULT CURRENT_TIMESTAMP ON UPDATE CURRENT_TIMESTAMP
) ENGINE=InnoDB AUTO_INCREMENT=13 DEFAULT CHARSET=latin1;

--
-- Dumping data for table `tbl_transmission`
--

INSERT INTO `tbl_transmission` (`id`, `transmission`, `make_id`, `model_id`, `remarks`, `created_by`, `modified_by`, `created`, `modified`) VALUES
(1, 'FAT', 2, 4, '', 1, NULL, '2016-07-23 08:57:21', '2016-07-23 07:57:21'),
(2, 'FAT', 2, 129, '', 1, NULL, '2016-07-23 09:21:20', '2016-07-23 08:21:20'),
(3, 'Automatique', 2, 88, '', 1, NULL, '2016-07-24 08:28:49', '2016-07-24 07:28:49'),
(4, 'Automatique', 2, 88, '', 1, NULL, '2016-07-24 08:28:49', '2016-07-24 07:28:49'),
(5, 'FAT', 2, 538, '', 1, NULL, '2016-07-25 08:49:08', '2016-07-25 07:49:08'),
(6, 'Automatic', 2, 538, '', 1, NULL, '2016-07-26 08:17:53', '2016-07-26 07:17:53'),
(7, 'FAT', 2, 539, '', 1, NULL, '2016-08-07 09:47:09', '2016-08-07 08:47:09'),
(8, 'AT', 2, 539, '', 1, NULL, '2016-08-07 09:52:43', '2016-08-07 08:52:43'),
(9, 'CVT', 2, 179, '', 1, NULL, '2016-08-11 10:09:57', '2016-08-11 09:09:57'),
(10, 'CVT', 2, 179, '', 1, NULL, '2016-08-11 10:10:02', '2016-08-11 09:10:02'),
(11, 'FAT', 2, 179, '', 1, NULL, '2016-08-11 10:10:20', '2016-08-11 09:10:20'),
(12, 'AT', 2, 179, '', 1, NULL, '2016-08-11 10:10:41', '2016-08-11 09:10:41');

-- --------------------------------------------------------

--
-- Table structure for table `tbl_transportation_cost`
--

CREATE TABLE IF NOT EXISTS `tbl_transportation_cost` (
  `id` int(10) NOT NULL,
  `country_id` int(10) DEFAULT NULL,
  `port_id` int(10) DEFAULT NULL,
  `per_cubic_meter_price` varchar(10) DEFAULT NULL,
  `insurance_price` varchar(10) DEFAULT NULL,
  `inspection_price` varchar(10) DEFAULT NULL,
  `created_by` int(10) DEFAULT NULL,
  `modified_by` int(10) DEFAULT NULL,
  `created` datetime DEFAULT NULL,
  `modified` timestamp NULL DEFAULT CURRENT_TIMESTAMP ON UPDATE CURRENT_TIMESTAMP
) ENGINE=InnoDB AUTO_INCREMENT=981 DEFAULT CHARSET=latin1;

--
-- Dumping data for table `tbl_transportation_cost`
--

INSERT INTO `tbl_transportation_cost` (`id`, `country_id`, `port_id`, `per_cubic_meter_price`, `insurance_price`, `inspection_price`, `created_by`, `modified_by`, `created`, `modified`) VALUES
(1, 1, 1, '65', '200', '300', 1, NULL, '2016-06-28 00:52:03', '2016-06-28 19:57:57'),
(2, 1, 2, '65', '200', '300', 1, NULL, '2016-06-28 00:52:03', '2016-06-28 19:57:57'),
(3, 1, 3, '65', '200', '300', 1, NULL, '2016-06-28 00:52:03', '2016-06-28 19:57:57'),
(4, 1, 4, '65', '200', '300', 1, NULL, '2016-06-28 00:52:03', '2016-06-28 19:57:57'),
(5, 2, 5, '65', '200', '300', 1, NULL, '2016-06-28 00:52:03', '2016-06-28 19:57:57'),
(6, 2, 6, '65', '200', '300', 1, NULL, '2016-06-28 00:52:03', '2016-06-28 19:57:57'),
(7, 2, 7, '65', '200', '300', 1, NULL, '2016-06-28 00:52:03', '2016-06-28 19:57:57'),
(8, 2, 8, '65', '200', '300', 1, NULL, '2016-06-28 00:52:03', '2016-06-28 19:57:57'),
(9, 2, 9, '65', '200', '300', 1, NULL, '2016-06-28 00:52:03', '2016-06-28 19:57:57'),
(10, 2, 10, '65', '200', '300', 1, NULL, '2016-06-28 00:52:03', '2016-06-28 19:57:57'),
(11, 2, 11, '65', '200', '300', 1, NULL, '2016-06-28 00:52:03', '2016-06-28 19:57:57'),
(12, 2, 12, '65', '200', '300', 1, NULL, '2016-06-28 00:52:03', '2016-06-28 19:57:57'),
(13, 2, 13, '65', '200', '300', 1, NULL, '2016-06-28 00:52:03', '2016-06-28 19:57:57'),
(14, 2, 14, '65', '200', '300', 1, NULL, '2016-06-28 00:52:03', '2016-06-28 19:57:57'),
(15, 2, 15, '65', '200', '300', 1, NULL, '2016-06-28 00:52:03', '2016-06-28 19:57:57'),
(16, 2, 16, '65', '200', '300', 1, NULL, '2016-06-28 00:52:03', '2016-06-28 19:57:57'),
(17, 2, 17, '65', '200', '300', 1, NULL, '2016-06-28 00:52:03', '2016-06-28 19:57:57'),
(18, 2, 18, '65', '200', '300', 1, NULL, '2016-06-28 00:52:03', '2016-06-28 19:57:57'),
(19, 2, 19, '65', '200', '300', 1, NULL, '2016-06-28 00:52:03', '2016-06-28 19:57:57'),
(20, 2, 20, '65', '200', '300', 1, NULL, '2016-06-28 00:52:03', '2016-06-28 19:57:57'),
(21, 2, 21, '65', '200', '300', 1, NULL, '2016-06-28 00:52:03', '2016-06-28 19:57:57'),
(22, 3, 22, '65', '200', '300', 1, NULL, '2016-06-28 00:52:03', '2016-06-28 19:57:57'),
(23, 4, 23, '65', '200', '300', 1, NULL, '2016-06-28 00:52:03', '2016-06-28 19:57:57'),
(24, 5, 24, '65', '200', '300', 1, NULL, '2016-06-28 00:52:03', '2016-06-28 19:57:57'),
(25, 6, 25, '65', '200', '300', 1, NULL, '2016-06-28 00:52:03', '2016-06-28 19:57:57'),
(26, 6, 26, '65', '200', '300', 1, NULL, '2016-06-28 00:52:03', '2016-06-28 19:57:57'),
(27, 6, 27, '65', '200', '300', 1, NULL, '2016-06-28 00:52:03', '2016-06-28 19:57:57'),
(28, 6, 28, '65', '200', '300', 1, NULL, '2016-06-28 00:52:03', '2016-06-28 19:57:57'),
(29, 6, 29, '65', '200', '300', 1, NULL, '2016-06-28 00:52:03', '2016-06-28 19:57:57'),
(30, 6, 30, '65', '200', '300', 1, NULL, '2016-06-28 00:52:03', '2016-06-28 19:57:57'),
(31, 6, 31, '65', '200', '300', 1, NULL, '2016-06-28 00:52:03', '2016-06-28 19:57:57'),
(32, 6, 32, '65', '200', '300', 1, NULL, '2016-06-28 00:52:03', '2016-06-28 19:57:57'),
(33, 6, 33, '65', '200', '300', 1, NULL, '2016-06-28 00:52:03', '2016-06-28 19:57:57'),
(34, 6, 34, '65', '200', '300', 1, NULL, '2016-06-28 00:52:03', '2016-06-28 19:57:57'),
(35, 6, 35, '65', '200', '300', 1, NULL, '2016-06-28 00:52:03', '2016-06-28 19:57:57'),
(36, 6, 36, '65', '200', '300', 1, NULL, '2016-06-28 00:52:03', '2016-06-28 19:57:57'),
(37, 6, 37, '65', '200', '300', 1, NULL, '2016-06-28 00:52:03', '2016-06-28 19:57:57'),
(38, 6, 38, '65', '200', '300', 1, NULL, '2016-06-28 00:52:03', '2016-06-28 19:57:57'),
(39, 6, 39, '65', '200', '300', 1, NULL, '2016-06-28 00:52:03', '2016-06-28 19:57:57'),
(40, 6, 40, '65', '200', '300', 1, NULL, '2016-06-28 00:52:03', '2016-06-28 19:57:57'),
(41, 6, 41, '65', '200', '300', 1, NULL, '2016-06-28 00:52:03', '2016-06-28 19:57:57'),
(42, 6, 42, '65', '200', '300', 1, NULL, '2016-06-28 00:52:03', '2016-06-28 19:57:57'),
(43, 6, 43, '65', '200', '300', 1, NULL, '2016-06-28 00:52:03', '2016-06-28 19:57:57'),
(44, 6, 44, '65', '200', '300', 1, NULL, '2016-06-28 00:52:03', '2016-06-28 19:57:57'),
(45, 6, 45, '65', '200', '300', 1, NULL, '2016-06-28 00:52:03', '2016-06-28 19:57:57'),
(46, 6, 46, '65', '200', '300', 1, NULL, '2016-06-28 00:52:03', '2016-06-28 19:57:57'),
(47, 6, 47, '65', '200', '300', 1, NULL, '2016-06-28 00:52:03', '2016-06-28 19:57:57'),
(48, 6, 48, '65', '200', '300', 1, NULL, '2016-06-28 00:52:03', '2016-06-28 19:57:57'),
(49, 6, 49, '65', '200', '300', 1, NULL, '2016-06-28 00:52:03', '2016-06-28 19:57:57'),
(50, 6, 50, '65', '200', '300', 1, NULL, '2016-06-28 00:52:03', '2016-06-28 19:57:57'),
(51, 6, 51, '65', '200', '300', 1, NULL, '2016-06-28 00:52:03', '2016-06-28 19:57:57'),
(52, 6, 52, '65', '200', '300', 1, NULL, '2016-06-28 00:52:03', '2016-06-28 19:57:57'),
(53, 6, 53, '65', '200', '300', 1, NULL, '2016-06-28 00:52:03', '2016-06-28 19:57:57'),
(54, 6, 54, '65', '200', '300', 1, NULL, '2016-06-28 00:52:03', '2016-06-28 19:57:57'),
(55, 6, 55, '65', '200', '300', 1, NULL, '2016-06-28 00:52:03', '2016-06-28 19:57:57'),
(56, 6, 56, '65', '200', '300', 1, NULL, '2016-06-28 00:52:03', '2016-06-28 19:57:57'),
(57, 6, 57, '65', '200', '300', 1, NULL, '2016-06-28 00:52:03', '2016-06-28 19:57:57'),
(58, 6, 58, '65', '200', '300', 1, NULL, '2016-06-28 00:52:03', '2016-06-28 19:57:57'),
(59, 6, 59, '65', '200', '300', 1, NULL, '2016-06-28 00:52:03', '2016-06-28 19:57:57'),
(60, 6, 60, '65', '200', '300', 1, NULL, '2016-06-28 00:52:03', '2016-06-28 19:57:57'),
(61, 6, 61, '65', '200', '300', 1, NULL, '2016-06-28 00:52:03', '2016-06-28 19:57:57'),
(62, 6, 62, '65', '200', '300', 1, NULL, '2016-06-28 00:52:03', '2016-06-28 19:57:57'),
(63, 6, 63, '65', '200', '300', 1, NULL, '2016-06-28 00:52:03', '2016-06-28 19:57:57'),
(64, 6, 64, '65', '200', '300', 1, NULL, '2016-06-28 00:52:03', '2016-06-28 19:57:57'),
(65, 6, 65, '65', '200', '300', 1, NULL, '2016-06-28 00:52:03', '2016-06-28 19:57:57'),
(66, 6, 66, '65', '200', '300', 1, NULL, '2016-06-28 00:52:03', '2016-06-28 19:57:57'),
(67, 6, 67, '65', '200', '300', 1, NULL, '2016-06-28 00:52:03', '2016-06-28 19:57:57'),
(68, 6, 68, '65', '200', '300', 1, NULL, '2016-06-28 00:52:03', '2016-06-28 19:57:57'),
(69, 6, 69, '65', '200', '300', 1, NULL, '2016-06-28 00:52:03', '2016-06-28 19:57:57'),
(70, 6, 70, '65', '200', '300', 1, NULL, '2016-06-28 00:52:03', '2016-06-28 19:57:57'),
(71, 7, 71, '65', '200', '300', 1, NULL, '2016-06-28 00:52:03', '2016-06-28 19:57:57'),
(72, 7, 72, '65', '200', '300', 1, NULL, '2016-06-28 00:52:03', '2016-06-28 19:57:57'),
(73, 7, 73, '65', '200', '300', 1, NULL, '2016-06-28 00:52:03', '2016-06-28 19:57:57'),
(74, 8, 74, '65', '200', '300', 1, NULL, '2016-06-28 00:52:03', '2016-06-28 19:57:57'),
(75, 8, 75, '65', '200', '300', 1, NULL, '2016-06-28 00:52:03', '2016-06-28 19:57:57'),
(76, 8, 76, '65', '200', '300', 1, NULL, '2016-06-28 00:52:03', '2016-06-28 19:57:57'),
(77, 8, 77, '65', '200', '300', 1, NULL, '2016-06-28 00:52:03', '2016-06-28 19:57:57'),
(78, 8, 78, '65', '200', '300', 1, NULL, '2016-06-28 00:52:03', '2016-06-28 19:57:57'),
(79, 8, 79, '65', '200', '300', 1, NULL, '2016-06-28 00:52:03', '2016-06-28 19:57:57'),
(80, 8, 80, '65', '200', '300', 1, NULL, '2016-06-28 00:52:03', '2016-06-28 19:57:57'),
(81, 8, 81, '65', '200', '300', 1, NULL, '2016-06-28 00:52:03', '2016-06-28 19:57:57'),
(82, 9, 82, '65', '200', '300', 1, NULL, '2016-06-28 00:52:03', '2016-06-28 19:57:57'),
(83, 10, 83, '65', '200', '300', 1, NULL, '2016-06-28 00:52:03', '2016-06-28 19:57:57'),
(84, 10, 84, '65', '200', '300', 1, NULL, '2016-06-28 00:52:03', '2016-06-28 19:57:57'),
(85, 10, 85, '65', '200', '300', 1, NULL, '2016-06-28 00:52:03', '2016-06-28 19:57:57'),
(86, 10, 86, '65', '200', '300', 1, NULL, '2016-06-28 00:52:03', '2016-06-28 19:57:57'),
(87, 11, 87, '65', '200', '300', 1, NULL, '2016-06-28 00:52:03', '2016-06-28 19:57:57'),
(88, 11, 88, '65', '200', '300', 1, NULL, '2016-06-28 00:52:03', '2016-06-28 19:57:57'),
(89, 11, 89, '65', '200', '300', 1, NULL, '2016-06-28 00:52:03', '2016-06-28 19:57:57'),
(90, 11, 90, '65', '200', '300', 1, NULL, '2016-06-28 00:52:03', '2016-06-28 19:57:57'),
(91, 11, 91, '65', '200', '300', 1, NULL, '2016-06-28 00:52:03', '2016-06-28 19:57:57'),
(92, 11, 92, '65', '200', '300', 1, NULL, '2016-06-28 00:52:03', '2016-06-28 19:57:57'),
(93, 11, 93, '65', '200', '300', 1, NULL, '2016-06-28 00:52:03', '2016-06-28 19:57:57'),
(94, 11, 94, '65', '200', '300', 1, NULL, '2016-06-28 00:52:03', '2016-06-28 19:57:57'),
(95, 11, 95, '65', '200', '300', 1, NULL, '2016-06-28 00:52:03', '2016-06-28 19:57:57'),
(96, 12, 96, '65', '200', '300', 1, NULL, '2016-06-28 00:52:03', '2016-06-28 19:57:57'),
(97, 12, 97, '65', '200', '300', 1, NULL, '2016-06-28 00:52:03', '2016-06-28 19:57:57'),
(98, 12, 98, '65', '200', '300', 1, NULL, '2016-06-28 00:52:03', '2016-06-28 19:57:57'),
(99, 12, 99, '65', '200', '300', 1, NULL, '2016-06-28 00:52:03', '2016-06-28 19:57:57'),
(100, 12, 100, '65', '200', '300', 1, NULL, '2016-06-28 00:52:03', '2016-06-28 19:57:57'),
(101, 12, 101, '65', '200', '300', 1, NULL, '2016-06-28 00:52:03', '2016-06-28 19:57:57'),
(102, 13, 102, '65', '200', '300', 1, NULL, '2016-06-28 00:52:03', '2016-06-28 19:57:57'),
(103, 13, 103, '65', '200', '300', 1, NULL, '2016-06-28 00:52:03', '2016-06-28 19:57:57'),
(104, 14, 104, '65', '200', '300', 1, NULL, '2016-06-28 00:52:03', '2016-06-28 19:57:57'),
(105, 14, 105, '67', '200', '300', 1, 1, '2016-06-28 00:52:03', '2016-07-23 05:53:26'),
(106, 14, 106, '65', '200', '300', 1, NULL, '2016-06-28 00:52:03', '2016-06-28 19:57:57'),
(107, 14, 107, '65', '200', '300', 1, NULL, '2016-06-28 00:52:03', '2016-06-28 19:57:57'),
(108, 15, 108, '65', '200', '300', 1, NULL, '2016-06-28 00:52:03', '2016-06-28 19:57:57'),
(109, 16, 109, '65', '200', '300', 1, NULL, '2016-06-28 00:52:03', '2016-06-28 19:57:57'),
(110, 17, 110, '65', '200', '300', 1, NULL, '2016-06-28 00:52:03', '2016-06-28 19:57:57'),
(111, 17, 111, '65', '200', '300', 1, NULL, '2016-06-28 00:52:03', '2016-06-28 19:57:57'),
(112, 17, 112, '65', '200', '300', 1, NULL, '2016-06-28 00:52:03', '2016-06-28 19:57:57'),
(113, 17, 113, '65', '200', '300', 1, NULL, '2016-06-28 00:52:03', '2016-06-28 19:57:57'),
(114, 17, 114, '65', '200', '300', 1, NULL, '2016-06-28 00:52:03', '2016-06-28 19:57:57'),
(115, 17, 115, '65', '200', '300', 1, NULL, '2016-06-28 00:52:03', '2016-06-28 19:57:57'),
(116, 17, 116, '65', '200', '300', 1, NULL, '2016-06-28 00:52:03', '2016-06-28 19:57:57'),
(117, 17, 117, '65', '200', '300', 1, NULL, '2016-06-28 00:52:03', '2016-06-28 19:57:57'),
(118, 18, 118, '65', '200', '300', 1, NULL, '2016-06-28 00:52:03', '2016-06-28 19:57:57'),
(119, 19, 119, '65', '200', '300', 1, NULL, '2016-06-28 00:52:03', '2016-06-28 19:57:57'),
(120, 20, 120, '65', '200', '300', 1, NULL, '2016-06-28 00:52:03', '2016-06-28 19:57:57'),
(121, 20, 121, '65', '200', '300', 1, NULL, '2016-06-28 00:52:03', '2016-06-28 19:57:57'),
(122, 21, 122, '65', '200', '300', 1, NULL, '2016-06-28 00:52:03', '2016-06-28 19:57:57'),
(123, 22, 123, '65', '200', '300', 1, NULL, '2016-06-28 00:52:03', '2016-06-28 19:57:57'),
(124, 23, 124, '65', '200', '300', 1, NULL, '2016-06-28 00:52:03', '2016-06-28 19:57:57'),
(125, 24, 125, '65', '200', '300', 1, NULL, '2016-06-28 00:52:03', '2016-06-28 19:57:57'),
(126, 24, 126, '65', '200', '300', 1, NULL, '2016-06-28 00:52:03', '2016-06-28 19:57:57'),
(127, 24, 127, '65', '200', '300', 1, NULL, '2016-06-28 00:52:03', '2016-06-28 19:57:57'),
(128, 24, 128, '65', '200', '300', 1, NULL, '2016-06-28 00:52:03', '2016-06-28 19:57:57'),
(129, 24, 129, '65', '200', '300', 1, NULL, '2016-06-28 00:52:03', '2016-06-28 19:57:57'),
(130, 24, 130, '65', '200', '300', 1, NULL, '2016-06-28 00:52:03', '2016-06-28 19:57:57'),
(131, 24, 131, '65', '200', '300', 1, NULL, '2016-06-28 00:52:03', '2016-06-28 19:57:57'),
(132, 24, 132, '65', '200', '300', 1, NULL, '2016-06-28 00:52:03', '2016-06-28 19:57:57'),
(133, 24, 133, '65', '200', '300', 1, NULL, '2016-06-28 00:52:03', '2016-06-28 19:57:57'),
(134, 24, 134, '65', '200', '300', 1, NULL, '2016-06-28 00:52:03', '2016-06-28 19:57:57'),
(135, 24, 135, '65', '200', '300', 1, NULL, '2016-06-28 00:52:03', '2016-06-28 19:57:57'),
(136, 24, 136, '65', '200', '300', 1, NULL, '2016-06-28 00:52:03', '2016-06-28 19:57:57'),
(137, 24, 137, '65', '200', '300', 1, NULL, '2016-06-28 00:52:03', '2016-06-28 19:57:57'),
(138, 24, 138, '65', '200', '300', 1, NULL, '2016-06-28 00:52:03', '2016-06-28 19:57:57'),
(139, 24, 139, '65', '200', '300', 1, NULL, '2016-06-28 00:52:03', '2016-06-28 19:57:57'),
(140, 24, 140, '65', '200', '300', 1, NULL, '2016-06-28 00:52:03', '2016-06-28 19:57:57'),
(141, 24, 141, '65', '200', '300', 1, NULL, '2016-06-28 00:52:03', '2016-06-28 19:57:57'),
(142, 24, 142, '65', '200', '300', 1, NULL, '2016-06-28 00:52:03', '2016-06-28 19:57:57'),
(143, 24, 143, '65', '200', '300', 1, NULL, '2016-06-28 00:52:03', '2016-06-28 19:57:57'),
(144, 24, 144, '65', '200', '300', 1, NULL, '2016-06-28 00:52:03', '2016-06-28 19:57:57'),
(145, 24, 145, '65', '200', '300', 1, NULL, '2016-06-28 00:52:03', '2016-06-28 19:57:57'),
(146, 25, 146, '65', '200', '300', 1, NULL, '2016-06-28 00:52:03', '2016-06-28 19:57:57'),
(147, 25, 147, '65', '200', '300', 1, NULL, '2016-06-28 00:52:03', '2016-06-28 19:57:57'),
(148, 26, 148, '65', '200', '300', 1, NULL, '2016-06-28 00:52:03', '2016-06-28 19:57:57'),
(149, 27, 149, '65', '200', '300', 1, NULL, '2016-06-28 00:52:03', '2016-06-28 19:57:57'),
(150, 27, 150, '65', '200', '300', 1, NULL, '2016-06-28 00:52:03', '2016-06-28 19:57:57'),
(151, 27, 151, '65', '200', '300', 1, NULL, '2016-06-28 00:52:03', '2016-06-28 19:57:57'),
(152, 27, 152, '65', '200', '300', 1, NULL, '2016-06-28 00:52:03', '2016-06-28 19:57:57'),
(153, 27, 153, '65', '200', '300', 1, NULL, '2016-06-28 00:52:03', '2016-06-28 19:57:57'),
(154, 27, 154, '65', '200', '300', 1, NULL, '2016-06-28 00:52:03', '2016-06-28 19:57:57'),
(155, 27, 155, '65', '200', '300', 1, NULL, '2016-06-28 00:52:03', '2016-06-28 19:57:57'),
(156, 27, 156, '65', '200', '300', 1, NULL, '2016-06-28 00:52:03', '2016-06-28 19:57:57'),
(157, 27, 157, '65', '200', '300', 1, NULL, '2016-06-28 00:52:03', '2016-06-28 19:57:57'),
(158, 27, 158, '65', '200', '300', 1, NULL, '2016-06-28 00:52:03', '2016-06-28 19:57:57'),
(159, 27, 159, '65', '200', '300', 1, NULL, '2016-06-28 00:52:03', '2016-06-28 19:57:57'),
(160, 27, 160, '65', '200', '300', 1, NULL, '2016-06-28 00:52:03', '2016-06-28 19:57:57'),
(161, 27, 161, '65', '200', '300', 1, NULL, '2016-06-28 00:52:03', '2016-06-28 19:57:57'),
(162, 27, 162, '65', '200', '300', 1, NULL, '2016-06-28 00:52:03', '2016-06-28 19:57:57'),
(163, 27, 163, '65', '200', '300', 1, NULL, '2016-06-28 00:52:03', '2016-06-28 19:57:57'),
(164, 27, 164, '65', '200', '300', 1, NULL, '2016-06-28 00:52:03', '2016-06-28 19:57:57'),
(165, 27, 165, '65', '200', '300', 1, NULL, '2016-06-28 00:52:03', '2016-06-28 19:57:57'),
(166, 27, 166, '65', '200', '300', 1, NULL, '2016-06-28 00:52:03', '2016-06-28 19:57:57'),
(167, 27, 167, '65', '200', '300', 1, NULL, '2016-06-28 00:52:03', '2016-06-28 19:57:57'),
(168, 27, 168, '65', '200', '300', 1, NULL, '2016-06-28 00:52:03', '2016-06-28 19:57:57'),
(169, 28, 169, '65', '200', '300', 1, NULL, '2016-06-28 00:52:03', '2016-06-28 19:57:57'),
(170, 28, 170, '65', '200', '300', 1, NULL, '2016-06-28 00:52:03', '2016-06-28 19:57:57'),
(171, 28, 171, '65', '200', '300', 1, NULL, '2016-06-28 00:52:03', '2016-06-28 19:57:57'),
(172, 28, 172, '65', '200', '300', 1, NULL, '2016-06-28 00:52:03', '2016-06-28 19:57:57'),
(173, 28, 173, '65', '200', '300', 1, NULL, '2016-06-28 00:52:03', '2016-06-28 19:57:57'),
(174, 28, 174, '65', '200', '300', 1, NULL, '2016-06-28 00:52:03', '2016-06-28 19:57:57'),
(175, 29, 175, '65', '200', '300', 1, NULL, '2016-06-28 00:52:03', '2016-06-28 19:57:57'),
(176, 29, 176, '65', '200', '300', 1, NULL, '2016-06-28 00:52:03', '2016-06-28 19:57:57'),
(177, 30, 177, '65', '200', '300', 1, NULL, '2016-06-28 00:52:03', '2016-06-28 19:57:57'),
(178, 31, 178, '65', '200', '300', 1, NULL, '2016-06-28 00:52:03', '2016-06-28 19:57:57'),
(179, 31, 179, '65', '200', '300', 1, NULL, '2016-06-28 00:52:03', '2016-06-28 19:57:57'),
(180, 31, 180, '65', '200', '300', 1, NULL, '2016-06-28 00:52:03', '2016-06-28 19:57:57'),
(181, 31, 181, '65', '200', '300', 1, NULL, '2016-06-28 00:52:03', '2016-06-28 19:57:57'),
(182, 31, 182, '65', '200', '300', 1, NULL, '2016-06-28 00:52:03', '2016-06-28 19:57:57'),
(183, 31, 183, '65', '200', '300', 1, NULL, '2016-06-28 00:52:03', '2016-06-28 19:57:57'),
(184, 31, 184, '65', '200', '300', 1, NULL, '2016-06-28 00:52:03', '2016-06-28 19:57:57'),
(185, 31, 185, '65', '200', '300', 1, NULL, '2016-06-28 00:52:03', '2016-06-28 19:57:57'),
(186, 31, 186, '65', '200', '300', 1, NULL, '2016-06-28 00:52:03', '2016-06-28 19:57:57'),
(187, 32, 187, '65', '200', '300', 1, NULL, '2016-06-28 00:52:03', '2016-06-28 19:57:57'),
(188, 32, 188, '65', '200', '300', 1, NULL, '2016-06-28 00:52:03', '2016-06-28 19:57:57'),
(189, 32, 189, '65', '200', '300', 1, NULL, '2016-06-28 00:52:03', '2016-06-28 19:57:57'),
(190, 32, 190, '65', '200', '300', 1, NULL, '2016-06-28 00:52:03', '2016-06-28 19:57:57'),
(191, 32, 191, '65', '200', '300', 1, NULL, '2016-06-28 00:52:03', '2016-06-28 19:57:57'),
(192, 32, 192, '65', '200', '300', 1, NULL, '2016-06-28 00:52:03', '2016-06-28 19:57:57'),
(193, 32, 193, '65', '200', '300', 1, NULL, '2016-06-28 00:52:03', '2016-06-28 19:57:57'),
(194, 32, 194, '65', '200', '300', 1, NULL, '2016-06-28 00:52:03', '2016-06-28 19:57:57'),
(195, 32, 195, '65', '200', '300', 1, NULL, '2016-06-28 00:52:03', '2016-06-28 19:57:57'),
(196, 32, 196, '65', '200', '300', 1, NULL, '2016-06-28 00:52:03', '2016-06-28 19:57:57'),
(197, 32, 197, '65', '200', '300', 1, NULL, '2016-06-28 00:52:03', '2016-06-28 19:57:57'),
(198, 32, 198, '65', '200', '300', 1, NULL, '2016-06-28 00:52:03', '2016-06-28 19:57:57'),
(199, 32, 199, '65', '200', '300', 1, NULL, '2016-06-28 00:52:03', '2016-06-28 19:57:57'),
(200, 32, 200, '65', '200', '300', 1, NULL, '2016-06-28 00:52:03', '2016-06-28 19:57:57'),
(201, 32, 201, '65', '200', '300', 1, NULL, '2016-06-28 00:52:03', '2016-06-28 19:57:57'),
(202, 32, 202, '65', '200', '300', 1, NULL, '2016-06-28 00:52:03', '2016-06-28 19:57:57'),
(203, 32, 203, '65', '200', '300', 1, NULL, '2016-06-28 00:52:03', '2016-06-28 19:57:57'),
(204, 32, 204, '65', '200', '300', 1, NULL, '2016-06-28 00:52:03', '2016-06-28 19:57:57'),
(205, 32, 205, '65', '200', '300', 1, NULL, '2016-06-28 00:52:03', '2016-06-28 19:57:57'),
(206, 32, 206, '65', '200', '300', 1, NULL, '2016-06-28 00:52:03', '2016-06-28 19:57:57'),
(207, 32, 207, '65', '200', '300', 1, NULL, '2016-06-28 00:52:03', '2016-06-28 19:57:57'),
(208, 32, 208, '65', '200', '300', 1, NULL, '2016-06-28 00:52:03', '2016-06-28 19:57:57'),
(209, 32, 209, '65', '200', '300', 1, NULL, '2016-06-28 00:52:03', '2016-06-28 19:57:57'),
(210, 32, 210, '65', '200', '300', 1, NULL, '2016-06-28 00:52:03', '2016-06-28 19:57:57'),
(211, 32, 211, '65', '200', '300', 1, NULL, '2016-06-28 00:52:03', '2016-06-28 19:57:57'),
(212, 32, 212, '65', '200', '300', 1, NULL, '2016-06-28 00:52:03', '2016-06-28 19:57:57'),
(213, 32, 213, '65', '200', '300', 1, NULL, '2016-06-28 00:52:03', '2016-06-28 19:57:57'),
(214, 32, 214, '65', '200', '300', 1, NULL, '2016-06-28 00:52:03', '2016-06-28 19:57:57'),
(215, 32, 215, '65', '200', '300', 1, NULL, '2016-06-28 00:52:03', '2016-06-28 19:57:57'),
(216, 32, 216, '65', '200', '300', 1, NULL, '2016-06-28 00:52:03', '2016-06-28 19:57:57'),
(217, 32, 217, '65', '200', '300', 1, NULL, '2016-06-28 00:52:03', '2016-06-28 19:57:57'),
(218, 32, 218, '65', '200', '300', 1, NULL, '2016-06-28 00:52:03', '2016-06-28 19:57:57'),
(219, 33, 219, '65', '200', '300', 1, NULL, '2016-06-28 00:52:03', '2016-06-28 19:57:57'),
(220, 34, 220, '65', '200', '300', 1, NULL, '2016-06-28 00:52:03', '2016-06-28 19:57:57'),
(221, 34, 221, '65', '200', '300', 1, NULL, '2016-06-28 00:52:03', '2016-06-28 19:57:57'),
(222, 34, 222, '65', '200', '300', 1, NULL, '2016-06-28 00:52:03', '2016-06-28 19:57:57'),
(223, 34, 223, '65', '200', '300', 1, NULL, '2016-06-28 00:52:03', '2016-06-28 19:57:57'),
(224, 34, 224, '65', '200', '300', 1, NULL, '2016-06-28 00:52:03', '2016-06-28 19:57:57'),
(225, 34, 225, '65', '200', '300', 1, NULL, '2016-06-28 00:52:03', '2016-06-28 19:57:57'),
(226, 34, 226, '65', '200', '300', 1, NULL, '2016-06-28 00:52:03', '2016-06-28 19:57:57'),
(227, 34, 227, '65', '200', '300', 1, NULL, '2016-06-28 00:52:03', '2016-06-28 19:57:57'),
(228, 34, 228, '65', '200', '300', 1, NULL, '2016-06-28 00:52:03', '2016-06-28 19:57:57'),
(229, 34, 229, '65', '200', '300', 1, NULL, '2016-06-28 00:52:03', '2016-06-28 19:57:57'),
(230, 34, 230, '65', '200', '300', 1, NULL, '2016-06-28 00:52:03', '2016-06-28 19:57:57'),
(231, 35, 231, '65', '200', '300', 1, NULL, '2016-06-28 00:52:03', '2016-06-28 19:57:57'),
(232, 35, 232, '65', '200', '300', 1, NULL, '2016-06-28 00:52:03', '2016-06-28 19:57:57'),
(233, 36, 233, '65', '200', '300', 1, NULL, '2016-06-28 00:52:03', '2016-06-28 19:57:57'),
(234, 36, 234, '65', '200', '300', 1, NULL, '2016-06-28 00:52:03', '2016-06-28 19:57:57'),
(235, 36, 235, '65', '200', '300', 1, NULL, '2016-06-28 00:52:03', '2016-06-28 19:57:57'),
(236, 37, 236, '65', '200', '300', 1, NULL, '2016-06-28 00:52:03', '2016-06-28 19:57:57'),
(237, 37, 237, '65', '200', '300', 1, NULL, '2016-06-28 00:52:03', '2016-06-28 19:57:57'),
(238, 37, 238, '65', '200', '300', 1, NULL, '2016-06-28 00:52:03', '2016-06-28 19:57:57'),
(239, 37, 239, '65', '200', '300', 1, NULL, '2016-06-28 00:52:03', '2016-06-28 19:57:57'),
(240, 37, 240, '65', '200', '300', 1, NULL, '2016-06-28 00:52:03', '2016-06-28 19:57:57'),
(241, 37, 241, '65', '200', '300', 1, NULL, '2016-06-28 00:52:03', '2016-06-28 19:57:57'),
(242, 38, 242, '65', '200', '300', 1, NULL, '2016-06-28 00:52:03', '2016-06-28 19:57:57'),
(243, 38, 243, '65', '200', '300', 1, NULL, '2016-06-28 00:52:03', '2016-06-28 19:57:57'),
(244, 38, 244, '65', '200', '300', 1, NULL, '2016-06-28 00:52:03', '2016-06-28 19:57:57'),
(245, 38, 245, '65', '200', '300', 1, NULL, '2016-06-28 00:52:03', '2016-06-28 19:57:57'),
(246, 39, 246, '65', '200', '300', 1, NULL, '2016-06-28 00:52:03', '2016-06-28 19:57:57'),
(247, 39, 247, '65', '200', '300', 1, NULL, '2016-06-28 00:52:03', '2016-06-28 19:57:57'),
(248, 39, 248, '65', '200', '300', 1, NULL, '2016-06-28 00:52:03', '2016-06-28 19:57:57'),
(249, 39, 249, '65', '200', '300', 1, NULL, '2016-06-28 00:52:03', '2016-06-28 19:57:57'),
(250, 39, 250, '65', '200', '300', 1, NULL, '2016-06-28 00:52:03', '2016-06-28 19:57:57'),
(251, 39, 251, '65', '200', '300', 1, NULL, '2016-06-28 00:52:03', '2016-06-28 19:57:57'),
(252, 39, 252, '65', '200', '300', 1, NULL, '2016-06-28 00:52:03', '2016-06-28 19:57:57'),
(253, 39, 253, '65', '200', '300', 1, NULL, '2016-06-28 00:52:03', '2016-06-28 19:57:57'),
(254, 40, 254, '65', '200', '300', 1, NULL, '2016-06-28 00:52:03', '2016-06-28 19:57:57'),
(255, 40, 255, '65', '200', '300', 1, NULL, '2016-06-28 00:52:03', '2016-06-28 19:57:57'),
(256, 40, 256, '65', '200', '300', 1, NULL, '2016-06-28 00:52:03', '2016-06-28 19:57:57'),
(257, 40, 257, '65', '200', '300', 1, NULL, '2016-06-28 00:52:03', '2016-06-28 19:57:57'),
(258, 40, 258, '65', '200', '300', 1, NULL, '2016-06-28 00:52:03', '2016-06-28 19:57:57'),
(259, 40, 259, '65', '200', '300', 1, NULL, '2016-06-28 00:52:03', '2016-06-28 19:57:57'),
(260, 40, 260, '65', '200', '300', 1, NULL, '2016-06-28 00:52:03', '2016-06-28 19:57:57'),
(261, 41, 261, '65', '200', '300', 1, NULL, '2016-06-28 00:52:03', '2016-06-28 19:57:57'),
(262, 41, 262, '65', '200', '300', 1, NULL, '2016-06-28 00:52:03', '2016-06-28 19:57:57'),
(263, 41, 263, '65', '200', '300', 1, NULL, '2016-06-28 00:52:03', '2016-06-28 19:57:57'),
(264, 41, 264, '65', '200', '300', 1, NULL, '2016-06-28 00:52:03', '2016-06-28 19:57:57'),
(265, 42, 265, '65', '200', '300', 1, NULL, '2016-06-28 00:52:03', '2016-06-28 19:57:57'),
(266, 42, 266, '65', '200', '300', 1, NULL, '2016-06-28 00:52:03', '2016-06-28 19:57:57'),
(267, 43, 267, '65', '200', '300', 1, NULL, '2016-06-28 00:52:03', '2016-06-28 19:57:57'),
(268, 44, 268, '65', '200', '300', 1, NULL, '2016-06-28 00:52:03', '2016-06-28 19:57:57'),
(269, 44, 269, '65', '200', '300', 1, NULL, '2016-06-28 00:52:03', '2016-06-28 19:57:57'),
(270, 44, 270, '65', '200', '300', 1, NULL, '2016-06-28 00:52:03', '2016-06-28 19:57:57'),
(271, 44, 271, '65', '200', '300', 1, NULL, '2016-06-28 00:52:03', '2016-06-28 19:57:57'),
(272, 44, 272, '65', '200', '300', 1, NULL, '2016-06-28 00:52:03', '2016-06-28 19:57:57'),
(273, 44, 273, '65', '200', '300', 1, NULL, '2016-06-28 00:52:03', '2016-06-28 19:57:57'),
(274, 44, 274, '65', '200', '300', 1, NULL, '2016-06-28 00:52:03', '2016-06-28 19:57:57'),
(275, 44, 275, '65', '200', '300', 1, NULL, '2016-06-28 00:52:03', '2016-06-28 19:57:57'),
(276, 44, 276, '65', '200', '300', 1, NULL, '2016-06-28 00:52:03', '2016-06-28 19:57:57'),
(277, 45, 277, '65', '200', '300', 1, NULL, '2016-06-28 00:52:03', '2016-06-28 19:57:57'),
(278, 46, 278, '65', '200', '300', 1, NULL, '2016-06-28 00:52:03', '2016-06-28 19:57:57'),
(279, 46, 279, '65', '200', '300', 1, NULL, '2016-06-28 00:52:03', '2016-06-28 19:57:57'),
(280, 46, 280, '65', '200', '300', 1, NULL, '2016-06-28 00:52:03', '2016-06-28 19:57:57'),
(281, 47, 281, '65', '200', '300', 1, NULL, '2016-06-28 00:52:03', '2016-06-28 19:57:57'),
(282, 47, 282, '65', '200', '300', 1, NULL, '2016-06-28 00:52:03', '2016-06-28 19:57:57'),
(283, 47, 283, '65', '200', '300', 1, NULL, '2016-06-28 00:52:03', '2016-06-28 19:57:57'),
(284, 47, 284, '65', '200', '300', 1, NULL, '2016-06-28 00:52:03', '2016-06-28 19:57:57'),
(285, 47, 285, '65', '200', '300', 1, NULL, '2016-06-28 00:52:03', '2016-06-28 19:57:57'),
(286, 47, 286, '65', '200', '300', 1, NULL, '2016-06-28 00:52:03', '2016-06-28 19:57:57'),
(287, 47, 287, '65', '200', '300', 1, NULL, '2016-06-28 00:52:03', '2016-06-28 19:57:57'),
(288, 47, 288, '65', '200', '300', 1, NULL, '2016-06-28 00:52:03', '2016-06-28 19:57:57'),
(289, 47, 289, '65', '200', '300', 1, NULL, '2016-06-28 00:52:03', '2016-06-28 19:57:57'),
(290, 47, 290, '65', '200', '300', 1, NULL, '2016-06-28 00:52:03', '2016-06-28 19:57:57'),
(291, 47, 291, '65', '200', '300', 1, NULL, '2016-06-28 00:52:03', '2016-06-28 19:57:57'),
(292, 48, 292, '65', '200', '300', 1, NULL, '2016-06-28 00:52:03', '2016-06-28 19:57:57'),
(293, 48, 293, '65', '200', '300', 1, NULL, '2016-06-28 00:52:03', '2016-06-28 19:57:57'),
(294, 48, 294, '65', '200', '300', 1, NULL, '2016-06-28 00:52:03', '2016-06-28 19:57:57'),
(295, 48, 295, '65', '200', '300', 1, NULL, '2016-06-28 00:52:03', '2016-06-28 19:57:57'),
(296, 48, 296, '65', '200', '300', 1, NULL, '2016-06-28 00:52:03', '2016-06-28 19:57:57'),
(297, 48, 297, '65', '200', '300', 1, NULL, '2016-06-28 00:52:03', '2016-06-28 19:57:57'),
(298, 48, 298, '65', '200', '300', 1, NULL, '2016-06-28 00:52:03', '2016-06-28 19:57:57'),
(299, 49, 299, '65', '200', '300', 1, NULL, '2016-06-28 00:52:03', '2016-06-28 19:57:57'),
(300, 49, 300, '65', '200', '300', 1, NULL, '2016-06-28 00:52:03', '2016-06-28 19:57:57'),
(301, 49, 301, '65', '200', '300', 1, NULL, '2016-06-28 00:52:03', '2016-06-28 19:57:57'),
(302, 49, 302, '65', '200', '300', 1, NULL, '2016-06-28 00:52:03', '2016-06-28 19:57:57'),
(303, 49, 303, '65', '200', '300', 1, NULL, '2016-06-28 00:52:03', '2016-06-28 19:57:57'),
(304, 49, 304, '65', '200', '300', 1, NULL, '2016-06-28 00:52:03', '2016-06-28 19:57:57'),
(305, 49, 305, '65', '200', '300', 1, NULL, '2016-06-28 00:52:03', '2016-06-28 19:57:57'),
(306, 49, 306, '65', '200', '300', 1, NULL, '2016-06-28 00:52:03', '2016-06-28 19:57:57'),
(307, 49, 307, '65', '200', '300', 1, NULL, '2016-06-28 00:52:03', '2016-06-28 19:57:57'),
(308, 49, 308, '65', '200', '300', 1, NULL, '2016-06-28 00:52:03', '2016-06-28 19:57:57'),
(309, 50, 309, '65', '200', '300', 1, NULL, '2016-06-28 00:52:03', '2016-06-28 19:57:57'),
(310, 50, 310, '65', '200', '300', 1, NULL, '2016-06-28 00:52:03', '2016-06-28 19:57:57'),
(311, 50, 311, '65', '200', '300', 1, NULL, '2016-06-28 00:52:03', '2016-06-28 19:57:57'),
(312, 50, 312, '65', '200', '300', 1, NULL, '2016-06-28 00:52:03', '2016-06-28 19:57:57'),
(313, 50, 313, '65', '200', '300', 1, NULL, '2016-06-28 00:52:03', '2016-06-28 19:57:57'),
(314, 50, 314, '65', '200', '300', 1, NULL, '2016-06-28 00:52:03', '2016-06-28 19:57:57'),
(315, 50, 315, '65', '200', '300', 1, NULL, '2016-06-28 00:52:03', '2016-06-28 19:57:57'),
(316, 50, 316, '65', '200', '300', 1, NULL, '2016-06-28 00:52:03', '2016-06-28 19:57:57'),
(317, 50, 317, '65', '200', '300', 1, NULL, '2016-06-28 00:52:03', '2016-06-28 19:57:57'),
(318, 50, 318, '65', '200', '300', 1, NULL, '2016-06-28 00:52:03', '2016-06-28 19:57:57'),
(319, 50, 319, '65', '200', '300', 1, NULL, '2016-06-28 00:52:03', '2016-06-28 19:57:57'),
(320, 50, 320, '65', '200', '300', 1, NULL, '2016-06-28 00:52:03', '2016-06-28 19:57:57'),
(321, 50, 321, '65', '200', '300', 1, NULL, '2016-06-28 00:52:03', '2016-06-28 19:57:57'),
(322, 50, 322, '65', '200', '300', 1, NULL, '2016-06-28 00:52:03', '2016-06-28 19:57:57'),
(323, 50, 323, '65', '200', '300', 1, NULL, '2016-06-28 00:52:03', '2016-06-28 19:57:57'),
(324, 50, 324, '65', '200', '300', 1, NULL, '2016-06-28 00:52:03', '2016-06-28 19:57:57'),
(325, 50, 325, '65', '200', '300', 1, NULL, '2016-06-28 00:52:03', '2016-06-28 19:57:57'),
(326, 50, 326, '65', '200', '300', 1, NULL, '2016-06-28 00:52:03', '2016-06-28 19:57:57'),
(327, 50, 327, '65', '200', '300', 1, NULL, '2016-06-28 00:52:03', '2016-06-28 19:57:57'),
(328, 50, 328, '65', '200', '300', 1, NULL, '2016-06-28 00:52:03', '2016-06-28 19:57:57'),
(329, 50, 329, '65', '200', '300', 1, NULL, '2016-06-28 00:52:03', '2016-06-28 19:57:57'),
(330, 50, 330, '65', '200', '300', 1, NULL, '2016-06-28 00:52:03', '2016-06-28 19:57:57'),
(331, 50, 331, '65', '200', '300', 1, NULL, '2016-06-28 00:52:03', '2016-06-28 19:57:57'),
(332, 50, 332, '65', '200', '300', 1, NULL, '2016-06-28 00:52:03', '2016-06-28 19:57:57'),
(333, 50, 333, '65', '200', '300', 1, NULL, '2016-06-28 00:52:03', '2016-06-28 19:57:57'),
(334, 50, 334, '65', '200', '300', 1, NULL, '2016-06-28 00:52:03', '2016-06-28 19:57:57'),
(335, 50, 335, '65', '200', '300', 1, NULL, '2016-06-28 00:52:03', '2016-06-28 19:57:57'),
(336, 50, 336, '65', '200', '300', 1, NULL, '2016-06-28 00:52:03', '2016-06-28 19:57:57'),
(337, 50, 337, '65', '200', '300', 1, NULL, '2016-06-28 00:52:03', '2016-06-28 19:57:57'),
(338, 50, 338, '65', '200', '300', 1, NULL, '2016-06-28 00:52:03', '2016-06-28 19:57:57'),
(339, 50, 339, '65', '200', '300', 1, NULL, '2016-06-28 00:52:03', '2016-06-28 19:57:57'),
(340, 50, 340, '65', '200', '300', 1, NULL, '2016-06-28 00:52:03', '2016-06-28 19:57:57'),
(341, 50, 341, '65', '200', '300', 1, NULL, '2016-06-28 00:52:03', '2016-06-28 19:57:57'),
(342, 50, 342, '65', '200', '300', 1, NULL, '2016-06-28 00:52:03', '2016-06-28 19:57:57'),
(343, 50, 343, '65', '200', '300', 1, NULL, '2016-06-28 00:52:03', '2016-06-28 19:57:57'),
(344, 50, 344, '65', '200', '300', 1, NULL, '2016-06-28 00:52:03', '2016-06-28 19:57:57'),
(345, 50, 345, '65', '200', '300', 1, NULL, '2016-06-28 00:52:03', '2016-06-28 19:57:57'),
(346, 50, 346, '65', '200', '300', 1, NULL, '2016-06-28 00:52:03', '2016-06-28 19:57:57'),
(347, 50, 347, '65', '200', '300', 1, NULL, '2016-06-28 00:52:03', '2016-06-28 19:57:57'),
(348, 50, 348, '65', '200', '300', 1, NULL, '2016-06-28 00:52:03', '2016-06-28 19:57:57'),
(349, 50, 349, '65', '200', '300', 1, NULL, '2016-06-28 00:52:03', '2016-06-28 19:57:57'),
(350, 50, 350, '65', '200', '300', 1, NULL, '2016-06-28 00:52:03', '2016-06-28 19:57:57'),
(351, 50, 351, '65', '200', '300', 1, NULL, '2016-06-28 00:52:03', '2016-06-28 19:57:57'),
(352, 50, 352, '65', '200', '300', 1, NULL, '2016-06-28 00:52:03', '2016-06-28 19:57:57'),
(353, 50, 353, '65', '200', '300', 1, NULL, '2016-06-28 00:52:03', '2016-06-28 19:57:57'),
(354, 50, 354, '65', '200', '300', 1, NULL, '2016-06-28 00:52:03', '2016-06-28 19:57:57'),
(355, 50, 355, '65', '200', '300', 1, NULL, '2016-06-28 00:52:03', '2016-06-28 19:57:57'),
(356, 50, 356, '65', '200', '300', 1, NULL, '2016-06-28 00:52:03', '2016-06-28 19:57:57'),
(357, 50, 357, '65', '200', '300', 1, NULL, '2016-06-28 00:52:03', '2016-06-28 19:57:57'),
(358, 50, 358, '65', '200', '300', 1, NULL, '2016-06-28 00:52:03', '2016-06-28 19:57:57'),
(359, 50, 359, '65', '200', '300', 1, NULL, '2016-06-28 00:52:03', '2016-06-28 19:57:57'),
(360, 51, 360, '65', '200', '300', 1, NULL, '2016-06-28 00:52:03', '2016-06-28 19:57:57'),
(361, 51, 361, '65', '200', '300', 1, NULL, '2016-06-28 00:52:03', '2016-06-28 19:57:57'),
(362, 51, 362, '65', '200', '300', 1, NULL, '2016-06-28 00:52:03', '2016-06-28 19:57:57'),
(363, 51, 363, '65', '200', '300', 1, NULL, '2016-06-28 00:52:03', '2016-06-28 19:57:57'),
(364, 51, 364, '65', '200', '300', 1, NULL, '2016-06-28 00:52:03', '2016-06-28 19:57:57'),
(365, 51, 365, '65', '200', '300', 1, NULL, '2016-06-28 00:52:03', '2016-06-28 19:57:57'),
(366, 51, 366, '65', '200', '300', 1, NULL, '2016-06-28 00:52:03', '2016-06-28 19:57:57'),
(367, 51, 367, '65', '200', '300', 1, NULL, '2016-06-28 00:52:03', '2016-06-28 19:57:57'),
(368, 51, 368, '65', '200', '300', 1, NULL, '2016-06-28 00:52:03', '2016-06-28 19:57:57'),
(369, 51, 369, '65', '200', '300', 1, NULL, '2016-06-28 00:52:03', '2016-06-28 19:57:57'),
(370, 51, 370, '65', '200', '300', 1, NULL, '2016-06-28 00:52:03', '2016-06-28 19:57:57'),
(371, 52, 371, '65', '200', '300', 1, NULL, '2016-06-28 00:52:03', '2016-06-28 19:57:57'),
(372, 52, 372, '65', '200', '300', 1, NULL, '2016-06-28 00:52:03', '2016-06-28 19:57:57'),
(373, 52, 373, '65', '200', '300', 1, NULL, '2016-06-28 00:52:03', '2016-06-28 19:57:57'),
(374, 52, 374, '65', '200', '300', 1, NULL, '2016-06-28 00:52:03', '2016-06-28 19:57:57'),
(375, 52, 375, '65', '200', '300', 1, NULL, '2016-06-28 00:52:03', '2016-06-28 19:57:57'),
(376, 52, 376, '65', '200', '300', 1, NULL, '2016-06-28 00:52:03', '2016-06-28 19:57:57'),
(377, 52, 377, '65', '200', '300', 1, NULL, '2016-06-28 00:52:03', '2016-06-28 19:57:57'),
(378, 52, 378, '65', '200', '300', 1, NULL, '2016-06-28 00:52:03', '2016-06-28 19:57:57'),
(379, 52, 379, '65', '200', '300', 1, NULL, '2016-06-28 00:52:03', '2016-06-28 19:57:57'),
(380, 52, 380, '65', '200', '300', 1, NULL, '2016-06-28 00:52:03', '2016-06-28 19:57:57'),
(381, 52, 381, '65', '200', '300', 1, NULL, '2016-06-28 00:52:03', '2016-06-28 19:57:57'),
(382, 52, 382, '65', '200', '300', 1, NULL, '2016-06-28 00:52:03', '2016-06-28 19:57:57'),
(383, 52, 383, '65', '200', '300', 1, NULL, '2016-06-28 00:52:03', '2016-06-28 19:57:57'),
(384, 52, 384, '65', '200', '300', 1, NULL, '2016-06-28 00:52:03', '2016-06-28 19:57:57'),
(385, 52, 385, '65', '200', '300', 1, NULL, '2016-06-28 00:52:03', '2016-06-28 19:57:57'),
(386, 52, 386, '65', '200', '300', 1, NULL, '2016-06-28 00:52:03', '2016-06-28 19:57:57'),
(387, 52, 387, '65', '200', '300', 1, NULL, '2016-06-28 00:52:03', '2016-06-28 19:57:57'),
(388, 52, 388, '65', '200', '300', 1, NULL, '2016-06-28 00:52:03', '2016-06-28 19:57:57'),
(389, 52, 389, '65', '200', '300', 1, NULL, '2016-06-28 00:52:03', '2016-06-28 19:57:57'),
(390, 52, 390, '65', '200', '300', 1, NULL, '2016-06-28 00:52:03', '2016-06-28 19:57:57'),
(391, 52, 391, '65', '200', '300', 1, NULL, '2016-06-28 00:52:03', '2016-06-28 19:57:57'),
(392, 52, 392, '65', '200', '300', 1, NULL, '2016-06-28 00:52:03', '2016-06-28 19:57:57'),
(393, 52, 393, '65', '200', '300', 1, NULL, '2016-06-28 00:52:03', '2016-06-28 19:57:57'),
(394, 52, 394, '65', '200', '300', 1, NULL, '2016-06-28 00:52:03', '2016-06-28 19:57:57'),
(395, 52, 395, '65', '200', '300', 1, NULL, '2016-06-28 00:52:03', '2016-06-28 19:57:57'),
(396, 52, 396, '65', '200', '300', 1, NULL, '2016-06-28 00:52:03', '2016-06-28 19:57:57'),
(397, 52, 397, '65', '200', '300', 1, NULL, '2016-06-28 00:52:03', '2016-06-28 19:57:57'),
(398, 52, 398, '65', '200', '300', 1, NULL, '2016-06-28 00:52:03', '2016-06-28 19:57:57'),
(399, 53, 399, '65', '200', '300', 1, NULL, '2016-06-28 00:52:03', '2016-06-28 19:57:57'),
(400, 54, 400, '65', '200', '300', 1, NULL, '2016-06-28 00:52:03', '2016-06-28 19:57:57'),
(401, 54, 401, '65', '200', '300', 1, NULL, '2016-06-28 00:52:03', '2016-06-28 19:57:57'),
(402, 54, 402, '65', '200', '300', 1, NULL, '2016-06-28 00:52:03', '2016-06-28 19:57:57'),
(403, 55, 403, '65', '200', '300', 1, NULL, '2016-06-28 00:52:03', '2016-06-28 19:57:57'),
(404, 55, 404, '65', '200', '300', 1, NULL, '2016-06-28 00:52:03', '2016-06-28 19:57:57'),
(405, 55, 405, '65', '200', '300', 1, NULL, '2016-06-28 00:52:03', '2016-06-28 19:57:57'),
(406, 55, 406, '65', '200', '300', 1, NULL, '2016-06-28 00:52:03', '2016-06-28 19:57:57'),
(407, 55, 407, '65', '200', '300', 1, NULL, '2016-06-28 00:52:03', '2016-06-28 19:57:57'),
(408, 55, 408, '65', '200', '300', 1, NULL, '2016-06-28 00:52:03', '2016-06-28 19:57:57'),
(409, 55, 409, '65', '200', '300', 1, NULL, '2016-06-28 00:52:03', '2016-06-28 19:57:57'),
(410, 55, 410, '65', '200', '300', 1, NULL, '2016-06-28 00:52:03', '2016-06-28 19:57:57'),
(411, 55, 411, '65', '200', '300', 1, NULL, '2016-06-28 00:52:03', '2016-06-28 19:57:57'),
(412, 55, 412, '65', '200', '300', 1, NULL, '2016-06-28 00:52:03', '2016-06-28 19:57:57'),
(413, 55, 413, '65', '200', '300', 1, NULL, '2016-06-28 00:52:03', '2016-06-28 19:57:57'),
(414, 55, 414, '65', '200', '300', 1, NULL, '2016-06-28 00:52:03', '2016-06-28 19:57:57'),
(415, 55, 415, '65', '200', '300', 1, NULL, '2016-06-28 00:52:03', '2016-06-28 19:57:57'),
(416, 55, 416, '65', '200', '300', 1, NULL, '2016-06-28 00:52:03', '2016-06-28 19:57:57'),
(417, 55, 417, '65', '200', '300', 1, NULL, '2016-06-28 00:52:03', '2016-06-28 19:57:57'),
(418, 55, 418, '65', '200', '300', 1, NULL, '2016-06-28 00:52:03', '2016-06-28 19:57:57'),
(419, 55, 419, '65', '200', '300', 1, NULL, '2016-06-28 00:52:03', '2016-06-28 19:57:57'),
(420, 55, 420, '65', '200', '300', 1, NULL, '2016-06-28 00:52:03', '2016-06-28 19:57:57'),
(421, 55, 421, '65', '200', '300', 1, NULL, '2016-06-28 00:52:03', '2016-06-28 19:57:57'),
(422, 55, 422, '65', '200', '300', 1, NULL, '2016-06-28 00:52:03', '2016-06-28 19:57:57'),
(423, 55, 423, '65', '200', '300', 1, NULL, '2016-06-28 00:52:03', '2016-06-28 19:57:57'),
(424, 55, 424, '65', '200', '300', 1, NULL, '2016-06-28 00:52:03', '2016-06-28 19:57:57'),
(425, 56, 425, '65', '200', '300', 1, NULL, '2016-06-28 00:52:03', '2016-06-28 19:57:57'),
(426, 56, 426, '65', '200', '300', 1, NULL, '2016-06-28 00:52:03', '2016-06-28 19:57:57'),
(427, 56, 427, '65', '200', '300', 1, NULL, '2016-06-28 00:52:03', '2016-06-28 19:57:57'),
(428, 56, 428, '65', '200', '300', 1, NULL, '2016-06-28 00:52:03', '2016-06-28 19:57:57'),
(429, 57, 429, '65', '200', '300', 1, NULL, '2016-06-28 00:52:03', '2016-06-28 19:57:57'),
(430, 58, 430, '65', '200', '300', 1, NULL, '2016-06-28 00:52:03', '2016-06-28 19:57:57'),
(431, 58, 431, '65', '200', '300', 1, NULL, '2016-06-28 00:52:03', '2016-06-28 19:57:57'),
(432, 58, 432, '65', '200', '300', 1, NULL, '2016-06-28 00:52:03', '2016-06-28 19:57:57'),
(433, 58, 433, '65', '200', '300', 1, NULL, '2016-06-28 00:52:03', '2016-06-28 19:57:57'),
(434, 58, 434, '65', '200', '300', 1, NULL, '2016-06-28 00:52:03', '2016-06-28 19:57:57'),
(435, 58, 435, '65', '200', '300', 1, NULL, '2016-06-28 00:52:03', '2016-06-28 19:57:57'),
(436, 58, 436, '65', '200', '300', 1, NULL, '2016-06-28 00:52:03', '2016-06-28 19:57:57'),
(437, 58, 437, '65', '200', '300', 1, NULL, '2016-06-28 00:52:03', '2016-06-28 19:57:57'),
(438, 58, 438, '65', '200', '300', 1, NULL, '2016-06-28 00:52:03', '2016-06-28 19:57:57'),
(439, 58, 439, '65', '200', '300', 1, NULL, '2016-06-28 00:52:03', '2016-06-28 19:57:57'),
(440, 58, 440, '65', '200', '300', 1, NULL, '2016-06-28 00:52:03', '2016-06-28 19:57:57'),
(441, 59, 441, '65', '200', '300', 1, NULL, '2016-06-28 00:52:03', '2016-06-28 19:57:57'),
(442, 59, 442, '65', '200', '300', 1, NULL, '2016-06-28 00:52:03', '2016-06-28 19:57:57'),
(443, 59, 443, '65', '200', '300', 1, NULL, '2016-06-28 00:52:03', '2016-06-28 19:57:57'),
(444, 59, 444, '65', '200', '300', 1, NULL, '2016-06-28 00:52:03', '2016-06-28 19:57:57'),
(445, 59, 445, '65', '200', '300', 1, NULL, '2016-06-28 00:52:03', '2016-06-28 19:57:57'),
(446, 59, 446, '65', '200', '300', 1, NULL, '2016-06-28 00:52:03', '2016-06-28 19:57:57'),
(447, 59, 447, '65', '200', '300', 1, NULL, '2016-06-28 00:52:03', '2016-06-28 19:57:57'),
(448, 59, 448, '65', '200', '300', 1, NULL, '2016-06-28 00:52:03', '2016-06-28 19:57:57'),
(449, 59, 449, '65', '200', '300', 1, NULL, '2016-06-28 00:52:03', '2016-06-28 19:57:57'),
(450, 59, 450, '65', '200', '300', 1, NULL, '2016-06-28 00:52:03', '2016-06-28 19:57:57'),
(451, 59, 451, '65', '200', '300', 1, NULL, '2016-06-28 00:52:03', '2016-06-28 19:57:57'),
(452, 59, 452, '65', '200', '300', 1, NULL, '2016-06-28 00:52:03', '2016-06-28 19:57:57'),
(453, 59, 453, '65', '200', '300', 1, NULL, '2016-06-28 00:52:03', '2016-06-28 19:57:57'),
(454, 59, 454, '65', '200', '300', 1, NULL, '2016-06-28 00:52:03', '2016-06-28 19:57:57'),
(455, 59, 455, '65', '200', '300', 1, NULL, '2016-06-28 00:52:03', '2016-06-28 19:57:57'),
(456, 60, 456, '65', '200', '300', 1, NULL, '2016-06-28 00:52:03', '2016-06-28 19:57:57'),
(457, 60, 457, '65', '200', '300', 1, NULL, '2016-06-28 00:52:03', '2016-06-28 19:57:57'),
(458, 60, 458, '65', '200', '300', 1, NULL, '2016-06-28 00:52:03', '2016-06-28 19:57:57'),
(459, 60, 459, '65', '200', '300', 1, NULL, '2016-06-28 00:52:03', '2016-06-28 19:57:57'),
(460, 60, 460, '65', '200', '300', 1, NULL, '2016-06-28 00:52:03', '2016-06-28 19:57:57'),
(461, 61, 461, '65', '200', '300', 1, NULL, '2016-06-28 00:52:03', '2016-06-28 19:57:57'),
(462, 61, 462, '65', '200', '300', 1, NULL, '2016-06-28 00:52:03', '2016-06-28 19:57:57'),
(463, 61, 463, '65', '200', '300', 1, NULL, '2016-06-28 00:52:03', '2016-06-28 19:57:57'),
(464, 61, 464, '65', '200', '300', 1, NULL, '2016-06-28 00:52:03', '2016-06-28 19:57:57'),
(465, 61, 465, '65', '200', '300', 1, NULL, '2016-06-28 00:52:03', '2016-06-28 19:57:57'),
(466, 61, 466, '65', '200', '300', 1, NULL, '2016-06-28 00:52:03', '2016-06-28 19:57:57'),
(467, 61, 467, '65', '200', '300', 1, NULL, '2016-06-28 00:52:03', '2016-06-28 19:57:57'),
(468, 61, 468, '65', '200', '300', 1, NULL, '2016-06-28 00:52:03', '2016-06-28 19:57:57'),
(469, 62, 469, '65', '200', '300', 1, NULL, '2016-06-28 00:52:03', '2016-06-28 19:57:57'),
(470, 62, 470, '65', '200', '300', 1, NULL, '2016-06-28 00:52:03', '2016-06-28 19:57:57'),
(471, 62, 471, '65', '200', '300', 1, NULL, '2016-06-28 00:52:03', '2016-06-28 19:57:57'),
(472, 62, 472, '65', '200', '300', 1, NULL, '2016-06-28 00:52:03', '2016-06-28 19:57:57'),
(473, 62, 473, '65', '200', '300', 1, NULL, '2016-06-28 00:52:03', '2016-06-28 19:57:57'),
(474, 63, 474, '65', '200', '300', 1, NULL, '2016-06-28 00:52:03', '2016-06-28 19:57:57'),
(475, 63, 475, '65', '200', '300', 1, NULL, '2016-06-28 00:52:03', '2016-06-28 19:57:57'),
(476, 64, 476, '65', '200', '300', 1, NULL, '2016-06-28 00:52:03', '2016-06-28 19:57:57'),
(477, 65, 477, '65', '200', '300', 1, NULL, '2016-06-28 00:52:03', '2016-06-28 19:57:57'),
(478, 65, 478, '65', '200', '300', 1, NULL, '2016-06-28 00:52:03', '2016-06-28 19:57:57'),
(479, 65, 479, '65', '200', '300', 1, NULL, '2016-06-28 00:52:03', '2016-06-28 19:57:57'),
(480, 65, 480, '65', '200', '300', 1, NULL, '2016-06-28 00:52:03', '2016-06-28 19:57:57'),
(481, 65, 481, '65', '200', '300', 1, NULL, '2016-06-28 00:52:03', '2016-06-28 19:57:57'),
(482, 65, 482, '65', '200', '300', 1, NULL, '2016-06-28 00:52:03', '2016-06-28 19:57:57'),
(483, 66, 483, '65', '200', '300', 1, NULL, '2016-06-28 00:52:03', '2016-06-28 19:57:57'),
(484, 66, 484, '65', '200', '300', 1, NULL, '2016-06-28 00:52:03', '2016-06-28 19:57:57'),
(485, 66, 485, '65', '200', '300', 1, NULL, '2016-06-28 00:52:03', '2016-06-28 19:57:57'),
(486, 66, 486, '65', '200', '300', 1, NULL, '2016-06-28 00:52:03', '2016-06-28 19:57:57'),
(487, 66, 487, '65', '200', '300', 1, NULL, '2016-06-28 00:52:03', '2016-06-28 19:57:57'),
(488, 66, 488, '65', '200', '300', 1, NULL, '2016-06-28 00:52:03', '2016-06-28 19:57:57'),
(489, 66, 489, '65', '200', '300', 1, NULL, '2016-06-28 00:52:03', '2016-06-28 19:57:57'),
(490, 66, 490, '65', '200', '300', 1, NULL, '2016-06-28 00:52:03', '2016-06-28 19:57:57'),
(491, 66, 491, '65', '200', '300', 1, NULL, '2016-06-28 00:52:03', '2016-06-28 19:57:57'),
(492, 66, 492, '65', '200', '300', 1, NULL, '2016-06-28 00:52:03', '2016-06-28 19:57:57'),
(493, 66, 493, '65', '200', '300', 1, NULL, '2016-06-28 00:52:03', '2016-06-28 19:57:57'),
(494, 66, 494, '65', '200', '300', 1, NULL, '2016-06-28 00:52:03', '2016-06-28 19:57:57'),
(495, 66, 495, '65', '200', '300', 1, NULL, '2016-06-28 00:52:03', '2016-06-28 19:57:57'),
(496, 66, 496, '65', '200', '300', 1, NULL, '2016-06-28 00:52:03', '2016-06-28 19:57:57'),
(497, 66, 497, '65', '200', '300', 1, NULL, '2016-06-28 00:52:03', '2016-06-28 19:57:57'),
(498, 66, 498, '65', '200', '300', 1, NULL, '2016-06-28 00:52:03', '2016-06-28 19:57:57'),
(499, 66, 499, '65', '200', '300', 1, NULL, '2016-06-28 00:52:03', '2016-06-28 19:57:57'),
(500, 66, 500, '65', '200', '300', 1, NULL, '2016-06-28 00:52:03', '2016-06-28 19:57:57'),
(501, 67, 501, '65', '200', '300', 1, NULL, '2016-06-28 00:52:03', '2016-06-28 19:57:57'),
(502, 67, 502, '65', '200', '300', 1, NULL, '2016-06-28 00:52:03', '2016-06-28 19:57:57'),
(503, 67, 503, '65', '200', '300', 1, NULL, '2016-06-28 00:52:03', '2016-06-28 19:57:57'),
(504, 67, 504, '65', '200', '300', 1, NULL, '2016-06-28 00:52:03', '2016-06-28 19:57:57'),
(505, 67, 505, '65', '200', '300', 1, NULL, '2016-06-28 00:52:03', '2016-06-28 19:57:57'),
(506, 67, 506, '65', '200', '300', 1, NULL, '2016-06-28 00:52:03', '2016-06-28 19:57:57'),
(507, 67, 507, '65', '200', '300', 1, NULL, '2016-06-28 00:52:03', '2016-06-28 19:57:57'),
(508, 67, 508, '65', '200', '300', 1, NULL, '2016-06-28 00:52:03', '2016-06-28 19:57:57'),
(509, 67, 509, '65', '200', '300', 1, NULL, '2016-06-28 00:52:03', '2016-06-28 19:57:57'),
(510, 67, 510, '65', '200', '300', 1, NULL, '2016-06-28 00:52:03', '2016-06-28 19:57:57'),
(511, 67, 511, '65', '200', '300', 1, NULL, '2016-06-28 00:52:03', '2016-06-28 19:57:57'),
(512, 67, 512, '65', '200', '300', 1, NULL, '2016-06-28 00:52:03', '2016-06-28 19:57:57'),
(513, 67, 513, '65', '200', '300', 1, NULL, '2016-06-28 00:52:03', '2016-06-28 19:57:57'),
(514, 68, 514, '65', '200', '300', 1, NULL, '2016-06-28 00:52:03', '2016-06-28 19:57:57'),
(515, 68, 515, '65', '200', '300', 1, NULL, '2016-06-28 00:52:03', '2016-06-28 19:57:57'),
(516, 68, 516, '65', '200', '300', 1, NULL, '2016-06-28 00:52:03', '2016-06-28 19:57:57'),
(517, 68, 517, '65', '200', '300', 1, NULL, '2016-06-28 00:52:03', '2016-06-28 19:57:57'),
(518, 68, 518, '65', '200', '300', 1, NULL, '2016-06-28 00:52:03', '2016-06-28 19:57:57'),
(519, 68, 519, '65', '200', '300', 1, NULL, '2016-06-28 00:52:03', '2016-06-28 19:57:57'),
(520, 68, 520, '65', '200', '300', 1, NULL, '2016-06-28 00:52:03', '2016-06-28 19:57:57'),
(521, 68, 521, '65', '200', '300', 1, NULL, '2016-06-28 00:52:03', '2016-06-28 19:57:57'),
(522, 68, 522, '65', '200', '300', 1, NULL, '2016-06-28 00:52:03', '2016-06-28 19:57:57'),
(523, 69, 523, '65', '200', '300', 1, NULL, '2016-06-28 00:52:03', '2016-06-28 19:57:57'),
(524, 69, 524, '65', '200', '300', 1, NULL, '2016-06-28 00:52:03', '2016-06-28 19:57:57'),
(525, 69, 525, '65', '200', '300', 1, NULL, '2016-06-28 00:52:03', '2016-06-28 19:57:57'),
(526, 69, 526, '65', '200', '300', 1, NULL, '2016-06-28 00:52:03', '2016-06-28 19:57:57'),
(527, 70, 527, '65', '200', '300', 1, NULL, '2016-06-28 00:52:03', '2016-06-28 19:57:57'),
(528, 70, 528, '65', '200', '300', 1, NULL, '2016-06-28 00:52:03', '2016-06-28 19:57:57'),
(529, 70, 529, '65', '200', '300', 1, NULL, '2016-06-28 00:52:03', '2016-06-28 19:57:57'),
(530, 70, 530, '65', '200', '300', 1, NULL, '2016-06-28 00:52:03', '2016-06-28 19:57:57'),
(531, 70, 531, '65', '200', '300', 1, NULL, '2016-06-28 00:52:03', '2016-06-28 19:57:57'),
(532, 70, 532, '65', '200', '300', 1, NULL, '2016-06-28 00:52:03', '2016-06-28 19:57:57'),
(533, 70, 533, '65', '200', '300', 1, NULL, '2016-06-28 00:52:03', '2016-06-28 19:57:57'),
(534, 71, 534, '65', '200', '300', 1, NULL, '2016-06-28 00:52:03', '2016-06-28 19:57:57'),
(535, 71, 535, '65', '200', '300', 1, NULL, '2016-06-28 00:52:03', '2016-06-28 19:57:57'),
(536, 71, 536, '65', '200', '300', 1, NULL, '2016-06-28 00:52:03', '2016-06-28 19:57:57'),
(537, 71, 537, '65', '200', '300', 1, NULL, '2016-06-28 00:52:03', '2016-06-28 19:57:57'),
(538, 71, 538, '65', '200', '300', 1, NULL, '2016-06-28 00:52:03', '2016-06-28 19:57:57'),
(539, 71, 539, '65', '200', '300', 1, NULL, '2016-06-28 00:52:03', '2016-06-28 19:57:57'),
(540, 71, 540, '65', '200', '300', 1, NULL, '2016-06-28 00:52:03', '2016-06-28 19:57:57'),
(541, 71, 541, '65', '200', '300', 1, NULL, '2016-06-28 00:52:03', '2016-06-28 19:57:57'),
(542, 71, 542, '65', '200', '300', 1, NULL, '2016-06-28 00:52:03', '2016-06-28 19:57:57'),
(543, 71, 543, '65', '200', '300', 1, NULL, '2016-06-28 00:52:03', '2016-06-28 19:57:57'),
(544, 71, 544, '65', '200', '300', 1, NULL, '2016-06-28 00:52:03', '2016-06-28 19:57:57'),
(545, 71, 545, '65', '200', '300', 1, NULL, '2016-06-28 00:52:03', '2016-06-28 19:57:57'),
(546, 71, 546, '65', '200', '300', 1, NULL, '2016-06-28 00:52:03', '2016-06-28 19:57:57'),
(547, 71, 547, '65', '200', '300', 1, NULL, '2016-06-28 00:52:03', '2016-06-28 19:57:57'),
(548, 71, 548, '65', '200', '300', 1, NULL, '2016-06-28 00:52:03', '2016-06-28 19:57:57'),
(549, 71, 549, '65', '200', '300', 1, NULL, '2016-06-28 00:52:03', '2016-06-28 19:57:57'),
(550, 71, 550, '65', '200', '300', 1, NULL, '2016-06-28 00:52:03', '2016-06-28 19:57:57'),
(551, 71, 551, '65', '200', '300', 1, NULL, '2016-06-28 00:52:03', '2016-06-28 19:57:57'),
(552, 72, 552, '65', '200', '300', 1, NULL, '2016-06-28 00:52:03', '2016-06-28 19:57:57'),
(553, 72, 553, '65', '200', '300', 1, NULL, '2016-06-28 00:52:03', '2016-06-28 19:57:57'),
(554, 72, 554, '65', '200', '300', 1, NULL, '2016-06-28 00:52:03', '2016-06-28 19:57:57'),
(555, 72, 555, '65', '200', '300', 1, NULL, '2016-06-28 00:52:03', '2016-06-28 19:57:57'),
(556, 72, 556, '65', '200', '300', 1, NULL, '2016-06-28 00:52:03', '2016-06-28 19:57:57'),
(557, 72, 557, '65', '200', '300', 1, NULL, '2016-06-28 00:52:03', '2016-06-28 19:57:57'),
(558, 72, 558, '65', '200', '300', 1, NULL, '2016-06-28 00:52:03', '2016-06-28 19:57:57'),
(559, 72, 559, '65', '200', '300', 1, NULL, '2016-06-28 00:52:03', '2016-06-28 19:57:57'),
(560, 72, 560, '65', '200', '300', 1, NULL, '2016-06-28 00:52:03', '2016-06-28 19:57:57'),
(561, 73, 561, '65', '200', '300', 1, NULL, '2016-06-28 00:52:03', '2016-06-28 19:57:57'),
(562, 73, 562, '65', '200', '300', 1, NULL, '2016-06-28 00:52:03', '2016-06-28 19:57:57'),
(563, 73, 563, '65', '200', '300', 1, NULL, '2016-06-28 00:52:03', '2016-06-28 19:57:57');
INSERT INTO `tbl_transportation_cost` (`id`, `country_id`, `port_id`, `per_cubic_meter_price`, `insurance_price`, `inspection_price`, `created_by`, `modified_by`, `created`, `modified`) VALUES
(564, 0, 564, '65', '200', '300', 1, NULL, '2016-06-28 00:52:03', '2016-06-28 19:57:57'),
(565, 74, 565, '65', '200', '300', 1, NULL, '2016-06-28 00:52:03', '2016-06-28 19:57:57'),
(566, 74, 566, '65', '200', '300', 1, NULL, '2016-06-28 00:52:03', '2016-06-28 19:57:57'),
(567, 74, 567, '65', '200', '300', 1, NULL, '2016-06-28 00:52:03', '2016-06-28 19:57:57'),
(568, 74, 568, '65', '200', '300', 1, NULL, '2016-06-28 00:52:03', '2016-06-28 19:57:57'),
(569, 75, 569, '65', '200', '300', 1, NULL, '2016-06-28 00:52:03', '2016-06-28 19:57:57'),
(570, 75, 570, '65', '200', '300', 1, NULL, '2016-06-28 00:52:03', '2016-06-28 19:57:57'),
(571, 75, 571, '65', '200', '300', 1, NULL, '2016-06-28 00:52:03', '2016-06-28 19:57:57'),
(572, 76, 572, '65', '200', '300', 1, NULL, '2016-06-28 00:52:03', '2016-06-28 19:57:57'),
(573, 76, 573, '65', '200', '300', 1, NULL, '2016-06-28 00:52:03', '2016-06-28 19:57:57'),
(574, 76, 574, '65', '200', '300', 1, NULL, '2016-06-28 00:52:03', '2016-06-28 19:57:57'),
(575, 76, 575, '65', '200', '300', 1, NULL, '2016-06-28 00:52:03', '2016-06-28 19:57:57'),
(576, 76, 576, '65', '200', '300', 1, NULL, '2016-06-28 00:52:03', '2016-06-28 19:57:57'),
(577, 76, 577, '65', '200', '300', 1, NULL, '2016-06-28 00:52:03', '2016-06-28 19:57:57'),
(578, 77, 578, '65', '200', '300', 1, NULL, '2016-06-28 00:52:03', '2016-06-28 19:57:57'),
(579, 77, 579, '65', '200', '300', 1, NULL, '2016-06-28 00:52:03', '2016-06-28 19:57:57'),
(580, 77, 580, '65', '200', '300', 1, NULL, '2016-06-28 00:52:03', '2016-06-28 19:57:57'),
(581, 77, 581, '65', '200', '300', 1, NULL, '2016-06-28 00:52:03', '2016-06-28 19:57:57'),
(582, 77, 582, '65', '200', '300', 1, NULL, '2016-06-28 00:52:03', '2016-06-28 19:57:57'),
(583, 77, 583, '65', '200', '300', 1, NULL, '2016-06-28 00:52:03', '2016-06-28 19:57:57'),
(584, 77, 584, '65', '200', '300', 1, NULL, '2016-06-28 00:52:03', '2016-06-28 19:57:57'),
(585, 77, 585, '65', '200', '300', 1, NULL, '2016-06-28 00:52:03', '2016-06-28 19:57:57'),
(586, 77, 586, '65', '200', '300', 1, NULL, '2016-06-28 00:52:03', '2016-06-28 19:57:57'),
(587, 77, 587, '65', '200', '300', 1, NULL, '2016-06-28 00:52:03', '2016-06-28 19:57:57'),
(588, 77, 588, '65', '200', '300', 1, NULL, '2016-06-28 00:52:03', '2016-06-28 19:57:57'),
(589, 77, 589, '65', '200', '300', 1, NULL, '2016-06-28 00:52:03', '2016-06-28 19:57:57'),
(590, 77, 590, '65', '200', '300', 1, NULL, '2016-06-28 00:52:03', '2016-06-28 19:57:57'),
(591, 78, 591, '65', '200', '300', 1, NULL, '2016-06-28 00:52:03', '2016-06-28 19:57:57'),
(592, 78, 592, '65', '200', '300', 1, NULL, '2016-06-28 00:52:03', '2016-06-28 19:57:57'),
(593, 78, 593, '65', '200', '300', 1, NULL, '2016-06-28 00:52:03', '2016-06-28 19:57:57'),
(594, 79, 594, '65', '200', '300', 1, NULL, '2016-06-28 00:52:03', '2016-06-28 19:57:57'),
(595, 79, 595, '65', '200', '300', 1, NULL, '2016-06-28 00:52:03', '2016-06-28 19:57:57'),
(596, 80, 596, '65', '200', '300', 1, NULL, '2016-06-28 00:52:03', '2016-06-28 19:57:57'),
(597, 80, 597, '65', '200', '300', 1, NULL, '2016-06-28 00:52:03', '2016-06-28 19:57:57'),
(598, 80, 598, '65', '200', '300', 1, NULL, '2016-06-28 00:52:03', '2016-06-28 19:57:57'),
(599, 81, 599, '65', '200', '300', 1, NULL, '2016-06-28 00:52:03', '2016-06-28 19:57:57'),
(600, 81, 600, '65', '200', '300', 1, NULL, '2016-06-28 00:52:03', '2016-06-28 19:57:57'),
(601, 81, 601, '65', '200', '300', 1, NULL, '2016-06-28 00:52:03', '2016-06-28 19:57:57'),
(602, 81, 602, '65', '200', '300', 1, NULL, '2016-06-28 00:52:03', '2016-06-28 19:57:57'),
(603, 81, 603, '65', '200', '300', 1, NULL, '2016-06-28 00:52:03', '2016-06-28 19:57:57'),
(604, 82, 604, '65', '200', '300', 1, NULL, '2016-06-28 00:52:03', '2016-06-28 19:57:57'),
(605, 82, 605, '65', '200', '300', 1, NULL, '2016-06-28 00:52:03', '2016-06-28 19:57:57'),
(606, 82, 606, '65', '200', '300', 1, NULL, '2016-06-28 00:52:03', '2016-06-28 19:57:57'),
(607, 82, 607, '65', '200', '300', 1, NULL, '2016-06-28 00:52:03', '2016-06-28 19:57:57'),
(608, 82, 608, '65', '200', '300', 1, NULL, '2016-06-28 00:52:03', '2016-06-28 19:57:57'),
(609, 82, 609, '65', '200', '300', 1, NULL, '2016-06-28 00:52:03', '2016-06-28 19:57:57'),
(610, 83, 610, '65', '200', '300', 1, NULL, '2016-06-28 00:52:03', '2016-06-28 19:57:57'),
(611, 84, 611, '65', '200', '300', 1, NULL, '2016-06-28 00:52:03', '2016-06-28 19:57:57'),
(612, 85, 612, '65', '200', '300', 1, NULL, '2016-06-28 00:52:03', '2016-06-28 19:57:57'),
(613, 85, 613, '65', '200', '300', 1, NULL, '2016-06-28 00:52:03', '2016-06-28 19:57:57'),
(614, 85, 614, '65', '200', '300', 1, NULL, '2016-06-28 00:52:03', '2016-06-28 19:57:57'),
(615, 85, 615, '65', '200', '300', 1, NULL, '2016-06-28 00:52:03', '2016-06-28 19:57:57'),
(616, 85, 616, '65', '200', '300', 1, NULL, '2016-06-28 00:52:03', '2016-06-28 19:57:57'),
(617, 86, 617, '65', '200', '300', 1, NULL, '2016-06-28 00:52:03', '2016-06-28 19:57:57'),
(618, 86, 618, '65', '200', '300', 1, NULL, '2016-06-28 00:52:03', '2016-06-28 19:57:57'),
(619, 86, 619, '65', '200', '300', 1, NULL, '2016-06-28 00:52:03', '2016-06-28 19:57:57'),
(620, 86, 620, '65', '200', '300', 1, NULL, '2016-06-28 00:52:03', '2016-06-28 19:57:57'),
(621, 86, 621, '65', '200', '300', 1, NULL, '2016-06-28 00:52:03', '2016-06-28 19:57:57'),
(622, 86, 622, '65', '200', '300', 1, NULL, '2016-06-28 00:52:03', '2016-06-28 19:57:57'),
(623, 86, 623, '65', '200', '300', 1, NULL, '2016-06-28 00:52:03', '2016-06-28 19:57:57'),
(624, 86, 624, '65', '200', '300', 1, NULL, '2016-06-28 00:52:03', '2016-06-28 19:57:57'),
(625, 86, 625, '65', '200', '300', 1, NULL, '2016-06-28 00:52:03', '2016-06-28 19:57:57'),
(626, 86, 626, '65', '200', '300', 1, NULL, '2016-06-28 00:52:03', '2016-06-28 19:57:57'),
(627, 86, 627, '65', '200', '300', 1, NULL, '2016-06-28 00:52:03', '2016-06-28 19:57:57'),
(628, 86, 628, '65', '200', '300', 1, NULL, '2016-06-28 00:52:03', '2016-06-28 19:57:57'),
(629, 86, 629, '65', '200', '300', 1, NULL, '2016-06-28 00:52:03', '2016-06-28 19:57:57'),
(630, 87, 630, '65', '200', '300', 1, NULL, '2016-06-28 00:52:03', '2016-06-28 19:57:57'),
(631, 88, 631, '65', '200', '300', 1, NULL, '2016-06-28 00:52:03', '2016-06-28 19:57:57'),
(632, 88, 632, '65', '200', '300', 1, NULL, '2016-06-28 00:52:03', '2016-06-28 19:57:57'),
(633, 89, 633, '65', '200', '300', 1, NULL, '2016-06-28 00:52:03', '2016-06-28 19:57:57'),
(634, 89, 634, '65', '200', '300', 1, NULL, '2016-06-28 00:52:03', '2016-06-28 19:57:57'),
(635, 89, 635, '65', '200', '300', 1, NULL, '2016-06-28 00:52:03', '2016-06-28 19:57:57'),
(636, 89, 636, '65', '200', '300', 1, NULL, '2016-06-28 00:52:03', '2016-06-28 19:57:57'),
(637, 89, 637, '65', '200', '300', 1, NULL, '2016-06-28 00:52:03', '2016-06-28 19:57:57'),
(638, 89, 638, '65', '200', '300', 1, NULL, '2016-06-28 00:52:03', '2016-06-28 19:57:57'),
(639, 89, 639, '65', '200', '300', 1, NULL, '2016-06-28 00:52:03', '2016-06-28 19:57:57'),
(640, 89, 640, '65', '200', '300', 1, NULL, '2016-06-28 00:52:03', '2016-06-28 19:57:57'),
(641, 89, 641, '65', '200', '300', 1, NULL, '2016-06-28 00:52:03', '2016-06-28 19:57:57'),
(642, 89, 642, '65', '200', '300', 1, NULL, '2016-06-28 00:52:03', '2016-06-28 19:57:57'),
(643, 89, 643, '65', '200', '300', 1, NULL, '2016-06-28 00:52:03', '2016-06-28 19:57:57'),
(644, 89, 644, '65', '200', '300', 1, NULL, '2016-06-28 00:52:03', '2016-06-28 19:57:57'),
(645, 89, 645, '65', '200', '300', 1, NULL, '2016-06-28 00:52:03', '2016-06-28 19:57:57'),
(646, 90, 646, '65', '200', '300', 1, NULL, '2016-06-28 00:52:03', '2016-06-28 19:57:57'),
(647, 90, 647, '65', '200', '300', 1, NULL, '2016-06-28 00:52:03', '2016-06-28 19:57:57'),
(648, 91, 648, '65', '200', '300', 1, NULL, '2016-06-28 00:52:03', '2016-06-28 19:57:57'),
(649, 91, 649, '65', '200', '300', 1, NULL, '2016-06-28 00:52:03', '2016-06-28 19:57:57'),
(650, 91, 650, '65', '200', '300', 1, NULL, '2016-06-28 00:52:03', '2016-06-28 19:57:57'),
(651, 91, 651, '65', '200', '300', 1, NULL, '2016-06-28 00:52:03', '2016-06-28 19:57:57'),
(652, 91, 652, '65', '200', '300', 1, NULL, '2016-06-28 00:52:03', '2016-06-28 19:57:57'),
(653, 91, 653, '65', '200', '300', 1, NULL, '2016-06-28 00:52:03', '2016-06-28 19:57:57'),
(654, 91, 654, '65', '200', '300', 1, NULL, '2016-06-28 00:52:03', '2016-06-28 19:57:57'),
(655, 91, 655, '65', '200', '300', 1, NULL, '2016-06-28 00:52:03', '2016-06-28 19:57:57'),
(656, 91, 656, '65', '200', '300', 1, NULL, '2016-06-28 00:52:03', '2016-06-28 19:57:57'),
(657, 91, 657, '65', '200', '300', 1, NULL, '2016-06-28 00:52:03', '2016-06-28 19:57:57'),
(658, 91, 658, '65', '200', '300', 1, NULL, '2016-06-28 00:52:03', '2016-06-28 19:57:57'),
(659, 92, 659, '65', '200', '300', 1, NULL, '2016-06-28 00:52:03', '2016-06-28 19:57:57'),
(660, 92, 660, '65', '200', '300', 1, NULL, '2016-06-28 00:52:03', '2016-06-28 19:57:57'),
(661, 92, 661, '65', '200', '300', 1, NULL, '2016-06-28 00:52:03', '2016-06-28 19:57:57'),
(662, 92, 662, '65', '200', '300', 1, NULL, '2016-06-28 00:52:03', '2016-06-28 19:57:57'),
(663, 92, 663, '65', '200', '300', 1, NULL, '2016-06-28 00:52:03', '2016-06-28 19:57:57'),
(664, 93, 664, '65', '200', '300', 1, NULL, '2016-06-28 00:52:03', '2016-06-28 19:57:57'),
(665, 93, 665, '65', '200', '300', 1, NULL, '2016-06-28 00:52:03', '2016-06-28 19:57:57'),
(666, 93, 666, '65', '200', '300', 1, NULL, '2016-06-28 00:52:03', '2016-06-28 19:57:57'),
(667, 93, 667, '65', '200', '300', 1, NULL, '2016-06-28 00:52:03', '2016-06-28 19:57:57'),
(668, 93, 668, '65', '200', '300', 1, NULL, '2016-06-28 00:52:03', '2016-06-28 19:57:57'),
(669, 94, 669, '65', '200', '300', 1, NULL, '2016-06-28 00:52:03', '2016-06-28 19:57:57'),
(670, 94, 670, '65', '200', '300', 1, NULL, '2016-06-28 00:52:03', '2016-06-28 19:57:57'),
(671, 95, 671, '65', '200', '300', 1, NULL, '2016-06-28 00:52:03', '2016-06-28 19:57:57'),
(672, 95, 672, '65', '200', '300', 1, NULL, '2016-06-28 00:52:03', '2016-06-28 19:57:57'),
(673, 95, 673, '65', '200', '300', 1, NULL, '2016-06-28 00:52:03', '2016-06-28 19:57:57'),
(674, 95, 674, '65', '200', '300', 1, NULL, '2016-06-28 00:52:03', '2016-06-28 19:57:57'),
(675, 95, 675, '65', '200', '300', 1, NULL, '2016-06-28 00:52:03', '2016-06-28 19:57:57'),
(676, 95, 676, '65', '200', '300', 1, NULL, '2016-06-28 00:52:03', '2016-06-28 19:57:57'),
(677, 96, 677, '65', '200', '300', 1, NULL, '2016-06-28 00:52:03', '2016-06-28 19:57:57'),
(678, 96, 678, '65', '200', '300', 1, NULL, '2016-06-28 00:52:03', '2016-06-28 19:57:57'),
(679, 96, 679, '65', '200', '300', 1, NULL, '2016-06-28 00:52:03', '2016-06-28 19:57:57'),
(680, 96, 680, '65', '200', '300', 1, NULL, '2016-06-28 00:52:03', '2016-06-28 19:57:57'),
(681, 96, 681, '65', '200', '300', 1, NULL, '2016-06-28 00:52:03', '2016-06-28 19:57:57'),
(682, 96, 682, '65', '200', '300', 1, NULL, '2016-06-28 00:52:03', '2016-06-28 19:57:57'),
(683, 96, 683, '65', '200', '300', 1, NULL, '2016-06-28 00:52:03', '2016-06-28 19:57:57'),
(684, 96, 684, '65', '200', '300', 1, NULL, '2016-06-28 00:52:03', '2016-06-28 19:57:57'),
(685, 96, 685, '65', '200', '300', 1, NULL, '2016-06-28 00:52:03', '2016-06-28 19:57:57'),
(686, 97, 686, '65', '200', '300', 1, NULL, '2016-06-28 00:52:03', '2016-06-28 19:57:57'),
(687, 97, 687, '65', '200', '300', 1, NULL, '2016-06-28 00:52:03', '2016-06-28 19:57:57'),
(688, 97, 688, '65', '200', '300', 1, NULL, '2016-06-28 00:52:03', '2016-06-28 19:57:57'),
(689, 97, 689, '65', '200', '300', 1, NULL, '2016-06-28 00:52:03', '2016-06-28 19:57:57'),
(690, 97, 690, '65', '200', '300', 1, NULL, '2016-06-28 00:52:03', '2016-06-28 19:57:57'),
(691, 98, 691, '65', '200', '300', 1, NULL, '2016-06-28 00:52:03', '2016-06-28 19:57:57'),
(692, 98, 692, '65', '200', '300', 1, NULL, '2016-06-28 00:52:03', '2016-06-28 19:57:57'),
(693, 98, 693, '65', '200', '300', 1, NULL, '2016-06-28 00:52:03', '2016-06-28 19:57:57'),
(694, 98, 694, '65', '200', '300', 1, NULL, '2016-06-28 00:52:03', '2016-06-28 19:57:57'),
(695, 98, 695, '65', '200', '300', 1, NULL, '2016-06-28 00:52:03', '2016-06-28 19:57:57'),
(696, 98, 696, '65', '200', '300', 1, NULL, '2016-06-28 00:52:03', '2016-06-28 19:57:57'),
(697, 98, 697, '65', '200', '300', 1, NULL, '2016-06-28 00:52:03', '2016-06-28 19:57:57'),
(698, 98, 698, '65', '200', '300', 1, NULL, '2016-06-28 00:52:03', '2016-06-28 19:57:57'),
(699, 98, 699, '65', '200', '300', 1, NULL, '2016-06-28 00:52:03', '2016-06-28 19:57:57'),
(700, 99, 700, '65', '200', '300', 1, NULL, '2016-06-28 00:52:03', '2016-06-28 19:57:57'),
(701, 99, 701, '65', '200', '300', 1, NULL, '2016-06-28 00:52:03', '2016-06-28 19:57:57'),
(702, 99, 702, '65', '200', '300', 1, NULL, '2016-06-28 00:52:03', '2016-06-28 19:57:57'),
(703, 99, 703, '65', '200', '300', 1, NULL, '2016-06-28 00:52:03', '2016-06-28 19:57:57'),
(704, 99, 704, '65', '200', '300', 1, NULL, '2016-06-28 00:52:03', '2016-06-28 19:57:57'),
(705, 99, 705, '65', '200', '300', 1, NULL, '2016-06-28 00:52:03', '2016-06-28 19:57:57'),
(706, 99, 706, '65', '200', '300', 1, NULL, '2016-06-28 00:52:03', '2016-06-28 19:57:57'),
(707, 99, 707, '65', '200', '300', 1, NULL, '2016-06-28 00:52:03', '2016-06-28 19:57:57'),
(708, 99, 708, '65', '200', '300', 1, NULL, '2016-06-28 00:52:03', '2016-06-28 19:57:57'),
(709, 100, 709, '65', '200', '300', 1, NULL, '2016-06-28 00:52:03', '2016-06-28 19:57:57'),
(710, 100, 710, '65', '200', '300', 1, NULL, '2016-06-28 00:52:03', '2016-06-28 19:57:57'),
(711, 100, 711, '65', '200', '300', 1, NULL, '2016-06-28 00:52:03', '2016-06-28 19:57:57'),
(712, 100, 712, '65', '200', '300', 1, NULL, '2016-06-28 00:52:03', '2016-06-28 19:57:57'),
(713, 100, 713, '65', '200', '300', 1, NULL, '2016-06-28 00:52:03', '2016-06-28 19:57:57'),
(714, 100, 714, '65', '200', '300', 1, NULL, '2016-06-28 00:52:03', '2016-06-28 19:57:57'),
(715, 101, 715, '65', '200', '300', 1, NULL, '2016-06-28 00:52:03', '2016-06-28 19:57:57'),
(716, 101, 716, '65', '200', '300', 1, NULL, '2016-06-28 00:52:03', '2016-06-28 19:57:57'),
(717, 101, 717, '65', '200', '300', 1, NULL, '2016-06-28 00:52:03', '2016-06-28 19:57:57'),
(718, 102, 718, '65', '200', '300', 1, NULL, '2016-06-28 00:52:03', '2016-06-28 19:57:57'),
(719, 102, 719, '65', '200', '300', 1, NULL, '2016-06-28 00:52:03', '2016-06-28 19:57:57'),
(720, 102, 720, '65', '200', '300', 1, NULL, '2016-06-28 00:52:03', '2016-06-28 19:57:57'),
(721, 102, 721, '65', '200', '300', 1, NULL, '2016-06-28 00:52:03', '2016-06-28 19:57:57'),
(722, 103, 722, '65', '200', '300', 1, NULL, '2016-06-28 00:52:03', '2016-06-28 19:57:57'),
(723, 103, 723, '65', '200', '300', 1, NULL, '2016-06-28 00:52:03', '2016-06-28 19:57:57'),
(724, 103, 724, '65', '200', '300', 1, NULL, '2016-06-28 00:52:03', '2016-06-28 19:57:57'),
(725, 103, 725, '65', '200', '300', 1, NULL, '2016-06-28 00:52:03', '2016-06-28 19:57:57'),
(726, 103, 726, '65', '200', '300', 1, NULL, '2016-06-28 00:52:03', '2016-06-28 19:57:57'),
(727, 103, 727, '65', '200', '300', 1, NULL, '2016-06-28 00:52:03', '2016-06-28 19:57:57'),
(728, 103, 728, '65', '200', '300', 1, NULL, '2016-06-28 00:52:03', '2016-06-28 19:57:57'),
(729, 103, 729, '65', '200', '300', 1, NULL, '2016-06-28 00:52:03', '2016-06-28 19:57:57'),
(730, 104, 730, '65', '200', '300', 1, NULL, '2016-06-28 00:52:03', '2016-06-28 19:57:57'),
(731, 104, 731, '65', '200', '300', 1, NULL, '2016-06-28 00:52:03', '2016-06-28 19:57:57'),
(732, 105, 732, '65', '200', '300', 1, NULL, '2016-06-28 00:52:03', '2016-06-28 19:57:57'),
(733, 105, 733, '65', '200', '300', 1, NULL, '2016-06-28 00:52:03', '2016-06-28 19:57:57'),
(734, 105, 734, '65', '200', '300', 1, NULL, '2016-06-28 00:52:03', '2016-06-28 19:57:57'),
(735, 105, 735, '65', '200', '300', 1, NULL, '2016-06-28 00:52:03', '2016-06-28 19:57:57'),
(736, 105, 736, '65', '200', '300', 1, NULL, '2016-06-28 00:52:03', '2016-06-28 19:57:57'),
(737, 105, 737, '65', '200', '300', 1, NULL, '2016-06-28 00:52:03', '2016-06-28 19:57:57'),
(738, 105, 738, '65', '200', '300', 1, NULL, '2016-06-28 00:52:03', '2016-06-28 19:57:57'),
(739, 105, 739, '65', '200', '300', 1, NULL, '2016-06-28 00:52:03', '2016-06-28 19:57:57'),
(740, 106, 740, '65', '200', '300', 1, NULL, '2016-06-28 00:52:03', '2016-06-28 19:57:57'),
(741, 106, 741, '65', '200', '300', 1, NULL, '2016-06-28 00:52:03', '2016-06-28 19:57:57'),
(742, 106, 742, '65', '200', '300', 1, NULL, '2016-06-28 00:52:03', '2016-06-28 19:57:57'),
(743, 106, 743, '65', '200', '300', 1, NULL, '2016-06-28 00:52:03', '2016-06-28 19:57:57'),
(744, 106, 744, '65', '200', '300', 1, NULL, '2016-06-28 00:52:03', '2016-06-28 19:57:57'),
(745, 106, 745, '65', '200', '300', 1, NULL, '2016-06-28 00:52:03', '2016-06-28 19:57:57'),
(746, 106, 746, '65', '200', '300', 1, NULL, '2016-06-28 00:52:03', '2016-06-28 19:57:57'),
(747, 106, 747, '65', '200', '300', 1, NULL, '2016-06-28 00:52:03', '2016-06-28 19:57:57'),
(748, 106, 748, '65', '200', '300', 1, NULL, '2016-06-28 00:52:03', '2016-06-28 19:57:57'),
(749, 107, 749, '65', '200', '300', 1, NULL, '2016-06-28 00:52:03', '2016-06-28 19:57:57'),
(750, 107, 750, '65', '200', '300', 1, NULL, '2016-06-28 00:52:03', '2016-06-28 19:57:57'),
(751, 107, 751, '65', '200', '300', 1, NULL, '2016-06-28 00:52:03', '2016-06-28 19:57:57'),
(752, 107, 752, '65', '200', '300', 1, NULL, '2016-06-28 00:52:03', '2016-06-28 19:57:57'),
(753, 107, 753, '65', '200', '300', 1, NULL, '2016-06-28 00:52:03', '2016-06-28 19:57:57'),
(754, 107, 754, '65', '200', '300', 1, NULL, '2016-06-28 00:52:03', '2016-06-28 19:57:57'),
(755, 108, 755, '65', '200', '300', 1, NULL, '2016-06-28 00:52:03', '2016-06-28 19:57:57'),
(756, 108, 756, '65', '200', '300', 1, NULL, '2016-06-28 00:52:03', '2016-06-28 19:57:57'),
(757, 108, 757, '65', '200', '300', 1, NULL, '2016-06-28 00:52:03', '2016-06-28 19:57:57'),
(758, 108, 758, '65', '200', '300', 1, NULL, '2016-06-28 00:52:03', '2016-06-28 19:57:57'),
(759, 108, 759, '65', '200', '300', 1, NULL, '2016-06-28 00:52:03', '2016-06-28 19:57:57'),
(760, 109, 760, '65', '200', '300', 1, NULL, '2016-06-28 00:52:03', '2016-06-28 19:57:57'),
(761, 109, 761, '65', '200', '300', 1, NULL, '2016-06-28 00:52:03', '2016-06-28 19:57:57'),
(762, 109, 762, '65', '200', '300', 1, NULL, '2016-06-28 00:52:03', '2016-06-28 19:57:57'),
(763, 109, 763, '65', '200', '300', 1, NULL, '2016-06-28 00:52:03', '2016-06-28 19:57:57'),
(764, 109, 764, '65', '200', '300', 1, NULL, '2016-06-28 00:52:03', '2016-06-28 19:57:57'),
(765, 109, 765, '65', '200', '300', 1, NULL, '2016-06-28 00:52:03', '2016-06-28 19:57:57'),
(766, 110, 766, '65', '200', '300', 1, NULL, '2016-06-28 00:52:03', '2016-06-28 19:57:57'),
(767, 110, 767, '65', '200', '300', 1, NULL, '2016-06-28 00:52:03', '2016-06-28 19:57:57'),
(768, 111, 768, '65', '200', '300', 1, NULL, '2016-06-28 00:52:03', '2016-06-28 19:57:57'),
(769, 111, 769, '65', '200', '300', 1, NULL, '2016-06-28 00:52:03', '2016-06-28 19:57:57'),
(770, 111, 770, '65', '200', '300', 1, NULL, '2016-06-28 00:52:03', '2016-06-28 19:57:57'),
(771, 111, 771, '65', '200', '300', 1, NULL, '2016-06-28 00:52:03', '2016-06-28 19:57:57'),
(772, 111, 772, '65', '200', '300', 1, NULL, '2016-06-28 00:52:03', '2016-06-28 19:57:57'),
(773, 111, 773, '65', '200', '300', 1, NULL, '2016-06-28 00:52:03', '2016-06-28 19:57:57'),
(774, 111, 774, '65', '200', '300', 1, NULL, '2016-06-28 00:52:03', '2016-06-28 19:57:57'),
(775, 111, 775, '65', '200', '300', 1, NULL, '2016-06-28 00:52:03', '2016-06-28 19:57:57'),
(776, 111, 776, '65', '200', '300', 1, NULL, '2016-06-28 00:52:03', '2016-06-28 19:57:57'),
(777, 111, 777, '65', '200', '300', 1, NULL, '2016-06-28 00:52:03', '2016-06-28 19:57:57'),
(778, 111, 778, '65', '200', '300', 1, NULL, '2016-06-28 00:52:03', '2016-06-28 19:57:57'),
(779, 111, 779, '65', '200', '300', 1, NULL, '2016-06-28 00:52:03', '2016-06-28 19:57:57'),
(780, 112, 780, '65', '200', '300', 1, NULL, '2016-06-28 00:52:03', '2016-06-28 19:57:57'),
(781, 112, 781, '65', '200', '300', 1, NULL, '2016-06-28 00:52:03', '2016-06-28 19:57:57'),
(782, 112, 782, '65', '200', '300', 1, NULL, '2016-06-28 00:52:03', '2016-06-28 19:57:57'),
(783, 112, 783, '65', '200', '300', 1, NULL, '2016-06-28 00:52:03', '2016-06-28 19:57:57'),
(784, 112, 784, '65', '200', '300', 1, NULL, '2016-06-28 00:52:03', '2016-06-28 19:57:57'),
(785, 112, 785, '65', '200', '300', 1, NULL, '2016-06-28 00:52:03', '2016-06-28 19:57:57'),
(786, 112, 786, '65', '200', '300', 1, NULL, '2016-06-28 00:52:03', '2016-06-28 19:57:57'),
(787, 112, 787, '65', '200', '300', 1, NULL, '2016-06-28 00:52:03', '2016-06-28 19:57:57'),
(788, 112, 788, '65', '200', '300', 1, NULL, '2016-06-28 00:52:03', '2016-06-28 19:57:57'),
(789, 113, 789, '65', '200', '300', 1, NULL, '2016-06-28 00:52:03', '2016-06-28 19:57:57'),
(790, 113, 790, '65', '200', '300', 1, NULL, '2016-06-28 00:52:03', '2016-06-28 19:57:57'),
(791, 113, 791, '65', '200', '300', 1, NULL, '2016-06-28 00:52:03', '2016-06-28 19:57:57'),
(792, 113, 792, '65', '200', '300', 1, NULL, '2016-06-28 00:52:03', '2016-06-28 19:57:57'),
(793, 113, 793, '65', '200', '300', 1, NULL, '2016-06-28 00:52:03', '2016-06-28 19:57:57'),
(794, 113, 794, '65', '200', '300', 1, NULL, '2016-06-28 00:52:03', '2016-06-28 19:57:57'),
(795, 113, 795, '65', '200', '300', 1, NULL, '2016-06-28 00:52:03', '2016-06-28 19:57:57'),
(796, 113, 796, '65', '200', '300', 1, NULL, '2016-06-28 00:52:03', '2016-06-28 19:57:57'),
(797, 113, 797, '65', '200', '300', 1, NULL, '2016-06-28 00:52:03', '2016-06-28 19:57:57'),
(798, 113, 798, '65', '200', '300', 1, NULL, '2016-06-28 00:52:03', '2016-06-28 19:57:57'),
(799, 113, 799, '65', '200', '300', 1, NULL, '2016-06-28 00:52:03', '2016-06-28 19:57:57'),
(800, 113, 800, '65', '200', '300', 1, NULL, '2016-06-28 00:52:03', '2016-06-28 19:57:57'),
(801, 114, 801, '65', '200', '300', 1, NULL, '2016-06-28 00:52:03', '2016-06-28 19:57:57'),
(802, 114, 802, '65', '200', '300', 1, NULL, '2016-06-28 00:52:03', '2016-06-28 19:57:57'),
(803, 114, 803, '65', '200', '300', 1, NULL, '2016-06-28 00:52:03', '2016-06-28 19:57:57'),
(804, 114, 804, '65', '200', '300', 1, NULL, '2016-06-28 00:52:03', '2016-06-28 19:57:57'),
(805, 115, 805, '65', '200', '300', 1, NULL, '2016-06-28 00:52:03', '2016-06-28 19:57:57'),
(806, 116, 806, '65', '200', '300', 1, NULL, '2016-06-28 00:52:03', '2016-06-28 19:57:57'),
(807, 116, 807, '65', '200', '300', 1, NULL, '2016-06-28 00:52:03', '2016-06-28 19:57:57'),
(808, 117, 808, '65', '200', '300', 1, NULL, '2016-06-28 00:52:03', '2016-06-28 19:57:57'),
(809, 117, 809, '65', '200', '300', 1, NULL, '2016-06-28 00:52:03', '2016-06-28 19:57:57'),
(810, 117, 810, '65', '200', '300', 1, NULL, '2016-06-28 00:52:03', '2016-06-28 19:57:57'),
(811, 117, 811, '65', '200', '300', 1, NULL, '2016-06-28 00:52:03', '2016-06-28 19:57:57'),
(812, 118, 812, '65', '200', '300', 1, NULL, '2016-06-28 00:52:03', '2016-06-28 19:57:57'),
(813, 118, 813, '65', '200', '300', 1, NULL, '2016-06-28 00:52:03', '2016-06-28 19:57:57'),
(814, 118, 814, '65', '200', '300', 1, NULL, '2016-06-28 00:52:03', '2016-06-28 19:57:57'),
(815, 118, 815, '65', '200', '300', 1, NULL, '2016-06-28 00:52:03', '2016-06-28 19:57:57'),
(816, 118, 816, '65', '200', '300', 1, NULL, '2016-06-28 00:52:03', '2016-06-28 19:57:57'),
(817, 118, 817, '65', '200', '300', 1, NULL, '2016-06-28 00:52:03', '2016-06-28 19:57:57'),
(818, 118, 818, '65', '200', '300', 1, NULL, '2016-06-28 00:52:03', '2016-06-28 19:57:57'),
(819, 118, 819, '65', '200', '300', 1, NULL, '2016-06-28 00:52:03', '2016-06-28 19:57:57'),
(820, 119, 820, '65', '200', '300', 1, NULL, '2016-06-28 00:52:03', '2016-06-28 19:57:57'),
(821, 119, 821, '65', '200', '300', 1, NULL, '2016-06-28 00:52:03', '2016-06-28 19:57:57'),
(822, 119, 822, '65', '200', '300', 1, NULL, '2016-06-28 00:52:03', '2016-06-28 19:57:57'),
(823, 119, 823, '65', '200', '300', 1, NULL, '2016-06-28 00:52:03', '2016-06-28 19:57:57'),
(824, 119, 824, '65', '200', '300', 1, NULL, '2016-06-28 00:52:03', '2016-06-28 19:57:57'),
(825, 119, 825, '65', '200', '300', 1, NULL, '2016-06-28 00:52:03', '2016-06-28 19:57:57'),
(826, 119, 826, '65', '200', '300', 1, NULL, '2016-06-28 00:52:03', '2016-06-28 19:57:57'),
(827, 119, 827, '65', '200', '300', 1, NULL, '2016-06-28 00:52:03', '2016-06-28 19:57:57'),
(828, 119, 828, '65', '200', '300', 1, NULL, '2016-06-28 00:52:03', '2016-06-28 19:57:57'),
(829, 119, 829, '65', '200', '300', 1, NULL, '2016-06-28 00:52:03', '2016-06-28 19:57:57'),
(830, 119, 830, '65', '200', '300', 1, NULL, '2016-06-28 00:52:03', '2016-06-28 19:57:57'),
(831, 119, 831, '65', '200', '300', 1, NULL, '2016-06-28 00:52:03', '2016-06-28 19:57:57'),
(832, 119, 832, '65', '200', '300', 1, NULL, '2016-06-28 00:52:03', '2016-06-28 19:57:57'),
(833, 119, 833, '65', '200', '300', 1, NULL, '2016-06-28 00:52:03', '2016-06-28 19:57:57'),
(834, 119, 834, '65', '200', '300', 1, NULL, '2016-06-28 00:52:03', '2016-06-28 19:57:57'),
(835, 119, 835, '65', '200', '300', 1, NULL, '2016-06-28 00:52:03', '2016-06-28 19:57:57'),
(836, 119, 836, '65', '200', '300', 1, NULL, '2016-06-28 00:52:03', '2016-06-28 19:57:57'),
(837, 119, 837, '65', '200', '300', 1, NULL, '2016-06-28 00:52:03', '2016-06-28 19:57:57'),
(838, 119, 838, '65', '200', '300', 1, NULL, '2016-06-28 00:52:03', '2016-06-28 19:57:57'),
(839, 119, 839, '65', '200', '300', 1, NULL, '2016-06-28 00:52:03', '2016-06-28 19:57:57'),
(840, 119, 840, '65', '200', '300', 1, NULL, '2016-06-28 00:52:03', '2016-06-28 19:57:57'),
(841, 120, 841, '65', '200', '300', 1, NULL, '2016-06-28 00:52:03', '2016-06-28 19:57:57'),
(842, 120, 842, '65', '200', '300', 1, NULL, '2016-06-28 00:52:03', '2016-06-28 19:57:57'),
(843, 120, 843, '65', '200', '300', 1, NULL, '2016-06-28 00:52:03', '2016-06-28 19:57:57'),
(844, 120, 844, '65', '200', '300', 1, NULL, '2016-06-28 00:52:03', '2016-06-28 19:57:57'),
(845, 121, 845, '65', '200', '300', 1, NULL, '2016-06-28 00:52:03', '2016-06-28 19:57:57'),
(846, 121, 846, '65', '200', '300', 1, NULL, '2016-06-28 00:52:03', '2016-06-28 19:57:57'),
(847, 121, 847, '65', '200', '300', 1, NULL, '2016-06-28 00:52:03', '2016-06-28 19:57:57'),
(848, 122, 848, '65', '200', '300', 1, NULL, '2016-06-28 00:52:03', '2016-06-28 19:57:57'),
(849, 122, 849, '65', '200', '300', 1, NULL, '2016-06-28 00:52:03', '2016-06-28 19:57:57'),
(850, 122, 850, '65', '200', '300', 1, NULL, '2016-06-28 00:52:03', '2016-06-28 19:57:57'),
(851, 122, 851, '65', '200', '300', 1, NULL, '2016-06-28 00:52:03', '2016-06-28 19:57:57'),
(852, 122, 852, '65', '200', '300', 1, NULL, '2016-06-28 00:52:03', '2016-06-28 19:57:57'),
(853, 122, 853, '65', '200', '300', 1, NULL, '2016-06-28 00:52:03', '2016-06-28 19:57:57'),
(854, 122, 854, '65', '200', '300', 1, NULL, '2016-06-28 00:52:03', '2016-06-28 19:57:57'),
(855, 122, 855, '65', '200', '300', 1, NULL, '2016-06-28 00:52:03', '2016-06-28 19:57:57'),
(856, 122, 856, '65', '200', '300', 1, NULL, '2016-06-28 00:52:03', '2016-06-28 19:57:57'),
(857, 122, 857, '65', '200', '300', 1, NULL, '2016-06-28 00:52:03', '2016-06-28 19:57:57'),
(858, 123, 858, '65', '200', '300', 1, NULL, '2016-06-28 00:52:03', '2016-06-28 19:57:57'),
(859, 123, 859, '65', '200', '300', 1, NULL, '2016-06-28 00:52:03', '2016-06-28 19:57:57'),
(860, 123, 860, '65', '200', '300', 1, NULL, '2016-06-28 00:52:03', '2016-06-28 19:57:57'),
(861, 123, 861, '65', '200', '300', 1, NULL, '2016-06-28 00:52:03', '2016-06-28 19:57:57'),
(862, 124, 862, '65', '200', '300', 1, NULL, '2016-06-28 00:52:03', '2016-06-28 19:57:57'),
(863, 124, 863, '65', '200', '300', 1, NULL, '2016-06-28 00:52:03', '2016-06-28 19:57:57'),
(864, 124, 864, '65', '200', '300', 1, NULL, '2016-06-28 00:52:03', '2016-06-28 19:57:57'),
(865, 124, 865, '65', '200', '300', 1, NULL, '2016-06-28 00:52:03', '2016-06-28 19:57:57'),
(866, 124, 866, '65', '200', '300', 1, NULL, '2016-06-28 00:52:03', '2016-06-28 19:57:57'),
(867, 125, 867, '65', '200', '300', 1, NULL, '2016-06-28 00:52:03', '2016-06-28 19:57:57'),
(868, 125, 868, '65', '200', '300', 1, NULL, '2016-06-28 00:52:03', '2016-06-28 19:57:57'),
(869, 125, 869, '65', '200', '300', 1, NULL, '2016-06-28 00:52:03', '2016-06-28 19:57:57'),
(870, 125, 870, '65', '200', '300', 1, NULL, '2016-06-28 00:52:03', '2016-06-28 19:57:57'),
(871, 125, 871, '65', '200', '300', 1, NULL, '2016-06-28 00:52:03', '2016-06-28 19:57:57'),
(872, 125, 872, '65', '200', '300', 1, NULL, '2016-06-28 00:52:03', '2016-06-28 19:57:57'),
(873, 125, 873, '65', '200', '300', 1, NULL, '2016-06-28 00:52:03', '2016-06-28 19:57:57'),
(874, 125, 874, '65', '200', '300', 1, NULL, '2016-06-28 00:52:03', '2016-06-28 19:57:57'),
(875, 125, 875, '65', '200', '300', 1, NULL, '2016-06-28 00:52:03', '2016-06-28 19:57:57'),
(876, 126, 876, '65', '200', '300', 1, NULL, '2016-06-28 00:52:03', '2016-06-28 19:57:57'),
(877, 126, 877, '65', '200', '300', 1, NULL, '2016-06-28 00:52:03', '2016-06-28 19:57:57'),
(878, 126, 878, '65', '200', '300', 1, NULL, '2016-06-28 00:52:03', '2016-06-28 19:57:57'),
(879, 126, 879, '65', '200', '300', 1, NULL, '2016-06-28 00:52:03', '2016-06-28 19:57:57'),
(880, 126, 880, '65', '200', '300', 1, NULL, '2016-06-28 00:52:03', '2016-06-28 19:57:57'),
(881, 126, 881, '65', '200', '300', 1, NULL, '2016-06-28 00:52:03', '2016-06-28 19:57:57'),
(882, 127, 882, '65', '200', '300', 1, NULL, '2016-06-28 00:52:03', '2016-06-28 19:57:57'),
(883, 127, 883, '65', '200', '300', 1, NULL, '2016-06-28 00:52:03', '2016-06-28 19:57:57'),
(884, 127, 884, '65', '200', '300', 1, NULL, '2016-06-28 00:52:03', '2016-06-28 19:57:57'),
(885, 127, 885, '65', '200', '300', 1, NULL, '2016-06-28 00:52:03', '2016-06-28 19:57:57'),
(886, 127, 886, '65', '200', '300', 1, NULL, '2016-06-28 00:52:03', '2016-06-28 19:57:57'),
(887, 127, 887, '65', '200', '300', 1, NULL, '2016-06-28 00:52:03', '2016-06-28 19:57:57'),
(888, 128, 888, '65', '200', '300', 1, NULL, '2016-06-28 00:52:03', '2016-06-28 19:57:57'),
(889, 128, 889, '65', '200', '300', 1, NULL, '2016-06-28 00:52:03', '2016-06-28 19:57:57'),
(890, 128, 890, '65', '200', '300', 1, NULL, '2016-06-28 00:52:03', '2016-06-28 19:57:57'),
(891, 128, 891, '65', '200', '300', 1, NULL, '2016-06-28 00:52:03', '2016-06-28 19:57:57'),
(892, 128, 892, '65', '200', '300', 1, NULL, '2016-06-28 00:52:03', '2016-06-28 19:57:57'),
(893, 128, 893, '65', '200', '300', 1, NULL, '2016-06-28 00:52:03', '2016-06-28 19:57:57'),
(894, 128, 894, '65', '200', '300', 1, NULL, '2016-06-28 00:52:03', '2016-06-28 19:57:57'),
(895, 128, 895, '65', '200', '300', 1, NULL, '2016-06-28 00:52:03', '2016-06-28 19:57:57'),
(896, 128, 896, '65', '200', '300', 1, NULL, '2016-06-28 00:52:03', '2016-06-28 19:57:57'),
(897, 128, 897, '65', '200', '300', 1, NULL, '2016-06-28 00:52:03', '2016-06-28 19:57:57'),
(898, 129, 898, '65', '200', '300', 1, NULL, '2016-06-28 00:52:03', '2016-06-28 19:57:57'),
(899, 129, 899, '65', '200', '300', 1, NULL, '2016-06-28 00:52:03', '2016-06-28 19:57:57'),
(900, 129, 900, '65', '200', '300', 1, NULL, '2016-06-28 00:52:03', '2016-06-28 19:57:57'),
(901, 129, 901, '65', '200', '300', 1, NULL, '2016-06-28 00:52:03', '2016-06-28 19:57:57'),
(902, 129, 902, '65', '200', '300', 1, NULL, '2016-06-28 00:52:03', '2016-06-28 19:57:57'),
(903, 129, 903, '65', '200', '300', 1, NULL, '2016-06-28 00:52:03', '2016-06-28 19:57:57'),
(904, 129, 904, '65', '200', '300', 1, NULL, '2016-06-28 00:52:03', '2016-06-28 19:57:57'),
(905, 130, 905, '65', '200', '300', 1, NULL, '2016-06-28 00:52:03', '2016-06-28 19:57:57'),
(906, 130, 906, '65', '200', '300', 1, NULL, '2016-06-28 00:52:03', '2016-06-28 19:57:57'),
(907, 130, 907, '65', '200', '300', 1, NULL, '2016-06-28 00:52:03', '2016-06-28 19:57:57'),
(908, 130, 908, '65', '200', '300', 1, NULL, '2016-06-28 00:52:03', '2016-06-28 19:57:57'),
(909, 130, 909, '65', '200', '300', 1, NULL, '2016-06-28 00:52:03', '2016-06-28 19:57:57'),
(910, 130, 910, '65', '200', '300', 1, NULL, '2016-06-28 00:52:03', '2016-06-28 19:57:57'),
(911, 130, 911, '65', '200', '300', 1, NULL, '2016-06-28 00:52:03', '2016-06-28 19:57:57'),
(912, 130, 912, '65', '200', '300', 1, NULL, '2016-06-28 00:52:03', '2016-06-28 19:57:57'),
(913, 130, 913, '65', '200', '300', 1, NULL, '2016-06-28 00:52:03', '2016-06-28 19:57:57'),
(914, 131, 914, '65', '200', '300', 1, NULL, '2016-06-28 00:52:03', '2016-06-28 19:57:57'),
(915, 131, 915, '65', '200', '300', 1, NULL, '2016-06-28 00:52:03', '2016-06-28 19:57:57'),
(916, 131, 916, '65', '200', '300', 1, NULL, '2016-06-28 00:52:03', '2016-06-28 19:57:57'),
(917, 131, 917, '65', '200', '300', 1, NULL, '2016-06-28 00:52:03', '2016-06-28 19:57:57'),
(918, 131, 918, '65', '200', '300', 1, NULL, '2016-06-28 00:52:03', '2016-06-28 19:57:57'),
(919, 131, 919, '65', '200', '300', 1, NULL, '2016-06-28 00:52:03', '2016-06-28 19:57:57'),
(920, 131, 920, '65', '200', '300', 1, NULL, '2016-06-28 00:52:03', '2016-06-28 19:57:57'),
(921, 131, 921, '65', '200', '300', 1, NULL, '2016-06-28 00:52:03', '2016-06-28 19:57:57'),
(922, 131, 922, '65', '200', '300', 1, NULL, '2016-06-28 00:52:03', '2016-06-28 19:57:57'),
(923, 131, 923, '65', '200', '300', 1, NULL, '2016-06-28 00:52:03', '2016-06-28 19:57:57'),
(924, 131, 924, '65', '200', '300', 1, NULL, '2016-06-28 00:52:03', '2016-06-28 19:57:57'),
(925, 131, 925, '65', '200', '300', 1, NULL, '2016-06-28 00:52:03', '2016-06-28 19:57:57'),
(926, 131, 926, '65', '200', '300', 1, NULL, '2016-06-28 00:52:03', '2016-06-28 19:57:57'),
(927, 131, 927, '65', '200', '300', 1, NULL, '2016-06-28 00:52:03', '2016-06-28 19:57:57'),
(928, 131, 928, '65', '200', '300', 1, NULL, '2016-06-28 00:52:03', '2016-06-28 19:57:57'),
(929, 131, 929, '65', '200', '300', 1, NULL, '2016-06-28 00:52:03', '2016-06-28 19:57:57'),
(930, 131, 930, '65', '200', '300', 1, NULL, '2016-06-28 00:52:03', '2016-06-28 19:57:57'),
(931, 131, 931, '65', '200', '300', 1, NULL, '2016-06-28 00:52:03', '2016-06-28 19:57:57'),
(932, 131, 932, '65', '200', '300', 1, NULL, '2016-06-28 00:52:03', '2016-06-28 19:57:57'),
(933, 131, 933, '65', '200', '300', 1, NULL, '2016-06-28 00:52:03', '2016-06-28 19:57:57'),
(934, 131, 934, '65', '200', '300', 1, NULL, '2016-06-28 00:52:03', '2016-06-28 19:57:57'),
(935, 131, 935, '65', '200', '300', 1, NULL, '2016-06-28 00:52:03', '2016-06-28 19:57:57'),
(936, 131, 936, '65', '200', '300', 1, NULL, '2016-06-28 00:52:03', '2016-06-28 19:57:57'),
(937, 131, 937, '65', '200', '300', 1, NULL, '2016-06-28 00:52:03', '2016-06-28 19:57:57'),
(938, 131, 938, '65', '200', '300', 1, NULL, '2016-06-28 00:52:03', '2016-06-28 19:57:57'),
(939, 131, 939, '65', '200', '300', 1, NULL, '2016-06-28 00:52:03', '2016-06-28 19:57:57'),
(940, 131, 940, '65', '200', '300', 1, NULL, '2016-06-28 00:52:03', '2016-06-28 19:57:57'),
(941, 131, 941, '65', '200', '300', 1, NULL, '2016-06-28 00:52:03', '2016-06-28 19:57:57'),
(942, 131, 942, '65', '200', '300', 1, NULL, '2016-06-28 00:52:03', '2016-06-28 19:57:57'),
(943, 131, 943, '65', '200', '300', 1, NULL, '2016-06-28 00:52:03', '2016-06-28 19:57:57'),
(944, 131, 944, '65', '200', '300', 1, NULL, '2016-06-28 00:52:03', '2016-06-28 19:57:57'),
(945, 132, 945, '65', '200', '300', 1, NULL, '2016-06-28 00:52:03', '2016-06-28 19:57:57'),
(946, 132, 946, '65', '200', '300', 1, NULL, '2016-06-28 00:52:03', '2016-06-28 19:57:57'),
(947, 132, 947, '65', '200', '300', 1, NULL, '2016-06-28 00:52:03', '2016-06-28 19:57:57'),
(948, 132, 948, '65', '200', '300', 1, NULL, '2016-06-28 00:52:03', '2016-06-28 19:57:57'),
(949, 132, 949, '65', '200', '300', 1, NULL, '2016-06-28 00:52:03', '2016-06-28 19:57:57'),
(950, 132, 950, '65', '200', '300', 1, NULL, '2016-06-28 00:52:03', '2016-06-28 19:57:57'),
(951, 132, 951, '65', '200', '300', 1, NULL, '2016-06-28 00:52:03', '2016-06-28 19:57:57'),
(952, 132, 952, '65', '200', '300', 1, NULL, '2016-06-28 00:52:03', '2016-06-28 19:57:57'),
(953, 132, 953, '65', '200', '300', 1, NULL, '2016-06-28 00:52:03', '2016-06-28 19:57:57'),
(954, 132, 954, '65', '200', '300', 1, NULL, '2016-06-28 00:52:03', '2016-06-28 19:57:57'),
(955, 132, 955, '65', '200', '300', 1, NULL, '2016-06-28 00:52:03', '2016-06-28 19:57:57'),
(956, 132, 956, '65', '200', '300', 1, NULL, '2016-06-28 00:52:03', '2016-06-28 19:57:57'),
(957, 132, 957, '65', '200', '300', 1, NULL, '2016-06-28 00:52:03', '2016-06-28 19:57:57'),
(958, 132, 958, '65', '200', '300', 1, NULL, '2016-06-28 00:52:03', '2016-06-28 19:57:57'),
(959, 132, 959, '65', '200', '300', 1, NULL, '2016-06-28 00:52:03', '2016-06-28 19:57:57'),
(960, 132, 960, '65', '200', '300', 1, NULL, '2016-06-28 00:52:03', '2016-06-28 19:57:57'),
(961, 132, 961, '65', '200', '300', 1, NULL, '2016-06-28 00:52:03', '2016-06-28 19:57:57'),
(962, 132, 962, '65', '200', '300', 1, NULL, '2016-06-28 00:52:03', '2016-06-28 19:57:57'),
(963, 132, 963, '65', '200', '300', 1, NULL, '2016-06-28 00:52:03', '2016-06-28 19:57:57'),
(964, 133, 964, '65', '200', '300', 1, NULL, '2016-06-28 00:52:03', '2016-06-28 19:57:57'),
(965, 133, 965, '65', '200', '300', 1, NULL, '2016-06-28 00:52:03', '2016-06-28 19:57:57'),
(966, 133, 966, '65', '200', '300', 1, NULL, '2016-06-28 00:52:03', '2016-06-28 19:57:57'),
(967, 133, 967, '65', '200', '300', 1, NULL, '2016-06-28 00:52:03', '2016-06-28 19:57:57'),
(968, 133, 968, '65', '200', '300', 1, NULL, '2016-06-28 00:52:03', '2016-06-28 19:57:57'),
(969, 134, 969, '65', '200', '300', 1, NULL, '2016-06-28 00:52:03', '2016-06-28 19:57:57'),
(970, 134, 970, '65', '200', '300', 1, NULL, '2016-06-28 00:52:03', '2016-06-28 19:57:57'),
(971, 134, 971, '65', '200', '300', 1, NULL, '2016-06-28 00:52:03', '2016-06-28 19:57:57'),
(972, 134, 972, '65', '200', '300', 1, NULL, '2016-06-28 00:52:03', '2016-06-28 19:57:57'),
(973, 134, 973, '65', '200', '300', 1, NULL, '2016-06-28 00:52:03', '2016-06-28 19:57:57'),
(974, 134, 974, '65', '200', '300', 1, NULL, '2016-06-28 00:52:03', '2016-06-28 19:57:57'),
(975, 135, 975, '65', '200', '300', 1, NULL, '2016-06-28 00:52:03', '2016-06-28 19:57:57'),
(976, 135, 976, '65', '200', '300', 1, NULL, '2016-06-28 00:52:03', '2016-06-28 19:57:57'),
(977, 135, 977, '65', '200', '300', 1, NULL, '2016-06-28 00:52:03', '2016-06-28 19:57:57'),
(978, 135, 978, '65', '200', '300', 1, NULL, '2016-06-28 00:52:03', '2016-06-28 19:57:57'),
(979, 135, 979, '65', '200', '300', 1, NULL, '2016-06-28 00:52:03', '2016-06-28 19:57:57'),
(980, 135, 980, '65', '200', '300', 1, NULL, '2016-06-28 00:52:03', '2016-06-28 19:57:57');

-- --------------------------------------------------------

--
-- Table structure for table `tst_admin_user`
--

CREATE TABLE IF NOT EXISTS `tst_admin_user` (
  `admin_user_id` int(10) NOT NULL,
  `admin_first_name` varchar(20) NOT NULL,
  `admin_last_name` varchar(20) NOT NULL,
  `admin_email` varchar(50) NOT NULL,
  `username` varchar(15) NOT NULL,
  `admin_address` varchar(100) NOT NULL,
  `admin_phone` varchar(15) NOT NULL,
  `current_password` varchar(32) NOT NULL,
  `old_password` varchar(32) NOT NULL,
  `admin_role` int(2) NOT NULL,
  `status` int(1) NOT NULL,
  `last_login` datetime NOT NULL,
  `last_log_out` datetime NOT NULL,
  `profile_picture` varchar(100) NOT NULL,
  `created` datetime NOT NULL,
  `modified` datetime NOT NULL
) ENGINE=InnoDB AUTO_INCREMENT=4 DEFAULT CHARSET=latin1;

--
-- Dumping data for table `tst_admin_user`
--

INSERT INTO `tst_admin_user` (`admin_user_id`, `admin_first_name`, `admin_last_name`, `admin_email`, `username`, `admin_address`, `admin_phone`, `current_password`, `old_password`, `admin_role`, `status`, `last_login`, `last_log_out`, `profile_picture`, `created`, `modified`) VALUES
(3, 'Nazmul', 'Islam', 'mamun@jb-hike.com', 'nazmul', 'japan', '08056555092', '161ebd7d45089b3446ee4e0d86dbcf92', '', 4, 1, '0000-00-00 00:00:00', '0000-00-00 00:00:00', '11.jpg', '2016-06-22 12:58:41', '2016-06-23 07:52:17');

-- --------------------------------------------------------

--
-- Table structure for table `tst_user`
--

CREATE TABLE IF NOT EXISTS `tst_user` (
  `user_id` int(11) NOT NULL,
  `company_name` varchar(200) DEFAULT NULL,
  `first_name` varchar(20) NOT NULL,
  `last_name` varchar(20) NOT NULL,
  `email_address` varchar(50) NOT NULL,
  `country` varchar(25) DEFAULT NULL,
  `address` varchar(100) NOT NULL,
  `mobile` varchar(15) NOT NULL,
  `home_phone` varchar(15) DEFAULT NULL,
  `postal_code` varchar(6) DEFAULT NULL,
  `status` int(1) NOT NULL,
  `current_password` varchar(32) NOT NULL,
  `old_password` varchar(32) NOT NULL,
  `date_of_birth` date DEFAULT NULL,
  `newsletter_notification` int(2) NOT NULL,
  `message_notification` int(2) NOT NULL,
  `last_loging` datetime NOT NULL,
  `ip_address` varchar(20) NOT NULL,
  `created` datetime NOT NULL,
  `modified` timestamp NOT NULL DEFAULT CURRENT_TIMESTAMP ON UPDATE CURRENT_TIMESTAMP
) ENGINE=InnoDB AUTO_INCREMENT=15 DEFAULT CHARSET=latin1;

--
-- Dumping data for table `tst_user`
--

INSERT INTO `tst_user` (`user_id`, `company_name`, `first_name`, `last_name`, `email_address`, `country`, `address`, `mobile`, `home_phone`, `postal_code`, `status`, `current_password`, `old_password`, `date_of_birth`, `newsletter_notification`, `message_notification`, `last_loging`, `ip_address`, `created`, `modified`) VALUES
(1, 'Exclusive Motors', 'Tarek', 'Raihan', 'tarek@yahoo.com', 'Bangladesh', 'G.P.F-43/8, Mohakhali, Wireless Gate, Dhaka', '01911222952', '9880663', '1212', 1, 'e10adc3949ba59abbe56e057f20f883e', '', '2000-01-01', 1, 0, '2016-12-03 06:31:08', '122.144.10.98', '0000-00-00 00:00:00', '2017-01-17 07:41:52'),
(5, NULL, 'abu', 'saleh', 'abusaleh.manik@yahoo.com', 'Bangladesh', 'deshipara, salna, joydebpur, gazipur', '01920849192', '', '1700', 1, '10ca2f961c041db4994a39bf31e523cf', '', '1978-07-15', 0, 0, '2016-07-11 08:05:46', '223.27.95.134', '2016-06-14 08:05:38', '2016-07-11 07:05:46'),
(6, NULL, 'Atlantic', 'Trading Ltd.', 'hemel_mad@hotmail.com', 'Bangladesh', 'Plot#5, Road#8, Nasirabad Properties Ltd., Chittagong', '+8801975218318', '+8801914919897', '4202', 1, '8eeaeb97c302e980ec883a251445c7ac', '', '1987-12-31', 0, 0, '0000-00-00 00:00:00', '', '2016-06-19 08:17:10', '2016-06-19 19:17:10'),
(7, 'Index Group', 'Saiful', 'Islam', 'tarekraihan@yahoo.com', 'Bangladesh', 'Vill: Shimulia, Post: Lemubary, P/S+ Dist: Manikganj', '01911222952', '9880663', '1800', 1, '96e79218965eb72c92a549dd5a330112', 'e10adc3949ba59abbe56e057f20f883e', '2001-07-19', 1, 0, '2017-01-17 07:43:10', '122.144.10.98', '2016-06-21 09:18:26', '2017-01-17 07:43:10'),
(8, NULL, 'Nazmul', 'Islam', 'ngaz05@gmail.com', 'Bangladesh', 'Dhaka', '01675060037', '01675060037', '1212', 1, 'e10adc3949ba59abbe56e057f20f883e', '', '2005-01-01', 1, 0, '2016-10-04 03:59:09', '61.26.58.130', '2016-06-22 04:15:05', '2016-10-04 14:59:09'),
(9, NULL, '', '', 'ashrafrobinbd@gmail.com', NULL, '', '', NULL, NULL, 0, '', '', NULL, 0, 0, '0000-00-00 00:00:00', '', '0000-00-00 00:00:00', '2016-08-27 22:12:25'),
(10, NULL, 'Nirob', 'fas', 'mmislam1994@gmail.com', 'Bangladesh', 'dhaka', '+8801761025465', '', '1212', 1, 'e10adc3949ba59abbe56e057f20f883e', '', '1985-06-06', 0, 0, '2016-10-15 02:41:16', '202.84.33.151', '2016-10-15 02:40:57', '2016-10-15 13:41:16'),
(11, NULL, '', '', 'milkymohammad@gmail.com', NULL, '', '', NULL, NULL, 0, '', '', NULL, 0, 0, '0000-00-00 00:00:00', '', '0000-00-00 00:00:00', '2016-10-17 06:28:09'),
(12, NULL, 'Faruk', 'Sikder', 'mfsikder@gmail.com', 'Bangladesh', '6/3, BL # C, TAJHAHAL ROAD, MOHAMMADPUR, DHAKA', '+8801911722138', '', '1207', 1, 'e8665ed21aec6e35c830dda4f8a8795d', '', '1980-02-01', 1, 0, '2016-11-26 04:55:24', '203.202.247.130', '2016-11-26 04:54:41', '2016-11-26 04:58:30'),
(13, NULL, '', '', 'pappucse21@gmail.com', NULL, '', '', NULL, NULL, 0, '', '', NULL, 0, 0, '0000-00-00 00:00:00', '', '0000-00-00 00:00:00', '2017-02-12 15:23:52'),
(14, NULL, 'al', 'mamun', 'mamun@kkdestiny.com', 'Bangladesh', 'test', '432432', '4322432', '423', 1, '161ebd7d45089b3446ee4e0d86dbcf92', '', '2004-12-27', 1, 0, '2017-05-17 09:33:31', '36.3.108.163', '2017-05-16 10:08:16', '2017-05-18 02:33:31');

--
-- Indexes for dumped tables
--

--
-- Indexes for table `admin_user_role`
--
ALTER TABLE `admin_user_role`
  ADD PRIMARY KEY (`role_id`);

--
-- Indexes for table `tbl_attachment`
--
ALTER TABLE `tbl_attachment`
  ADD PRIMARY KEY (`id`);

--
-- Indexes for table `tbl_body_style`
--
ALTER TABLE `tbl_body_style`
  ADD PRIMARY KEY (`id`);

--
-- Indexes for table `tbl_category`
--
ALTER TABLE `tbl_category`
  ADD PRIMARY KEY (`category_id`);

--
-- Indexes for table `tbl_company_information`
--
ALTER TABLE `tbl_company_information`
  ADD PRIMARY KEY (`company_id`);

--
-- Indexes for table `tbl_country`
--
ALTER TABLE `tbl_country`
  ADD PRIMARY KEY (`id`);

--
-- Indexes for table `tbl_country_port`
--
ALTER TABLE `tbl_country_port`
  ADD PRIMARY KEY (`id`);

--
-- Indexes for table `tbl_dollar_price`
--
ALTER TABLE `tbl_dollar_price`
  ADD PRIMARY KEY (`id`);

--
-- Indexes for table `tbl_engine_type`
--
ALTER TABLE `tbl_engine_type`
  ADD PRIMARY KEY (`id`);

--
-- Indexes for table `tbl_favorite`
--
ALTER TABLE `tbl_favorite`
  ADD PRIMARY KEY (`fevourite_id`);

--
-- Indexes for table `tbl_make`
--
ALTER TABLE `tbl_make`
  ADD PRIMARY KEY (`make_id`);

--
-- Indexes for table `tbl_message`
--
ALTER TABLE `tbl_message`
  ADD PRIMARY KEY (`message_id`);

--
-- Indexes for table `tbl_model`
--
ALTER TABLE `tbl_model`
  ADD PRIMARY KEY (`model_id`);

--
-- Indexes for table `tbl_order_list`
--
ALTER TABLE `tbl_order_list`
  ADD PRIMARY KEY (`id`);

--
-- Indexes for table `tbl_product`
--
ALTER TABLE `tbl_product`
  ADD PRIMARY KEY (`product_id`);

--
-- Indexes for table `tbl_product_old`
--
ALTER TABLE `tbl_product_old`
  ADD PRIMARY KEY (`product_id`);

--
-- Indexes for table `tbl_transmission`
--
ALTER TABLE `tbl_transmission`
  ADD PRIMARY KEY (`id`);

--
-- Indexes for table `tbl_transportation_cost`
--
ALTER TABLE `tbl_transportation_cost`
  ADD PRIMARY KEY (`id`);

--
-- Indexes for table `tst_admin_user`
--
ALTER TABLE `tst_admin_user`
  ADD PRIMARY KEY (`admin_user_id`);

--
-- Indexes for table `tst_user`
--
ALTER TABLE `tst_user`
  ADD PRIMARY KEY (`user_id`);

--
-- AUTO_INCREMENT for dumped tables
--

--
-- AUTO_INCREMENT for table `admin_user_role`
--
ALTER TABLE `admin_user_role`
  MODIFY `role_id` int(10) NOT NULL AUTO_INCREMENT,AUTO_INCREMENT=5;
--
-- AUTO_INCREMENT for table `tbl_attachment`
--
ALTER TABLE `tbl_attachment`
  MODIFY `id` int(10) NOT NULL AUTO_INCREMENT,AUTO_INCREMENT=1496;
--
-- AUTO_INCREMENT for table `tbl_body_style`
--
ALTER TABLE `tbl_body_style`
  MODIFY `id` int(10) NOT NULL AUTO_INCREMENT,AUTO_INCREMENT=9;
--
-- AUTO_INCREMENT for table `tbl_category`
--
ALTER TABLE `tbl_category`
  MODIFY `category_id` int(10) NOT NULL AUTO_INCREMENT,AUTO_INCREMENT=9;
--
-- AUTO_INCREMENT for table `tbl_company_information`
--
ALTER TABLE `tbl_company_information`
  MODIFY `company_id` int(10) NOT NULL AUTO_INCREMENT,AUTO_INCREMENT=2;
--
-- AUTO_INCREMENT for table `tbl_country`
--
ALTER TABLE `tbl_country`
  MODIFY `id` int(10) NOT NULL AUTO_INCREMENT,AUTO_INCREMENT=136;
--
-- AUTO_INCREMENT for table `tbl_country_port`
--
ALTER TABLE `tbl_country_port`
  MODIFY `id` int(10) NOT NULL AUTO_INCREMENT,AUTO_INCREMENT=981;
--
-- AUTO_INCREMENT for table `tbl_dollar_price`
--
ALTER TABLE `tbl_dollar_price`
  MODIFY `id` int(10) NOT NULL AUTO_INCREMENT,AUTO_INCREMENT=2;
--
-- AUTO_INCREMENT for table `tbl_engine_type`
--
ALTER TABLE `tbl_engine_type`
  MODIFY `id` int(10) NOT NULL AUTO_INCREMENT,AUTO_INCREMENT=9;
--
-- AUTO_INCREMENT for table `tbl_favorite`
--
ALTER TABLE `tbl_favorite`
  MODIFY `fevourite_id` int(10) NOT NULL AUTO_INCREMENT,AUTO_INCREMENT=6;
--
-- AUTO_INCREMENT for table `tbl_make`
--
ALTER TABLE `tbl_make`
  MODIFY `make_id` int(10) NOT NULL AUTO_INCREMENT,AUTO_INCREMENT=33;
--
-- AUTO_INCREMENT for table `tbl_message`
--
ALTER TABLE `tbl_message`
  MODIFY `message_id` int(10) NOT NULL AUTO_INCREMENT;
--
-- AUTO_INCREMENT for table `tbl_model`
--
ALTER TABLE `tbl_model`
  MODIFY `model_id` int(10) NOT NULL AUTO_INCREMENT,AUTO_INCREMENT=540;
--
-- AUTO_INCREMENT for table `tbl_order_list`
--
ALTER TABLE `tbl_order_list`
  MODIFY `id` int(10) NOT NULL AUTO_INCREMENT,AUTO_INCREMENT=10;
--
-- AUTO_INCREMENT for table `tbl_product`
--
ALTER TABLE `tbl_product`
  MODIFY `product_id` int(10) NOT NULL AUTO_INCREMENT,AUTO_INCREMENT=198;
--
-- AUTO_INCREMENT for table `tbl_product_old`
--
ALTER TABLE `tbl_product_old`
  MODIFY `product_id` int(10) NOT NULL AUTO_INCREMENT,AUTO_INCREMENT=4;
--
-- AUTO_INCREMENT for table `tbl_transmission`
--
ALTER TABLE `tbl_transmission`
  MODIFY `id` int(10) NOT NULL AUTO_INCREMENT,AUTO_INCREMENT=13;
--
-- AUTO_INCREMENT for table `tbl_transportation_cost`
--
ALTER TABLE `tbl_transportation_cost`
  MODIFY `id` int(10) NOT NULL AUTO_INCREMENT,AUTO_INCREMENT=981;
--
-- AUTO_INCREMENT for table `tst_admin_user`
--
ALTER TABLE `tst_admin_user`
  MODIFY `admin_user_id` int(10) NOT NULL AUTO_INCREMENT,AUTO_INCREMENT=4;
--
-- AUTO_INCREMENT for table `tst_user`
--
ALTER TABLE `tst_user`
  MODIFY `user_id` int(11) NOT NULL AUTO_INCREMENT,AUTO_INCREMENT=15;
/*!40101 SET CHARACTER_SET_CLIENT=@OLD_CHARACTER_SET_CLIENT */;
/*!40101 SET CHARACTER_SET_RESULTS=@OLD_CHARACTER_SET_RESULTS */;
/*!40101 SET COLLATION_CONNECTION=@OLD_COLLATION_CONNECTION */;
